            0.299971 0 0 0 1.09173e-05 0.000189145 0.000173423 0 0 0   -0.011 -0.02329  0.04412 -0.000598714   0.00304531   0.00158172 0.00278369 0.00148048 -0.0105618 0 0 0  -0.16947 -0.133433  -9.80663 
            0.399303 -0.0824233 -0.0172909 -0.0415317  0.00382034   0.0125994 -0.00539026 0 0 0   -0.011 -0.02329  0.04412 -0.00226417   0.0100508 0.000441364 0.00278369  0.0014805 -0.0105618 -7.58399e-08 -2.17384e-07  1.07704e-07 -0.169469 -0.133433  -9.80663 
             0.50029 -0.00527923  -0.0537943   0.0495208 -0.00262135  0.00498096  -0.0143562 0 0 0   -0.011 -0.02329  0.04412 -0.0353194 -0.0316553 -0.0435851 0.00252821 0.00159903   -0.01087 7.84431e-06 1.06849e-05 1.17098e-05 -0.169477 -0.133443  -9.80663 
            0.600338 -0.0425726 -0.0609057 -0.0539381 0.00438702 0.00670323 -0.0238164 0 0 0   -0.011 -0.02329  0.04412 0.00406289 -0.0119192 -0.0628925 0.00265868 0.00163969 -0.0105034  -0.00240448 -0.000725529   0.00141041 -0.167133 -0.132718  -9.80668 
            0.698511 -0.0150959  -0.017944  0.0192014 0.00499438 0.00919774 -0.0204455 0 0 0   -0.011 -0.02329  0.04412 0.00519178 0.00429578 -0.0285136 0.00258533 0.00145456 -0.0107072 -0.00378689 -0.00315821   -0.011328 -0.166025 -0.130539  -9.80673 
            0.800747 -0.00753551  -0.0604156 0.000381676 0.00773103 0.00440907 -0.0177186 0 0 0   -0.011 -0.02329  0.04412   0.0137152  -0.0122691 -0.00778398 0.00256865 0.00149722 -0.0106929 -0.00868598  0.00336825  -0.0248889 -0.161549 -0.136988  -9.80671 
            0.898814 -0.0398127 -0.0182092  0.0590477 0.00983833 0.00171852 -0.0105066 0 0 0   -0.011 -0.02329  0.04412  0.0188049 -0.0151506  0.0244859 0.00266168 0.00134923 -0.0108776 -0.0115252 0.00593731 -0.0488898 -0.159225 -0.139763  -9.80671 
             1.00381 0.00443045 -0.0448557  0.0132678   0.0101541  0.00934947 -0.00788676 0 0 0   -0.011 -0.02329  0.04412    0.0143 0.0156439 0.0294152 0.00258629 0.00143568 -0.0107439 -0.00804607  -0.0118118  -0.0486472 -0.162582 -0.122692  -9.80689 
             1.10037    -0.02926  -0.0325383 -0.00213402  0.00929904  0.00977066 -0.00468667 0 0 0   -0.011 -0.02329  0.04412 0.00665138  0.0185807  0.0348477 0.00268096 0.00141397 -0.0107005 -0.00363058 -0.00907936  -0.0486212 -0.166829 -0.125315  -9.80678 
             1.19911  0.0293763 -0.0253185 -0.0917395  0.00934754   0.0217951 -0.00777757 0 0 0   -0.011 -0.02329  0.04412 0.00265716  0.0572102  0.0154267 0.00262923 0.00140414 -0.0105254 -0.00208748  -0.0267945  -0.0288614 -0.167989 -0.108034  -9.80697 
             1.30062  -0.011384  -0.019123 -0.0160457 0.00642747  0.0200757 -0.0105279 0 0 0   -0.011 -0.02329  0.04412  -0.010732  0.0387527 0.00216373 0.00268848   0.001397 -0.0107048 0.00298695 -0.0147453 -0.0175827 -0.172695 -0.119479  -9.80675 
             1.40093 0.00284241 -0.0569548  -0.052865 0.00707799  0.0205822 -0.0131547 0 0 0   -0.011 -0.02329  0.04412 -0.00811185   0.0314139 -0.00568551 0.00264721 0.00148893  -0.010593 0.000518041 -0.00985491  -0.0109402 -0.170209 -0.124107  -9.80674 
             1.49956 -0.0262664 -0.0555091 -0.0157416 0.00571331  0.0227192  -0.014148 0 0 0   -0.011 -0.02329  0.04412  -0.0124677   0.0304525 -0.00579665 0.00273208 0.00148343 -0.0106976  0.00123403 -0.00833394 -0.00986011 -0.170877 -0.125558  -9.80671 
             1.60319 0.00238443  0.0130544  0.0101569 0.00505332  0.0169422 -0.0108483 0 0 0   -0.011 -0.02329  0.04412 -0.0096058 0.00560162  0.0090041 0.00265784 0.00129272 -0.0107545 0.000532878  0.00229817  -0.0178292 -0.170339 -0.135862  -9.80658 
             1.70062 -0.0186265  0.0360249    0.02914  0.00575349  0.00901085 -0.00780911 0 0 0   -0.011 -0.02329  0.04412 -0.00308529  -0.0200711   0.0187011 0.00274746 0.00124665 -0.0107963 -0.00141048   0.0119239  -0.0219225 -0.168535 -0.145156  -9.80648 
             1.80058 -0.00797343 0.000384227    0.046965 0.00362176 0.00553582 -0.0046921 0 0 0   -0.011 -0.02329  0.04412 -0.00825687  -0.0247414   0.0253644 0.00273389 0.00132766 -0.0108417 0.000403708   0.0134834   -0.023956  -0.17031 -0.146681  -9.80642 
             1.90005   0.0211802   0.0231179 -0.00419256  0.00118875   0.0128295 -0.00767538 0 0 0   -0.011 -0.02329  0.04412 -0.0134051 0.00379067 0.00874966 0.00260308   0.001255 -0.0107211 0.00214993 0.00414332 -0.0135552 -0.171819 -0.137555  -9.80653 
              2.0069 -0.000678087    0.0450518   -0.0266504  0.00213123   0.0132199 -0.00538906 0 0 0   -0.011 -0.02329  0.04412 -0.00772723  0.00691173   0.0154258 0.00265523 0.00121018 -0.0106741 -4.06555e-05   0.00413472   -0.0159246 -0.169753 -0.137592  -9.80657 
             2.10637 0.00693539  0.0280594 -0.0562168  0.00485553   0.0192325 -0.00957264 0 0 0   -0.011 -0.02329  0.04412  0.00191805   0.0254384 -0.00214529 0.00264047 0.00124563 -0.0106165  -0.00294367 -7.56648e-05  -0.00696885 -0.166818 -0.133411  -9.80667 
             2.20064 -0.00827861   0.0569507  -0.0922508  0.00268045    0.021486 -0.00852082 0 0 0   -0.011 -0.02329  0.04412 -0.00491586   0.0272589  0.00317315 0.00267836 0.00117743 -0.0105243 -0.00100844 0.000173485  -0.0086092   -0.1687 -0.133668  -9.80664 
             2.29985   0.0161169   0.0126157 -0.00277267 0.00404387  0.0243186 -0.0106803 0 0 0   -0.011 -0.02329  0.04412 -0.000749715    0.0265972  -0.00397864 0.00262837 0.00126909 -0.0107375 -0.00235749 2.58753e-05 -0.00514886 -0.167356  -0.13348  -9.80666 
             2.39993 -0.00613594   0.0261617   -0.032354  0.00821772   0.0205846 -0.00839608 0 0 0   -0.011 -0.02329  0.04412  0.0127393 0.00782709 0.00641987 0.00265954 0.00122183 -0.0106674 -0.00545633  0.00443055 -0.00886696 -0.164461 -0.137778  -9.80665 
             2.49952 0.00886435  0.0164375  0.0407734 0.00915197  0.0156852 -0.0108679 0 0 0   -0.011 -0.02329  0.04412    0.011882 -0.00987772 -0.00312062 0.00260528 0.00124646 -0.0108466 -0.00509094  0.00824948 -0.00463999 -0.164774 -0.141375   -9.8066 
             2.60066  0.039215 0.0847892   0.12764 0.00381395  0.0124997 -0.0088652 0 0 0   -0.011 -0.02329  0.04412 -0.00444623  -0.0176851   0.0050784 0.00253078 0.00108602 -0.0110624 -0.000560336   0.00969435  -0.00732912 -0.169157 -0.142779   -9.8065 
             2.69701 0.00860083  0.0640511 -0.0319952  0.00375125   0.0139662 -0.00810197 0 0 0   -0.011 -0.02329  0.04412 -0.00233194 -0.00895942  0.00694432 0.00259706 0.00113738 -0.0106602 -0.000857777   0.00767573  -0.00758226 -0.168871  -0.14085  -9.80653 
             2.79928  0.0227013  0.0454625 0.00449609 0.00179472  0.0190815 -0.0111255 0 0 0   -0.011 -0.02329  0.04412 -0.00819483  0.00803306 -0.00418959 0.00254569 0.00117614 -0.0107512  0.00031033  0.00399586 -0.00274496 -0.169927 -0.137242  -9.80657 
              2.9007 0.00147633  0.0342488  -0.011013  0.00347793    0.015589 -0.00982645 0 0 0   -0.011 -0.02329  0.04412 -0.00126376 -0.00328502  0.00250394  0.0026191 0.00121262 -0.0107183 -0.00142641  0.00659541 -0.00490975 -0.168294 -0.139771  -9.80656 
             2.99938 0.00480943  0.0540514  0.0725198  0.00448127   0.0156315 -0.00787679 0 0 0   -0.011 -0.02329  0.04412  0.00199297 -0.00123484  0.00921154 0.00261614 0.00117499 -0.0108905 -0.00219365  0.00633445 -0.00690871 -0.167585 -0.139558  -9.80658 
             3.09961  0.0103247  0.0789295 -0.0499863  0.00301351   0.0153389 -0.00674436 0 0 0   -0.011 -0.02329  0.04412 -0.00746142  0.00174213   0.0114302 0.00260205 0.00111565 -0.0106002 -0.00122026  0.00637739 -0.00703694 -0.168518   -0.1396  -9.80656 
              3.1996  0.0397164  0.0385828 -0.0340693 0.00174362  0.0168704 -0.0085405 0 0 0   -0.011 -0.02329  0.04412 -0.00959076  0.00484496  0.00251503 0.00258645 0.00115831 -0.0106123 -0.000834037   0.00562978  -0.00394771 -0.168847 -0.138832  -9.80656 
             3.29904 0.00673381  0.0405686 -0.0338269  0.00171934   0.0164695 -0.00985577 0 0 0   -0.011 -0.02329  0.04412 -0.00710797   0.0029676 -0.00220889 0.00265065 0.00115118 -0.0106117 -0.00119983  0.00606291 -0.00270708 -0.168484 -0.139226  -9.80656 
              3.3998 0.0196709 0.0411161   0.04517  0.00056359   0.0129992 -0.00971597 0 0 0   -0.011 -0.02329  0.04412  -0.00799903  -0.00983763 -0.000470204  0.0026064 0.00115374 -0.0107685 -0.000995506   0.00747803  -0.00292401 -0.168688  -0.14058  -9.80654 
              3.4998 -0.0207454  0.0614937  0.0580265 0.000548344   0.0154298 -0.00821515 0 0 0   -0.011 -0.02329  0.04412 -0.00449091 0.000631886  0.00528758 0.00271264 0.00111066 -0.0107987 -0.00128497  0.00628209 -0.00408109 -0.168421 -0.139461  -9.80656 
             3.59985 0.0336031 0.0414977 0.0163076 0.00531703  0.0115344 -0.0084625 0 0 0   -0.011 -0.02329  0.04412  0.0121158  -0.011204 0.00399672 0.00261856 0.00115657 -0.0107183 -0.00339647  0.00779377 -0.00357674 -0.166408 -0.140902  -9.80658 
             3.69956 0.0273127 0.0456902 0.0169576 0.00656232  0.0158498 -0.0100782 0 0 0   -0.011 -0.02329  0.04412   0.0134476  0.00501759 -0.00156604 0.00261619 0.00114964 -0.0107175 -0.00336791  0.00570536  -0.0017788 -0.166408 -0.138883   -9.8066 
              3.7983 0.0179309 0.0153356  0.054362 0.00516979  0.0104558  -0.010691 0 0 0   -0.011 -0.02329  0.04412  0.00523637 -0.00978958 -0.00274773  0.0026494 0.00119322 -0.0107994 -0.00219064  0.00807309 -0.00122059 -0.167524 -0.141127  -9.80655 
             3.89564  0.0279797  0.0486425 0.00374113  0.00380314   0.0227167 -0.00992275 0 0 0   -0.011 -0.02329  0.04412 0.000245427   0.0269996  0.00128585 0.00259235 0.00111995 -0.0106995 -0.00125646  0.00264428 -0.00205852 -0.168425 -0.135975  -9.80661 
             4.00172 -0.00189454   0.0368595  -0.0070637 -0.00165153   0.0226802   -0.011747 0 0 0   -0.011 -0.02329  0.04412  -0.0186951    0.020701 -0.00498952 0.00265701  0.0011309  -0.010679   0.00114021   0.00372514 -0.000168135 -0.170679  -0.13697  -9.80656 
              4.0992 0.0216602 0.0640651 0.0080709 0.000687559   0.0236652 -0.00953156 0 0 0   -0.011 -0.02329  0.04412 -0.00452144   0.0159918  0.00487936 0.00261673 0.00108286 -0.0107012 -0.000616077   0.00415132  -0.00245246  -0.16904 -0.137414  -9.80658 
             4.21339  0.0196951  0.0241976 -0.0873701 0.00268895  0.0236164 -0.0120145 0 0 0   -0.011 -0.02329  0.04412  0.00149228   0.0102554 -0.00428607 0.00261725 0.00113822 -0.0105716  -0.00163208   0.00483753 -0.000235747 -0.168044 -0.138029  -9.80659 
             4.29924  0.0129494  0.0317662 -0.0392227 0.00292247  0.0199885 -0.0107239 0 0 0   -0.011 -0.02329  0.04412  0.00412718 -0.00441264  0.00176616 0.00261559 0.00113143 -0.0106417 -0.00163802  0.00646259 -0.00135207 -0.168057 -0.139591  -9.80657 
             4.40364  0.0116886  0.0342361 -0.0110131  0.00416018   0.0190155 -0.00886749 0 0 0   -0.011 -0.02329  0.04412  0.00753861 -0.00692919  0.00811547 0.00261795 0.00112793 -0.0106882 -0.00191199   0.0066372 -0.00237103 -0.167812 -0.139775  -9.80657 
             4.50094  0.0202559  0.0339026 -0.0106088  0.00382324   0.0163704 -0.00943721 0 0 0   -0.011 -0.02329  0.04412 0.00518508 -0.0128062 0.00411313 0.00259443 0.00113412  -0.010683  -0.0015618  0.00726004 -0.00144316 -0.168136 -0.140346  -9.80655 
             4.59946 0.0229583 0.0686508 0.0271231  0.00265475   0.0157408 -0.00870842 0 0 0   -0.011 -0.02329  0.04412 0.000865555 -0.00994752  0.00569534 0.00259556 0.00106942 -0.0107637 -0.0010239 0.00707207 -0.0015933 -0.168646 -0.140165  -9.80655 
             4.69746  0.0404612  0.0506504 -0.0484915 0.00363533   0.019856 -0.0115048 0 0 0   -0.011 -0.02329  0.04412  0.00326947  0.00416049 -0.00454684 0.00257364  0.0010978 -0.0106139 -0.00125191  0.00546259 0.000760464 -0.168384 -0.138603  -9.80658 
             4.79948  0.0209043  0.0373627 -0.0117496 0.00401642  0.0205107  -0.011226 0 0 0   -0.011 -0.02329  0.04412  0.00260686  0.00518485 -0.00177806 0.00261614 0.00112304 -0.0106896 -0.00130322  0.00536438 0.000237514 -0.168341  -0.13852  -9.80658 
             4.90295 0.00782328  0.0662838 -0.0470572  0.00473304   0.0203971 -0.00738234 0 0 0   -0.011 -0.02329  0.04412 0.00564061 0.00418522  0.0118657 0.00264608 0.00107242 -0.0106231 -0.00146571  0.00553202 -0.00271378 -0.168226 -0.138735  -9.80658 
             4.99943   0.0402859   0.0214934 -0.00425978   0.0049631   0.0200299 -0.00824522 0 0 0   -0.011 -0.02329  0.04412  0.00221883 0.000880952  0.00571676 0.00260207 0.00114223 -0.0106874 -0.00134085  0.00579434  -0.0012057 -0.168328 -0.138954  -9.80657 
             5.10163  0.0148911  0.0793277 -0.0116683  0.00453114    0.022539 -0.00568937 0 0 0   -0.011 -0.02329  0.04412   0.001416 0.00712434  0.0127578 0.00263505 0.00104883 -0.0106703 -0.0010814 0.00501271 -0.0024995 -0.168582 -0.138237  -9.80658 
             5.19969 0.0290261 0.0708896 0.0397153 0.00122819  0.0156051 -0.0049827 0 0 0   -0.011 -0.02329  0.04412 -0.00829853  -0.0140658   0.0111991 0.00264205 0.00105373 -0.0107635  1.0527e-05  0.00737465 -0.00204811 -0.169624 -0.140448  -9.80653 
             5.29972  0.0367986  0.0522314 -0.0124857  0.00150301   0.0182077 -0.00900436 0 0 0   -0.011 -0.02329  0.04412  -0.0042867 -0.00553267 -0.00519066 0.00261258 0.00108936 -0.0106812 -0.000284499   0.00620136   0.00106687 -0.169303 -0.139289  -9.80655 
             5.40272 0.0103153 0.0881083 0.0174561 0.00259328  0.0152611 -0.0083472 0 0 0   -0.011 -0.02329  0.04412   0.00150795   -0.0132909 -0.000840538 0.00267064 0.00104783 -0.0107322 -0.000781218   0.00685895   0.00034059 -0.168846 -0.139923  -9.80655 
             5.49844 0.0241387 0.0675536  -0.11136  0.00350061   0.0162929 -0.00959521 0 0 0   -0.011 -0.02329  0.04412  0.00457271 -0.00707939 -0.00403066 0.00263907   0.001086 -0.0105619  -0.0010079  0.00621205 0.000993049 -0.168624 -0.139304  -9.80656 
              5.5996  0.019609 0.0537116 0.0245731   0.0021992    0.017823 -0.00847194 0 0 0   -0.011 -0.02329  0.04412 -0.000654224  1.55595e-06   0.00141463 0.00262973 0.00110397 -0.0108105 -0.000551668   0.00560362  0.000198972 -0.169058 -0.138744  -9.80656 
             5.69972  0.0410126  0.0415424 -0.0213638  0.00200462   0.0175657 -0.00863057 0 0 0   -0.011 -0.02329  0.04412  -0.00112761 -0.000677167   0.00114069 0.00259354 0.00112542 -0.0107261 -0.000506349   0.00563017  0.000389736 -0.169099 -0.138765  -9.80656 
             5.79978 0.0190966 0.0580592 0.0309172 0.00155961  0.0172947 -0.0065547 0 0 0   -0.011 -0.02329  0.04412 -0.00185403 -0.00176541  0.00854396 0.00263775 0.00108947 -0.0108148 -0.000399166   0.00564954 -0.000697334 -0.169211 -0.138802  -9.80656 
             5.90026 0.0261666 0.0341165 0.0219157 0.00302382  0.0166775 -0.0097185 0 0 0   -0.011 -0.02329  0.04412 0.000431034 -0.00533237 -0.00346043 0.00263118 0.00114349 -0.0107978 -0.000807432   0.00576669    0.0017047 -0.168801 -0.138871  -9.80656 
             5.99744 0.0343892 0.0321524   0.02243 0.00363499  0.0179619 -0.0102223 0 0 0   -0.011 -0.02329  0.04412  0.00412661 -0.00284418 -0.00344595 0.00260853 0.00110643 -0.0107782 -0.000833077    0.0052506   0.00178822 -0.168774 -0.138387  -9.80657 
             6.09974 0.0192321 0.0343575 0.0179269 0.00680171  0.0170452  -0.010308 0 0 0   -0.011 -0.02329  0.04412   0.0156858 -0.00309605 -0.00213347 0.00262512 0.00111744 -0.0107806 -0.00160343  0.00543092  0.00163311 -0.168056 -0.138558  -9.80658 
             6.20086   0.0460894   0.0253058 0.000159544  0.00334941   0.0139254 -0.00752897 0 0 0   -0.011 -0.02329  0.04412 -0.00272121  -0.0113156  0.00696336 0.00260156 0.00110847 -0.0107584 -0.000323759   0.00610141  0.000192431 -0.169272 -0.139213  -9.80655 
             6.30132  0.0552602  0.0657132 -0.0177503  0.00264227   0.0203656 -0.00697684 0 0 0   -0.011 -0.02329  0.04412 0.00128584  0.0109512 0.00426652 0.00260668 0.00105679 -0.0107354 -0.000169778   0.00442354   0.00024011 -0.169419 -0.137646  -9.80657 
             6.40173  0.0383311  0.0620164 -0.0161757  0.00229661   0.0195981 -0.00401557 0 0 0   -0.011 -0.02329  0.04412 0.00128814 0.00327114  0.0141425 0.00261483 0.00106231 -0.0107391 -0.000125632   0.00480756 -0.000830106 -0.169476 -0.138024  -9.80656 
              6.4998  0.0404352 0.00577784 -0.0140735  0.00195067   0.0189795 -0.00432133 0 0 0   -0.011 -0.02329  0.04412 -0.00332493  0.00357871  0.00889878 0.00260622 0.00115489 -0.0107421 -2.67753e-05    0.0050266 -5.96088e-05 -0.169558 -0.138213  -9.80656 
             6.60083 0.0135763 0.0186448 -0.036099  0.00300003   0.0249051 -0.00810197 0 0 0   -0.011 -0.02329  0.04412  0.00286992   0.0191984 -0.00553777   0.002681 0.00112494 -0.0106964 -0.000267535   0.00383513   0.00212352   -0.1693 -0.137061  -9.80658 
             6.69981  0.0350825 -0.0116359  -0.013853 0.00114677  0.0219889 -0.0123093 0 0 0   -0.011 -0.02329  0.04412 -0.00618282  -0.0058904  -0.0142878 0.00263183 0.00116963 -0.0107324 0.000279324  0.00482781  0.00406958 -0.169781 -0.137943  -9.80656 
              6.8028  0.0523214  0.0321121 -0.0412509  0.00218964   0.0159046 -0.00927675 0 0 0   -0.011 -0.02329  0.04412  -0.00687246   -0.0238284 -0.000700729  0.0026005 0.00112684 -0.0107238 -0.000170995   0.00607129   0.00174084 -0.169413 -0.139142  -9.80655 
             6.89793  0.0754269  0.0684808 0.00862901  0.00130966   0.0121766 -0.00817654 0 0 0   -0.011 -0.02329  0.04412 -0.00515406  -0.0359436  0.00429181 0.00258538  0.0010798 -0.0107978 -0.000107091   0.00630116   0.00119216 -0.169484 -0.139364  -9.80655 
             7.00227 0.0414951 0.0489379 0.0594617 0.000241552  0.00465165 -0.00654975 0 0 0   -0.011 -0.02329  0.04412 -0.00442348  -0.0503378  0.00877987 0.00262634 0.00111634 -0.0108944 4.87816e-05  0.00721217 0.000645995 -0.169647 -0.140217  -9.80653 
             7.10306   0.041216 0.00671028 0.00747382  0.00518171  0.00721208 -0.00634594 0 0 0   -0.011 -0.02329  0.04412  0.0142515 -0.0285987 0.00737407 0.00264823 0.00117554 -0.0108313 -0.00113537  0.00557438 0.000890486 -0.168537 -0.138705  -9.80657 
             7.20004  0.0409365 0.00996356  0.0293641  0.00111557   0.0122592 -0.00890859 0 0 0   -0.011 -0.02329  0.04412  -0.014011 0.00892858 -0.0074425 0.00266045 0.00118394 -0.0108659 5.84702e-05  0.00396236   0.0024522 -0.169613 -0.137178  -9.80657 
             7.28961  0.0412627  0.0111913 -0.0424689 0.0028094 0.0209782 -0.010345 0 0 0   -0.011 -0.02329  0.04412 -0.0147722  0.0482796 -0.0139421  0.0026851 0.00116704 -0.0107713 -0.000708804   0.00257008   0.00259103 -0.168903 -0.135889   -9.8066 
             7.41298 0.0511344 0.0545328 0.0207329 0.000718701    0.025365 -0.00872463 0 0 0   -0.011 -0.02329  0.04412  -0.0103205   0.0499069 -0.00333591 0.00268099  0.0011478 -0.0107919 -0.000591822   0.00264361   0.00148294 -0.169031  -0.13598   -9.8066 
             7.50527  0.0333975  0.0101936 -0.0057715 -0.00507001    0.025938 -0.00771999 0 0 0   -0.011 -0.02329  0.04412 -0.0292673  0.0395952 0.00113058  0.0026539 0.00124855 -0.0107595 0.000142767  0.00331413   0.0011078 -0.169711 -0.136606  -9.80658 
             7.59859    0.0410606 -0.000538031    0.0139934 -0.00083471   0.0233547 -0.00830496 0 0 0   -0.011 -0.02329  0.04412 -0.00922259   0.0246088 5.33304e-05 0.00258798 0.00119041 -0.0107814 -0.000874618   0.00424485   0.00126405 -0.168772 -0.137454  -9.80658 
             7.69905  0.0577761  0.0169248 0.00451901  0.00237474   0.0291234 -0.00802126 0 0 0   -0.011 -0.02329  0.04412 0.00770669  0.0262041 0.00278699 0.00258163 0.00113382 -0.0107622  -0.001456 0.00373038 0.00114747 -0.168244 -0.136982   -9.8066 
              7.7996  0.0273558 -0.0456266 -0.0361374  0.0065229  0.0170936 -0.0111546 0 0 0   -0.011 -0.02329  0.04412   0.0101605   -0.019681 -0.00552036 0.00258429 0.00121718 -0.0107002 -0.00208781  0.00607627  0.00226353 -0.167636 -0.139106  -9.80658 
             7.89561   0.0508139   0.0270134 -0.00386904 0.00607066  0.0201077 -0.0116144 0 0 0   -0.011 -0.02329  0.04412    0.0113238 -0.000164566  -0.00589901 0.00257652 0.00114822 -0.0107478 -0.00180228  0.00539065  0.00215928   -0.1679 -0.138482  -9.80659 
             8.00006  0.0499171   0.032614 -0.0553202 0.00364376  0.0256563 -0.0075151 0 0 0   -0.011 -0.02329  0.04412  0.0003095   0.010827 0.00862724 0.00256626 0.00111879 -0.0106667 -0.00116367  0.00437308 0.000310472 -0.168521 -0.137587  -9.80659 
             8.10033   0.0653498  0.00586734 0.000577982 0.00469176  0.0254349 -0.0101894 0 0 0   -0.011 -0.02329  0.04412  0.00578528  0.00470285 -0.00189852 0.00255359   0.001155 -0.0107408 -0.00135694  0.00459292  0.00172361 -0.168316 -0.137761  -9.80659 
             8.20046  0.0474885  0.0355697 -0.0013726  0.00475807   0.0165333 -0.00547403 0 0 0   -0.011 -0.02329  0.04412 0.00208072 -0.0239798  0.0138029 0.00259597   0.001108 -0.0107456  -0.00140919   0.00628357 -0.000235209 -0.168317 -0.139342  -9.80657 
             8.29847   0.0465461 -0.00701683    0.033607  0.00393663   0.0166448 -0.00623154 0 0 0   -0.011 -0.02329  0.04412 2.9064e-05 -0.0159449 0.00678605 0.00259278 0.00115063 -0.0107911 -0.00118074  0.00583126 0.000601432 -0.168506  -0.13891  -9.80657 
             8.40007   0.0237505 -0.00569666  -0.0478321  0.00270599   0.0176874 -0.00985703 0 0 0   -0.011 -0.02329  0.04412 -0.00272317 -0.00727673 -0.00523596 0.00260917 0.00112173 -0.0106649 -0.000895909   0.00536274   0.00221469 -0.168734 -0.138448  -9.80657 
             8.50017  0.0427492 -0.0020003   0.040741  0.00608547   0.0150525 -0.00796694 0 0 0   -0.011 -0.02329  0.04412 0.00600128 -0.0145223 0.00231705 0.00259429 0.00114344 -0.0108088 -0.00164601  0.00566905  0.00126935 -0.168073 -0.138749  -9.80658 
             8.60034   0.0500573 -0.00932437   0.0203497  0.00760047   0.0163302 -0.00895918 0 0 0   -0.011 -0.02329  0.04412   0.0123632 -0.00725027 0.000602605 0.00257796 0.00114074 -0.0107856 -0.00174962   0.0051727  0.00180241 -0.167967 -0.138289  -9.80659 
             8.70035  0.0301401 -0.0606655  0.0722103 0.00856669  0.0133158 -0.0106365 0 0 0   -0.011 -0.02329  0.04412  0.00637191  -0.0154215 -0.00390281 0.00262126 0.00119464   -0.01086 -0.00171361  0.00561121  0.00254559 -0.167984 -0.138671  -9.80658 
             8.79757 0.00694967 -0.0677875 -0.0225165 0.00934289  0.0139783 -0.0100803 0 0 0   -0.011 -0.02329  0.04412  0.00826536 -0.00988989  0.00124297 0.00265652 0.00119187 -0.0107389 -0.00171343  0.00521001  0.00219662 -0.167993 -0.138316  -9.80659 
             8.90231  0.0346735  -0.094635 -0.0535546   0.0084568   0.0158427 -0.00891423 0 0 0   -0.011 -0.02329  0.04412 0.00278276 -0.0034641 0.00608559 0.00262255 0.00119423 -0.0106995 -0.00139396  0.00467203   0.0018431 -0.168294 -0.137839  -9.80659 
              9.0002    0.0740973   -0.0583078 -3.92114e-05  0.00586956   0.0141799 -0.00767922 0 0 0   -0.011 -0.02329  0.04412 -0.00186734 -0.00752163   0.0122005 0.00258401 0.00111354 -0.0107889 -0.00079892  0.00491121  0.00171577 -0.168833 -0.138058  -9.80658 
             9.10036  0.059108 -0.116705 -0.079861  0.00485741   0.0181366 -0.00811449 0 0 0   -0.011 -0.02329  0.04412 -0.00549411  0.00784104  0.00788875 0.00259844 0.00116224 -0.0106826 -0.000630156    0.0040551   0.00239182 -0.168957 -0.137275  -9.80658 
             9.20137 0.0839449 -0.111446 -0.054888  0.00446039   0.0254016 -0.00541739 0 0 0   -0.011 -0.02329  0.04412 -0.00561168   0.0255607   0.0200582 0.00256158 0.00114043 -0.0107282 -0.000678023   0.00285331     0.001746 -0.168933 -0.136208   -9.8066 
             9.30514   0.054481  -0.157759 -0.0680648  0.00399467   0.0297992 -0.00548406 0 0 0   -0.011 -0.02329  0.04412 -0.00946483   0.0259931   0.0140319 0.00259194 0.00116406 -0.0107185 -0.000700242   0.00245681   0.00248329 -0.168874 -0.135836  -9.80661 
             9.40012 0.0522532 -0.162621 -0.071164  0.00173477   0.0261643 -0.00612855 0 0 0   -0.011 -0.02329  0.04412 -0.0150833  0.0108867 0.00652607 0.00260995 0.00114206 -0.0107323 -0.000463186   0.00350549   0.00319122  -0.16907 -0.136755  -9.80659 
             9.50046   0.0638862   -0.199039 -0.00859402  0.00322309   0.0232365 -0.00661203 0 0 0   -0.011 -0.02329  0.04412  -0.0098878 -0.00292651  0.00425211  0.0026141  0.0011576 -0.0108384 -0.000924596   0.00411636   0.00349235 -0.168655 -0.137306  -9.80659 
             9.59858 0.0684002 -0.228518 -0.023129  0.00334149   0.0182282 -0.00832544 0 0 0   -0.011 -0.02329  0.04412 -0.00362857  -0.0140624 -0.00137976 0.00261315 0.00117703 -0.0108359 -0.00104357  0.00482708  0.00417926 -0.168524 -0.137929  -9.80658 
             9.70035  0.0627461  -0.295278 -0.0636942 0.00443908   0.017665 -0.0086671 0 0 0   -0.011 -0.02329  0.04412   0.003803 -0.0121701 -0.0021771 0.00261067 0.00119992 -0.0107926 -0.0012425 0.00470181 0.00425152 -0.168339  -0.13782  -9.80659 
             9.79939  0.0713232  -0.242854 -0.0340476  0.00465094   0.0189734 -0.00448682 0 0 0   -0.011 -0.02329  0.04412  0.00556047 -0.00801975   0.0120692 0.00260847 0.00112877  -0.010845 -0.00129018  0.00431859  0.00286331 -0.168394  -0.13751  -9.80659 
             9.90034  0.0347292  -0.262786 -0.0674461 0.000611277   0.0168935 -0.00484252 0 0 0   -0.011 -0.02329  0.04412 -0.00378063  -0.0094834  0.00806811 0.00262656 0.00114362 -0.0108135 -0.000464619   0.00451572   0.00347329 -0.169079 -0.137655  -9.80658 
             10.0009  0.0174614  -0.276589 -0.0987918   0.0017319   0.0203487 -0.00828774 0 0 0   -0.011 -0.02329  0.04412 -0.0015615 0.00320325 -0.0068281 0.00263099 0.00119315 -0.0107887 -0.000652273   0.00383483   0.00486948  -0.16878 -0.137026  -9.80659 
             10.1016 -0.00305282   -0.265517  -0.0916899  0.00505629   0.0198807 -0.00711737 0 0 0   -0.011 -0.02329  0.04412   0.00839101 -0.000902984   0.00217008  0.0026471  0.0011737 -0.0108011 -0.00130568  0.00392467  0.00424469 -0.168259 -0.137133   -9.8066 
             10.2018 0.00995998  -0.286568 -0.0791191  0.00463057   0.0223748 -0.00651453 0 0 0   -0.011 -0.02329  0.04412   0.008091 0.00534611 0.00520252 0.00264233  0.0011835 -0.0108116 -0.0010572 0.00350329 0.00414697 -0.168475 -0.136754   -9.8066 
             10.3006  0.004177 -0.241232 -0.149574  0.00311017   0.0177688 -0.00207756 0 0 0   -0.011 -0.02329  0.04412 -0.000504977   -0.0179385    0.0104946 0.00264851 0.00114021 -0.0108005 -0.000773517   0.00422237   0.00274163 -0.168871 -0.137392  -9.80658 
             10.4029 -0.0318894  -0.253887  -0.152786  0.00350952   0.0146523 -0.00526845 0 0 0   -0.011 -0.02329  0.04412 -0.00374802  -0.0305281 -0.00967332 0.00267473 0.00116937 -0.0108549 -0.000742516   0.00429562    0.0038866 -0.168801 -0.137448  -9.80658 
             10.4966 0.0192069 -0.285582 -0.135125  0.00442181   0.0152604 -0.00717394 0 0 0   -0.011 -0.02329  0.04412   -0.0164643   -0.0120481 -0.000256777  0.0026255 0.00123668 -0.0109286 -0.00099351  0.00375586  0.00435232 -0.168516 -0.136985   -9.8066 
             10.5935 -0.0157227  -0.315355 -0.0935712 -0.000971219    0.0170567  -0.00575927 0 0 0   -0.011 -0.02329  0.04412 -0.0676763  0.0314479  0.0300977 0.00268972  0.0012435 -0.0109988 -0.000758577   0.00363547   0.00432022 -0.168718 -0.136864  -9.80659 
             10.7005 -0.0214871  -0.324477 -0.0332951  -0.0071411   0.0190117 -0.00067541 0 0 0   -0.011 -0.02329  0.04412 -0.098438  0.048896  0.081484 0.00271045 0.00124998  -0.011014 -0.0011826 0.00401131 0.00434906 -0.168368 -0.137221  -9.80659 
             10.8005 0.00761409   -0.30279  0.0720526 -0.0162258  0.0215894 0.00599985 0 0 0   -0.011 -0.02329  0.04412 -0.0990055   0.027361   0.117441 0.00269839 0.00113344 -0.0109104 -0.00127227  0.00424854  0.00574716 -0.168175 -0.137433   -9.8066 
             10.8993 -0.0203868   -0.30811  -0.111163 -0.0160857  0.0200048  0.0115047 0 0 0   -0.011 -0.02329  0.04412 -0.0834782  0.0211253  0.0978642 0.00274662 0.00111951 -0.0105776 -0.00297036  0.00483092  0.00765986 -0.166529 -0.137984  -9.80662 
                  11 0.00036291  -0.284625 -0.0719838 -0.0130556  0.0245478  0.0111883 0 0 0   -0.011 -0.02329  0.04412 -0.0476281  0.0160226  0.0730007 0.00273694 0.00117265 -0.0105998 -0.00472367  0.00448477   0.0110805 -0.164659 -0.137683  -9.80665 
              11.105 0.000734946   -0.242135   -0.065924 -0.00752821   0.0210122   0.0068763 0 0 0   -0.011 -0.02329  0.04412  0.0211191 -0.0351536 -0.0111612 0.00275309 0.00115886 -0.0104677 -0.00572312  0.00482363   0.0142804 -0.163484 -0.137969  -9.80667 
             11.2002 -0.0384148  -0.235166  -0.235339  0.00541876   0.0214044 -0.00772484 0 0 0   -0.011 -0.02329  0.04412   0.0672061 -0.00353813  -0.0520301 0.00275973 0.00125327  -0.010421 -0.00710436  0.00443691   0.0183707 -0.161922 -0.137616   -9.8067 
             11.3071 -0.0422008  -0.336391 -0.0664727  0.0117069  0.0257834 -0.0139149 0 0 0   -0.011 -0.02329  0.04412   0.040759  0.0255234 -0.0314254 0.00274548 0.00131833 -0.0105396 -0.00712959  0.00377594   0.0189736 -0.161842 -0.137039  -9.80671 
             11.4003 -0.070288  -0.32349 -0.158754  0.0100977  0.0252853 -0.0132909 0 0 0   -0.011 -0.02329  0.04412  0.0364018 -0.0127332 -0.0199431 0.00276115  0.0013208 -0.0104988 -0.00636884  0.00405267   0.0181936 -0.162566 -0.137248  -9.80669 
             11.5007 -0.0752622  -0.253761 -0.0912778 0.00941047  0.0242161 -0.0145669 0 0 0   -0.011 -0.02329  0.04412  0.0277353 0.00388285 -0.0273043 0.00277377  0.0013269 -0.0104911 -0.0057732 0.00419404   0.017646 -0.163127 -0.137336  -9.80668 
             11.6007 -0.0900281   -0.32176  -0.195791 0.00950347  0.0252653 -0.0104122 0 0 0   -0.011 -0.02329  0.04412 0.00686079  0.0142299  0.0034924 0.00279536 0.00140154 -0.0104002 -0.00564998  0.00415828   0.0161173 -0.163345 -0.137281  -9.80668 
             11.7008 -0.0582154  -0.327767  -0.149399  0.00741939   0.0258795 -0.00978263 0 0 0   -0.011 -0.02329  0.04412  0.00974199   0.0012483 -0.00925866 0.00276315  0.0013916 -0.0104631 -0.005162 0.0040393 0.0156485 -0.163792 -0.137141  -9.80667 
             11.7997 -0.124324 -0.305101 -0.251784  0.00646487   0.0237324 -0.00720698 0 0 0   -0.011 -0.02329  0.04412  0.00206643 -0.00594967   0.0131927   0.002794 0.00137594 -0.0104099 -0.00501903  0.00439129   0.0148811    -0.164 -0.137418  -9.80667 
             11.8996 -0.152692 -0.252801 -0.236967  0.00737077   0.0257512 -0.00431017 0 0 0   -0.011 -0.02329  0.04412 0.00961556 0.00510833  0.0267027 0.00278869 0.00135404 -0.0104227 -0.00504122  0.00411993   0.0143272 -0.164008 -0.137175  -9.80667 
             11.9996 -0.146652  -0.29462 -0.214683  0.00537145   0.0226968 -0.00470185 0 0 0   -0.011 -0.02329  0.04412   0.00117988 -0.000289263   0.00871603 0.00275431   0.001378  -0.010448 -0.00456406  0.00458458   0.0150094 -0.164397 -0.137549  -9.80666 
             12.0999  -0.14014  -0.31356 -0.232111  0.00307553   0.0238119 -0.00369133 0 0 0   -0.011 -0.02329  0.04412 -0.00240775  0.00398888 -0.00181413 0.00274064 0.00138136 -0.0104802 -0.00422426  0.00439763   0.0150093 -0.164667 -0.137356  -9.80666 
             12.1995 -0.141056 -0.271105 -0.180095 -0.00208329   0.0205227 -0.00416274 0 0 0   -0.011 -0.02329  0.04412  -0.0193271 -0.00787909 -0.00150513 0.00275474 0.00133726 -0.0105228 -0.0035642 0.00483843  0.0152107 -0.165254 -0.137668  -9.80664 
             12.2988 -0.157143 -0.352013 -0.249896 0.000440923   0.0210796 -0.00289468 0 0 0   -0.011 -0.02329  0.04412 -0.00660436  -0.0102655  0.00381834 0.00278142  0.0013857  -0.010443 -0.00420461  0.00462398    0.014781 -0.164726 -0.137536  -9.80665 
             12.4052 -0.126982 -0.387461  -0.20507  0.00130814     0.02123 -0.00592878 0 0 0   -0.011 -0.02329  0.04412  0.00267928 -0.00837038 -0.00776296    0.00277 0.00136877 -0.0104735 -0.00427917   0.0044918   0.0156643 -0.164575 -0.137469  -9.80666 
             12.4997 -0.145717 -0.383484 -0.238612  0.00304566   0.0215042 -0.00299587 0 0 0   -0.011 -0.02329  0.04412  0.00883908 -0.00587723  0.00753943 0.00277524 0.00136493 -0.0104507 -0.00450621  0.00434516   0.0147213 -0.164458 -0.137329  -9.80666 
             12.5993 -0.157345 -0.396702 -0.271903  0.00204734   0.0297026 -0.00816066 0 0 0   -0.011 -0.02329  0.04412 0.00276965  0.0149515 -0.0107548 0.00276374 0.00138546 -0.0104468 -0.00412436  0.00330388   0.0160331 -0.164534  -0.13647  -9.80667 
             12.6996 -0.157421 -0.461748  -0.32714    0.005722    0.027163 -0.00800989 0 0 0   -0.011 -0.02329  0.04412  0.0177476 0.00652209 -0.0078881 0.00274485 0.00142011 -0.0103863 -0.00460155  0.00374804    0.015619 -0.164229 -0.136876  -9.80667 
             12.7996 -0.176566  -0.45647 -0.277256  0.00451037    0.028613 -0.00883314 0 0 0   -0.011 -0.02329  0.04412  0.0123983 0.00814655 -0.0121978 0.00276153 0.00140132 -0.0104478 -0.00418215  0.00366165   0.0156139 -0.164568 -0.136753  -9.80667 
             12.9015 -0.181218 -0.445065 -0.315511  0.00264993   0.0268469 -0.00446783 0 0 0   -0.011 -0.02329  0.04412  0.00716694 0.000186302  0.00651038 0.00274629 0.00136997 -0.0104209 -0.00387971   0.0040408   0.0141189 -0.165049 -0.136953  -9.80666 
             13.0014  -0.19881 -0.360794 -0.301038  0.00329153   0.0241601 -0.00460929 0 0 0   -0.011 -0.02329  0.04412  0.00649268 -0.00674117  0.00965794 0.00273801  0.0013434 -0.0104639 -0.00389388  0.00436872   0.0143353 -0.165055 -0.137239  -9.80665 
             13.0994 -0.241374 -0.437764 -0.250524  0.00357457   0.0204244 -0.00338046 0 0 0   -0.011 -0.02329  0.04412 0.00784499 -0.0256679 -0.0012633 0.00274737  0.0014067 -0.0105415 -0.00389235  0.00472477   0.0140938 -0.165135  -0.13752  -9.80665 
             13.1995 -0.204203 -0.450683 -0.327875  0.00350327   0.0178236 -0.00252855 0 0 0   -0.011 -0.02329  0.04412    0.0076918   -0.0288812 -0.000980512 0.00273073 0.00139639 -0.0105133  -0.003782 0.00475166  0.0137788 -0.165267 -0.137506  -9.80664 
              13.298  -0.25189 -0.425394 -0.273517 0.000869605   0.0173897 -0.00482332 0 0 0   -0.011 -0.02329  0.04412 -0.00423019  -0.0255179 -0.00783436 0.00277429 0.00139307 -0.0105979 -0.00324482  0.00447691   0.0143219 -0.165604  -0.13724  -9.80664 
             13.4027 -0.282443 -0.414422 -0.419404  0.00156177   0.0194988 -0.00373243 0 0 0   -0.011 -0.02329  0.04412 -0.00363321 -0.00631072  0.00228303 0.00279909 0.00143075 -0.0104901 -0.00335959  0.00401313    0.013974 -0.165484  -0.13685  -9.80665 
             13.4995 -0.285787 -0.473676 -0.403756 0.00174292  0.0246123 -0.0060981 0 0 0   -0.011 -0.02329  0.04412 -0.00156646  0.00910838 -0.00612947 0.00281118 0.00147881 -0.0105089 -0.00332609    0.003368    0.014566 -0.165347 -0.136363  -9.80666 
             13.5995 -0.310129 -0.451424 -0.470478  0.00423881   0.0290995 -0.00333378 0 0 0   -0.011 -0.02329  0.04412 0.00949309  0.0173317 0.00297339 0.00282085 0.00141477 -0.0104454 -0.00362711  0.00302022   0.0138133 -0.165131 -0.136064  -9.80667 
             13.6996  -0.34502 -0.489412   -0.4321 0.00585754  0.0293048 -0.0016607 0 0 0   -0.011 -0.02329  0.04412  0.0147776  0.0158834 0.00610772 0.00280243 0.00138709 -0.0105189 -0.00373708  0.00320624   0.0134689 -0.165117 -0.136202  -9.80666 
             13.7995 -0.367313 -0.570471 -0.434604  0.00255634   0.0271184 -0.00250696 0 0 0   -0.011 -0.02329  0.04412 0.00117267 0.00827904 0.00444744 0.00278881 0.00143778 -0.0105204 -0.0031449 0.00364304  0.0138821 -0.165624 -0.136479  -9.80665 
             13.8994 -0.409777 -0.559812 -0.410897  0.00195092   0.0246883 -0.00148951 0 0 0   -0.011 -0.02329  0.04412 -0.00366102  0.00198238  0.00516648 0.00279769 0.00140947 -0.0105985 -0.00311478  0.00403875   0.0138555 -0.165733 -0.136786  -9.80665 
             13.9994 -0.404868 -0.609523 -0.502315 5.94683e-05   0.0259407 0.000232017 0 0 0   -0.011 -0.02329  0.04412  -0.0103994 0.000571366  0.00677279 0.00276393 0.00140997 -0.0105221 -0.00286311   0.0039159   0.0136376 -0.165936 -0.136608  -9.80664 
             14.0994 -0.441242 -0.611828 -0.462404 -4.09271e-05    0.0246443   0.00104358 0 0 0   -0.011 -0.02329  0.04412 -0.00766357 -0.00151377   0.0153139 0.00279519 0.00138319 -0.0105887 -0.00296902  0.00408531   0.0137853 -0.165868 -0.136785  -9.80664 
             14.1996 -0.503636 -0.622798 -0.505789 -0.00287901   0.0250754  0.00300099 0 0 0   -0.011 -0.02329  0.04412 -0.00902375 -0.00402232   0.0195121 0.00280676  0.0013644 -0.0105565 -0.0026402 0.00404749  0.0137018 -0.16613 -0.13667 -9.80664 
             14.2997 -0.483481 -0.589512 -0.556335 -0.00258267   0.0284526  0.00300527 0 0 0   -0.011 -0.02329  0.04412 -0.00527856  0.00910226   0.0205594 0.00278062 0.00134506 -0.0105238 -0.00265032  0.00355012    0.014176 -0.165931 -0.136354  -9.80665 
             14.3996 -0.492698 -0.591497  -0.54474 -0.000388724    0.0315255  0.000417778 0 0 0   -0.011 -0.02329  0.04412 -0.00051661   0.0202006  0.00394106 0.00274859  0.0013764 -0.0105778 -0.00286256  0.00317272   0.0153475 -0.165488 -0.136304  -9.80666 
             14.5007 -0.586008 -0.692238 -0.626637  0.00072638   0.0310244 -0.00124738 0 0 0   -0.011 -0.02329  0.04412  0.00412095   0.0155545 -0.00208734 0.00278218 0.00140305 -0.0105372 -0.00299368  0.00342947    0.015832 -0.165376 -0.136622  -9.80665 
             14.5996 -0.595483 -0.716029 -0.591897 -0.000602963    0.0298793  -0.00386118 0 0 0   -0.011 -0.02329  0.04412 -0.00357886 -0.00102441  -0.0142399 0.00278937 0.00140725 -0.0105998 -0.00279925   0.0037453   0.0164312 -0.165514 -0.136925  -9.80665 
             14.7075 -0.603652 -0.839221 -0.530622 -0.000959594    0.0280307  -0.00252085 0 0 0   -0.011 -0.02329  0.04412  0.00700824  -0.0211348 -0.00365272  0.0027381 0.00144225 -0.0106369 -0.00289444  0.00394656   0.0157328 -0.165616 -0.136967  -9.80665 
             14.7997 -0.682947 -0.823991  -0.54788 -0.000262919    0.0271945  7.44035e-05 0 0 0   -0.011 -0.02329  0.04412 0.00861128 -0.0164365 0.00243346 0.00276611  0.0013791  -0.010621 -0.00298244  0.00390728   0.0149527 -0.165681 -0.136795  -9.80665 
             14.9017 -0.743174 -0.855282 -0.605485  0.00255497   0.0271843 0.000402336 0 0 0   -0.011 -0.02329  0.04412  0.0227786 -0.0135649 0.00696973 0.00272412 0.00136883 -0.0105832 -0.0031314 0.00374104  0.0149352 -0.165525 -0.136706  -9.80665 
             15.0034  -0.87545 -0.902834 -0.626906 0.00332251  0.0260013 0.00126061 0 0 0   -0.011 -0.02329  0.04412   0.0232659 -0.00553101   0.0167729  0.0027231  0.0013735 -0.0105616 -0.00293784  0.00377799   0.0149336 -0.16568 -0.13668 -9.80665 
             15.1037  -1.01179  -1.02604 -0.600691 0.00372376  0.0310518 0.00259015 0 0 0   -0.011 -0.02329  0.04412  0.0201745 0.00104589  0.0190508 0.00271016 0.00139142  -0.010592 -0.00258897  0.00323368   0.0150103 -0.165761 -0.136192  -9.80665 
             15.2015  -1.18728  -1.10353 -0.643149 0.000239187   0.0331411  0.00593022 0 0 0   -0.011 -0.02329  0.04412  0.00836352 -0.00108265   0.0222219 0.00267387 0.00136803 -0.0105958 -0.00195674  0.00317498   0.0147563 -0.166269 -0.135884  -9.80665 
               15.31  -1.30215  -1.25562 -0.663927 -0.0060834  0.0314082 0.00586642 0 0 0   -0.011 -0.02329  0.04412 -0.0101828 -0.0103212  0.0279414 0.00267275 0.00136895 -0.0106072 -0.00108944  0.00325939   0.0154344 -0.166762  -0.13595  -9.80664 
             15.3997  -1.48126  -1.48982 -0.757337 -0.00416978   0.0284985  0.00739838 0 0 0   -0.011 -0.02329  0.04412 -0.00289614  -0.0028473   0.0274634 0.00268227 0.00136759  -0.010635 -0.0014482 0.00333388  0.0156456 -0.166468 -0.136203  -9.80664 
             15.4998 -1.69067 -1.57842 -1.00066 -0.00737814   0.0316034  0.00472568 0 0 0   -0.011 -0.02329  0.04412 -0.00354915  0.00685449   0.0231455 0.00267565 0.00132319 -0.0105818 -0.000701268   0.00271429    0.0167814 -0.166435 -0.136078  -9.80664 
             15.5998 -1.93878 -1.34947 -1.25897 -0.0110613  0.0328247 0.00755485 0 0 0   -0.011 -0.02329  0.04412 -0.0211393 0.00991612  0.0241209 0.00266766 0.00131953 -0.0106049 -0.000476013   0.00275818     0.016691 -0.166635 -0.135976  -9.80664 
             15.6997  -2.29158 -0.760459  -1.47708 -0.0152735  0.0351583 0.00489954 0 0 0   -0.011 -0.02329  0.04412 -0.0481065 0.00557531 0.00651314 0.00265693 0.00128822 -0.0105599 -9.8162e-07  0.00230963   0.0177209 -0.166436 -0.136141  -9.80664 
             15.7998  -2.64087 -0.217546  -1.63112 -0.0178275  0.0401757 0.00525441 0 0 0   -0.011 -0.02329  0.04412 -0.0418717   0.017909  0.0117699 0.00263962  0.0012848 -0.0105646 -2.4455e-05  0.00178833   0.0177564 -0.166134 -0.135868  -9.80665 
             15.9028 -2.56727 0.157359 -1.60429  -0.020598    0.03722 0.00515697 0 0 0   -0.011 -0.02329  0.04412 -0.0382386  0.0152458  0.0112742 0.00260538 0.00131868 -0.0106179 -0.000329999   0.00209345    0.0180429 -0.166167 -0.136428  -9.80664 
                  16 -2.46206 0.580926 -1.49514 -0.025959 0.0388257 0.0104775 0 0 0   -0.011 -0.02329  0.04412 -0.0341122  0.0130921   0.034252 0.00257485 0.00130563 -0.0106048 -0.000240727   0.00257382    0.0172947 -0.166352 -0.136045  -9.80665 
             16.1025 -2.38683 0.808311 -1.38488 -0.0258763  0.0416105  0.0100798 0 0 0   -0.011 -0.02329  0.04412 -0.0250491   0.021521  0.0326611 0.00260117 0.00136139  -0.010571 -0.000563325   0.00183238    0.0181692  -0.16604 -0.136539  -9.80664 
             16.1994 -2.12446   1.0733 -1.17791 -0.0313658  0.0410518  0.0159703 0 0 0   -0.011 -0.02329  0.04412 -0.0181808 0.00849759  0.0461713 0.00260159 0.00133222 -0.0105807 -0.00025976  0.00243727   0.0178238 -0.166422 -0.136379  -9.80664 
             16.2996 -2.07765  1.18215 -1.05869 -0.0368358  0.0375849  0.0301083 0 0 0   -0.011 -0.02329  0.04412 -0.0119981 -0.0198577  0.0876636 0.00258027 0.00131141  -0.010573 0.000313339  0.00382616   0.0160843 -0.166583 -0.135675  -9.80665 
             16.4077  -1.86299   1.22911 -0.731847 -0.0421252  0.0402847   0.036013 0 0 0   -0.011 -0.02329  0.04412  -0.0166446 -0.00543976   0.0736758 0.00255614 0.00133517 -0.0106276 0.000874319  0.00333176   0.0166845 -0.166982  -0.13538  -9.80664 
             16.5007  -1.72782   1.36127 -0.576008 -0.0450289  0.0464206  0.0457325 0 0 0   -0.011 -0.02329  0.04412 -0.0247294 0.00158898  0.0636587  0.0025723 0.00130914 -0.0105594 0.00150669 0.00295546  0.0160285 -0.166711 -0.134504  -9.80666 
             16.5996  -1.53606   1.45571 -0.405065 -0.0486303  0.0409789  0.0469031 0 0 0   -0.011 -0.02329  0.04412 -0.0209488 -0.0129895   0.033412  0.0025628 0.00137163 -0.0105858 0.00113795 0.00314441  0.0172265 -0.167367 -0.135349  -9.80664 
             16.7023  -1.21516   1.76275 -0.227748 -0.0531551   0.043701  0.0501015 0 0 0   -0.011 -0.02329  0.04412  -0.0415957 -0.00590161     0.01708    0.00256 0.00136914 -0.0106027 0.00141945 0.00283445  0.0172086 -0.167453 -0.135034  -9.80664 
             16.7999 -0.993747   2.23101  -0.21463 -0.0563601  0.0417235  0.0536438 0 0 0   -0.011 -0.02329  0.04412 -0.0386332 -0.0183605  0.0262809 0.00255721 0.00133564 -0.0105492 0.00147588 0.00308753  0.0168305 -0.167291  -0.13505  -9.80664 
             16.8943  -0.820775    2.57696 -0.0567307 -0.061196 0.0417528 0.0556678 0 0 0   -0.011 -0.02329  0.04412 -0.0385136 -0.0188723   0.029984 0.00253869 0.00134597 -0.0106068 0.00152022 0.00284815  0.0169104 -0.167357 -0.134894  -9.80664 
             16.9999  -0.624066    2.82441 0.00133899 -0.0645137  0.0421547  0.0664726 0 0 0   -0.011 -0.02329  0.04412 -0.0278963 -0.0175579  0.0660596 0.00255252 0.00131608 -0.0105785 0.00217977 0.00288421  0.0155056 -0.166667 -0.134483  -9.80666 
             17.1002 -0.478832   2.89169 0.0837945 -0.0671245  0.0514551  0.0751106 0 0 0   -0.011 -0.02329  0.04412 -0.0188471 0.00536078  0.0786799 0.00255781 0.00131488 -0.0104696 0.00238525 0.00185055  0.0151286 -0.166536 -0.133608  -9.80668 
             17.2002 -0.578309    2.8806  0.294905 -0.0740453  0.0468641  0.0811279 0 0 0   -0.011 -0.02329  0.04412 -0.0255615 -0.0138803  0.0770382 0.00260058 0.00135602 -0.0105194 0.00263275  0.0021871  0.0157073  -0.16728 -0.134038  -9.80666 
             17.3001 -0.794436    3.0039  0.534701 -0.0799558   0.050847  0.0865499 0 0 0   -0.011 -0.02329  0.04412 -0.0282891  0.0114529  0.0921519 0.00259096 0.00131255 -0.0105199 0.00254055 0.00153689  0.0164327 -0.168135 -0.133725  -9.80665 
             17.3999 -0.778213    3.1026  0.808162 -0.0830596    0.04636  0.0931678 0 0 0   -0.011 -0.02329  0.04412 -0.0222208 -0.0102003  0.0841138 0.00256823 0.00135116 -0.0105786 0.00224226 0.00197355  0.0171135 -0.168555 -0.134165  -9.80663 
             17.5044 -0.881105    3.3178  0.968356 -0.0854545  0.0398463  0.0994775 0 0 0   -0.011 -0.02329  0.04412 -0.0252401  -0.026703  0.0782934 0.00259693 0.00128169 -0.0105571 0.00208785 0.00244331  0.0175372 -0.168742 -0.134594  -9.80662 
             17.5964 -0.84855   3.3373  1.18758 -0.085819 0.0366427  0.106112 0 0 0   -0.011 -0.02329  0.04412 -0.0117292 -0.0346903  0.0670693 0.00259995 0.00131104 -0.0106184 0.00177387 0.00253589   0.017704 -0.168692  -0.13458  -9.80663 
              17.698 -0.871515   3.28254   1.15115 -0.0838451  0.0335232   0.116261 0 0 0   -0.011 -0.02329  0.04412   0.011995 -0.0323447    0.08312 0.00259047 0.00132872 -0.0105229  0.0018968 0.00267102  0.0171346 -0.168103  -0.13437  -9.80664 
             17.8002 -0.808162   3.27057   1.27911 -0.0821019  0.0310792    0.12674 0 0 0   -0.011 -0.02329  0.04412  0.0185519 -0.0322202   0.104239 0.00258241 0.00132467 -0.0105458 0.00205205 0.00263079   0.016868 -0.167939  -0.13427  -9.80664 
             17.9003 -1.05813  3.26266  1.18177 -0.0826335  0.0237249   0.136489 0 0 0   -0.011 -0.02329  0.04412 0.00936176 -0.0462462   0.117246 0.00266275 0.00133867 -0.0105054 0.00229222 0.00285574  0.0170816 -0.168078 -0.134684  -9.80664 
              17.997 -1.03719  3.39054  1.16256 -0.0851273   0.017156   0.148957 0 0 0   -0.011 -0.02329  0.04412 0.00459258 -0.0636965   0.111957 0.00262974 0.00135037 -0.0105163 0.00266516 0.00275868  0.0170671 -0.168261 -0.134905  -9.80663 
             18.1022 -0.840414   3.67373    1.0997 -0.0852039  0.0141261   0.159648 0 0 0   -0.011 -0.02329  0.04412 0.00610739 -0.0545626     0.1156 0.00258405 0.00131417 -0.0105048 0.00254207 0.00247346  0.0170767 -0.16843 -0.13472 -9.80663 
             18.1995 -0.93811  3.88357  1.10134 -0.0863947 0.00526137   0.173102 0 0 0   -0.011 -0.02329  0.04412 0.00644293 -0.0712672   0.112947 0.00260122 0.00128923 -0.0105326 0.00309321 0.00272445  0.0167467 -0.168142 -0.134952  -9.80663 
             18.3033 -1.10767  3.98974   1.1019  -0.0872594 -0.00034118    0.183646 0 0 0   -0.011 -0.02329  0.04412 -0.000471442   -0.0599293     0.105588 0.00263619 0.00131734 -0.0105163 0.00288269 0.00234761  0.0171243 -0.168694 -0.134951  -9.80662 
             18.4122 -0.981643   3.71847    1.2577 -0.0845289 -0.0110123   0.184803 0 0 0   -0.011 -0.02329  0.04412 0.00491945 -0.0614685  0.0879727 0.00264516 0.00139874 -0.0105533 0.00102688 0.00247926   0.019227 -0.170075 -0.135413  -9.80659 
             18.5155 -0.878851   3.73646   1.26204 -0.0866143 -0.0141261   0.191708 0 0 0   -0.011 -0.02329  0.04412 0.00773068 -0.0629287  0.0866706 0.00264557 0.00138667 -0.0105245 0.00107917 0.00207729  0.0193145 -0.170459 -0.135359  -9.80658 
                18.6 -1.08683  4.10845  1.33131 -0.0839119 -0.0245152   0.206606 0 0 0   -0.011 -0.02329  0.04412  0.0529562 -0.0828779   0.121304 0.00267512 0.00129252 -0.0105423 0.00215619 0.00257633  0.0182931  -0.16945 -0.135468   -9.8066 
             18.7001 -1.44676  3.40355  1.51998 -0.0751613 -0.0276227    0.22041 0 0 0   -0.011 -0.02329  0.04412   0.113781 -0.0651953   0.142752 0.00273395 0.00134608  -0.010611 0.00192544 0.00216429  0.0182456 -0.169613 -0.135117   -9.8066 
             18.8005 -1.44722  2.48135  1.66764 -0.0622617 -0.0323292   0.236112 0 0 0   -0.011 -0.02329  0.04412 0.150165  -0.0459 0.157259 0.00270769 0.00130824 -0.0105842 0.00201783 0.00207323  0.0181352 -0.169605 -0.135059   -9.8066 
             18.9006 -1.30994  1.46248  1.73686  -0.045826 -0.0341727   0.254601 0 0 0   -0.011 -0.02329  0.04412   0.176409 -0.0266741   0.186894 0.00271897 0.00129202 -0.0105482  0.0021276 0.00200747  0.0177855 -0.169432  -0.13483  -9.80661 
             19.0005 -1.48999 0.763957  1.74213 -0.0271754 -0.0378052   0.270257 0 0 0   -0.011 -0.02329  0.04412   0.201063 -0.0196251   0.194675 0.00272861 0.00127054 -0.0105153 0.00184366 0.00193129  0.0185051 -0.169768  -0.13512   -9.8066 
             19.1055 -1.41738  0.14962   2.0345 -0.00762993  -0.0369141     0.28436 0 0 0   -0.011 -0.02329  0.04412   0.199096 0.00261568   0.170808 0.00269352 0.00128811 -0.0106359 0.00145587 0.00133536  0.0196434 -0.170406 -0.135374  -9.80659 
             19.2005  -1.10953 -0.279607   2.08944  0.0123061 -0.0345314   0.298573 0 0 0   -0.011 -0.02329  0.04412  0.179963 0.0259035   0.16333 0.00268619  0.0012576 -0.0105749 0.00114298  0.0011854  0.0202022 -0.170472 -0.135344  -9.80658 
             19.3002 -0.987148 -0.306391   2.30152  0.0335937 -0.0279842   0.311862 0 0 0   -0.011 -0.02329  0.04412  0.162089 0.0647046  0.173769 0.00269879 0.00133997 -0.0106463 0.000793862 0.000702076   0.0212104 -0.170641 -0.135286  -9.80658 
             19.4115 -0.736698 -0.065254   2.42435  0.0420093 -0.0295946   0.326847 0 0 0   -0.011 -0.02329  0.04412  0.117726 0.0481576  0.181677 0.00269391 0.00129191 -0.0106351  0.00189295 0.000938394    0.021495 -0.170411 -0.136254  -9.80657 
             19.5003 -0.678978 0.0307066   2.49093   0.051888 -0.0200544   0.344702 0 0 0   -0.011 -0.02329  0.04412  0.103547 0.0623068  0.192531  0.0027251 0.00127125  -0.010592  0.00177554 0.000384122   0.0216214 -0.170835 -0.136153  -9.80657 
             19.6086 -0.717012 -0.081666   2.66221  0.0643671 -0.0160967   0.367305 0 0 0   -0.011 -0.02329  0.04412 0.0910538 0.0507256  0.206154  0.0027291 0.00127642 -0.0105793  0.00167291 0.000808721   0.0212025  -0.17058 -0.136049  -9.80657 
             19.6991   -0.57513 -0.0393131    2.79567  0.0724004 -0.0116706   0.388916 0 0 0   -0.011 -0.02329  0.04412 0.0800757  0.048714  0.219046 0.00271181 0.00121929 -0.0106077  0.00174459 0.000833541   0.0211353 -0.170564  -0.13611  -9.80657 
             19.7992  -0.315141 -0.0809502    2.73468  0.0843083 -0.0175027    0.40487 0 0 0   -0.011 -0.02329  0.04412  0.0700556 0.00996336   0.204171  0.0027049 0.00126566  -0.010557 0.00228833 0.00182844   0.022222 -0.169469 -0.136369  -9.80659 
             19.9065  0.046817 0.0779265   2.69767  0.0872885 -0.0231117   0.422007 0 0 0   -0.011 -0.02329  0.04412  0.0506159 -0.0175044   0.198316 0.00269675 0.00122899 -0.0106468 0.00309443 0.00199307  0.0225642 -0.169142 -0.137006  -9.80658 
             19.9992 0.0742915  0.182594   2.53998  0.0893317 -0.0250189   0.438576 0 0 0   -0.011 -0.02329  0.04412  0.0213301 -0.0260758   0.194051 0.00269346  0.0012836 -0.0106211 0.00331649 0.00174088  0.0232341 -0.169278 -0.137184  -9.80658 
             20.1005 -0.105467  0.367939   2.39333   0.086578 -0.0251748   0.458912 0 0 0   -0.011 -0.02329  0.04412 -0.00683453  -0.0297401    0.182709  0.0027002 0.00129998 -0.0106302 0.00336962 0.00104013  0.0229954 -0.169866 -0.137379  -9.80657 
             20.2006 -0.35186 0.653472  2.19872   0.085592 -0.0266607   0.480499 0 0 0   -0.011 -0.02329  0.04412 -0.0190587 -0.0306912   0.210855 0.00276599 0.00129765 -0.0105822  0.00312301 0.000887736    0.022481  -0.17001 -0.137245  -9.80657 
             20.3005 -0.473977   1.07204   2.08707  0.0825729 -0.0284418   0.501597 0 0 0   -0.011 -0.02329  0.04412 -0.0373386 -0.0223533     0.2171 0.00270261 0.00127395 -0.0106046  0.00301071 0.000735541   0.0226199 -0.170161 -0.137159  -9.80656 
             20.4018 -0.380813   1.36741   1.94777  0.0772178 -0.0301804   0.519804 0 0 0   -0.011 -0.02329  0.04412 -0.0493866 -0.0293586   0.203401 0.00272371 0.00125096 -0.0106123  0.00303057 0.000557371    0.023148 -0.170367   -0.1372  -9.80656 
             20.4994 -0.658597   1.58941   1.78796  0.0750892 -0.0314494   0.532419 0 0 0   -0.011 -0.02329  0.04412 -0.0464199 -0.0292116   0.183625 0.00270353 0.00128562 -0.0105958 0.00232786 0.00067578   0.024624 -0.170502 -0.136773  -9.80656 
             20.6007 -0.834595   1.75657   1.74421  0.0716892 -0.0332021   0.551195 0 0 0   -0.011 -0.02329  0.04412 -0.0491469 -0.0279441   0.187755 0.00271271 0.00129588 -0.0106302  0.00205032 0.000651148   0.0245394 -0.170484 -0.136526  -9.80657 
             20.7005 -0.654296   2.13399   1.63747  0.0645444 -0.0399843   0.572278 0 0 0   -0.011 -0.02329  0.04412 -0.0496406 -0.0346458   0.204655 0.00273104 0.00126458 -0.0106301  0.00269328 0.000880872   0.0241847  -0.17028 -0.136965  -9.80657 
             20.7986 -0.66864   2.3773  1.51001  0.0561417 -0.0384083   0.588897 0 0 0   -0.011 -0.02329  0.04412 -0.0615989 -0.0202771   0.200845 0.00275414 0.00125543 -0.0105945  0.00234729 5.02832e-05   0.0251713 -0.171229 -0.136924  -9.80655 
             20.9056 -0.699222   2.53077   1.37496  0.0485841 -0.0453501   0.604987 0 0 0   -0.011 -0.02329  0.04412 -0.0645051 -0.0385981   0.187855 0.00274847 0.00130061 -0.0105954  0.00260732 0.000334115   0.0257835  -0.17135 -0.137443  -9.80654 
             20.9965 -0.874445   2.75257    1.2738  0.0419822 -0.0497457   0.623634 0 0 0   -0.011 -0.02329  0.04412 -0.0602421 -0.0352978   0.202474 0.00274885  0.0012882 -0.0106054  0.00251601 0.000339596   0.0260602 -0.171476 -0.137508  -9.80654 
             21.1005 -0.953113   2.87035   1.20699  0.0380995 -0.0532912   0.650604 0 0 0   -0.011 -0.02329  0.04412 -0.0505209 -0.0409824   0.218748 0.00276473 0.00128036 -0.0105954  0.0030091 0.00057047  0.0247826 -0.170639  -0.13727  -9.80655 
             21.2017 -0.84772  2.93194  1.09819 0.0342487 -0.056208  0.667641 0 0 0   -0.011 -0.02329  0.04412 -0.0370761  -0.029843   0.213428 0.00273936 0.00127655 -0.0105618  0.00225793 0.000435409   0.0258473 -0.171238 -0.137316  -9.80654 
             21.3008 -1.0592 2.84936 1.09593  0.0247844 -0.0621611     0.6862 0 0 0   -0.011 -0.02329  0.04412  -0.049566 -0.0360492    0.20639 0.00274574 0.00127536 -0.0106326  0.00264958 0.000338262   0.0264093 -0.171898 -0.137837  -9.80653 
             21.4048 -1.11014  2.91748   1.0241  0.0243494 -0.0575794   0.701258 0 0 0   -0.011 -0.02329  0.04412   -0.025675 -0.00939607    0.179274 0.00273678 0.00130624 -0.0106126   0.00134663 -0.000364371    0.0272816 -0.172487 -0.137282  -9.80652 
             21.5024 -1.13374  3.08639  1.02054  0.0225022 -0.0582093    0.72306 0 0 0   -0.011 -0.02329  0.04412 -0.011044 0.0074385  0.205334 0.00273394 0.00129984 -0.0106561   0.00169892 -0.000199316    0.0267888 -0.172134 -0.137258  -9.80653 
             21.6007 -1.24476  3.07488 0.933617  0.0160609 -0.0554249   0.741421 0 0 0   -0.011 -0.02329  0.04412 -0.0289159  0.0375098   0.206355 0.00274985 0.00129699 -0.0106198   0.00195371 -0.000641979     0.027243 -0.172878 -0.137461  -9.80651 
             21.7008 -1.32751  3.03269    0.897 0.00840532 -0.0588461   0.759762 0 0 0   -0.011 -0.02329  0.04412 -0.0368253  0.0145099   0.183674 0.00276301 0.00126547 -0.0106175   0.00252404 -0.000271542    0.0275229 -0.173202 -0.138114   -9.8065 
             21.8007 -1.27111  3.12608 0.879298 0.00081856 -0.0578775   0.780296 0 0 0   -0.011 -0.02329  0.04412 -0.0440661  0.0174531   0.186049 0.00275246 0.00121215 -0.0106458   0.00317967 -0.000268932    0.0271885 -0.173218 -0.138212   -9.8065 
             21.9007 -1.20271  3.08611 0.805825 -0.00374299  -0.0588229    0.793732 0 0 0   -0.011 -0.02329  0.04412 -0.0514555  0.0187979   0.167577  0.0027643 0.00122938 -0.0106396   0.00270055 -0.000211903    0.0280431  -0.17373 -0.138592  -9.80648 
             21.9999 -1.28366  2.95062 0.709983 -0.000400525   -0.0591385     0.805293 0 0 0   -0.011 -0.02329  0.04412 -0.0249889  0.0156398   0.144042 0.00278195 0.00129846 -0.0106171  0.00147781 8.47304e-05   0.0287488 -0.173629 -0.138683  -9.80648 
             22.1009 -1.24123  3.09995 0.644688 -0.00697529   -0.063442    0.822776 0 0 0   -0.011 -0.02329  0.04412  -0.0172936 -0.00169223    0.139607 0.00277981 0.00120625 -0.0106319  0.00255223 0.000611621   0.0281978 -0.173461  -0.13906  -9.80648 
             22.2009 -1.13125  3.13025 0.585827 -0.00273614  -0.0675786    0.829809 0 0 0   -0.011 -0.02329  0.04412 0.00689268 -0.0100891   0.119465 0.00276436 0.00126854 -0.0106309  0.00121707 0.000870172    0.029384 -0.173767 -0.139436  -9.80647 
             22.3036 -1.01559   3.2398 0.478375 -0.00323094  -0.0672583    0.834534 0 0 0   -0.011 -0.02329  0.04412  0.00702812 0.000415284   0.0700653 0.00276183 0.00120982 -0.0106073 0.000498552 0.000402105   0.0306392 -0.174759  -0.13962  -9.80645 
             22.4035 -1.08562   3.1583 0.555427 -0.0024178 -0.0687725    0.83463 0 0 0   -0.011 -0.02329  0.04412  0.0129433 -0.0105244 -0.0193783 0.00277599 0.00123439 -0.0106392 8.06972e-05 0.000371405   0.0313227  -0.17523 -0.139824  -9.80644 
             22.5009 -0.367192   3.17106  0.574066 -0.00387398  -0.0653931    0.825941 0 0 0   -0.011 -0.02329  0.04412 0.00912622 -0.0149098  -0.107146 0.00267114 0.00124283 -0.0106357 -0.000125492 -0.000315193    0.0319634 -0.175967  -0.13963  -9.80643 
             22.5986 -0.0360371     3.1333   0.566599 -0.00288655  -0.0647976    0.820854 0 0 0   -0.011 -0.02329  0.04412 0.00935202 -0.0330025  -0.120152 0.00269359 0.00123354 -0.0105968  0.000774549 -0.000444504    0.0306238 -0.175078 -0.139283  -9.80645 
             22.7047 -0.0485507    3.01663   0.567376 0.00218157 -0.0609228   0.811487 0 0 0   -0.011 -0.02329  0.04412   0.0264426 -0.00686739   -0.121003 0.00269239 0.00127831 -0.0105651 0.000722985 -0.00107056   0.0299057 -0.174397 -0.138741  -9.80647 
             22.8008 -0.20808  2.81968  0.63634 0.00643925 -0.0607775   0.800768 0 0 0   -0.011 -0.02329  0.04412   0.0309149 -0.00234751   -0.125303 0.00270229 0.00132539 -0.0105717 0.000974201 -0.00123378   0.0292761 -0.173889 -0.138645  -9.80648 
             22.9008 -0.584953   2.64365   0.70356 0.00707854 -0.0583921   0.791931 0 0 0   -0.011 -0.02329  0.04412   0.0190835 -0.00415897   -0.108445 0.00269506 0.00128348 -0.0105684  0.00147621 -0.00158906    0.028873 -0.173837  -0.13853  -9.80648 
             23.0008 -0.698579   2.53087   0.75366 0.00343291 -0.0625561   0.789846 0 0 0   -0.011 -0.02329  0.04412 -0.00761647 -0.00977557  -0.0569025 0.00269234 0.00124729 -0.0105736  0.00290413 -0.00134102   0.0275402  -0.17328 -0.138971  -9.80648 
             23.1006 -0.786556   2.37053  0.857238 0.00527778 -0.0687379    0.79018 0 0 0   -0.011 -0.02329  0.04412 0.00385555 -0.0228225 -0.0132201 0.00269367 0.00128499 -0.0105636     0.003306 -0.000775783    0.0265777  -0.17249 -0.139274  -9.80649 
              23.199 -0.787308   2.56412  0.915983  0.0063725 -0.0699944   0.787785 0 0 0   -0.011 -0.02329  0.04412  0.0127931 -0.0237402  0.0127268 0.00269996  0.0012498 -0.0105428   0.00294458 -0.000892894    0.0271668 -0.172805 -0.139224  -9.80649 
              23.305 -0.808219    2.7039   1.02967  0.0107441 -0.0771492   0.786326 0 0 0   -0.011 -0.02329  0.04412  0.0288417 -0.0503978  0.0198503 0.00269695 0.00129056 -0.0105416   0.00242856 -0.000430648    0.0277302 -0.172791 -0.139445  -9.80649 
             23.4008 -0.951557   2.80148   1.18783  0.0148567 -0.0797457   0.784389 0 0 0   -0.011 -0.02329  0.04412  0.0265083 -0.0264797  0.0276627 0.00267533 0.00127439 -0.0105599    0.0018348 -0.000703671    0.0285557 -0.173216 -0.139355  -9.80648 
             23.4994 -0.680969   3.09915   1.25381  0.0122197 -0.0797613   0.784543 0 0 0   -0.011 -0.02329  0.04412  0.0154237 -0.0308551  0.0156901 0.00266332 0.00126222 -0.0105744  0.00197511 -0.00123658   0.0290807 -0.173925 -0.139408  -9.80647 
             23.5968 -0.296361   3.14116    1.2255  0.0151064 -0.0800227   0.780737 0 0 0   -0.011 -0.02329  0.04412  0.0262398 -0.0152507  0.0204459 0.00264799 0.00129678  -0.010577  0.00126807 -0.00153771    0.029931  -0.17444 -0.139306  -9.80646 
             23.6978 -0.318028    3.2467   1.09864  0.0210353 -0.0892047    0.79244 0 0 0   -0.011 -0.02329  0.04412  0.0487809 -0.0446712  0.0598222 0.00267712 0.00130409 -0.0106164   0.00212071 -0.000727055    0.0286565 -0.173239 -0.139533  -9.80648 
             23.7998 -0.269086   3.31992  0.952202  0.0217495 -0.0902102   0.797657 0 0 0   -0.011 -0.02329  0.04412  0.0304489 -0.0418199  0.0713242 0.00263944 0.00131091 -0.0106005  0.00209926 -0.00115418   0.0290611 -0.173852  -0.13951  -9.80647 
             23.9011 -0.313806   3.32836  0.802241  0.0207727 -0.0960189     0.8108 0 0 0   -0.011 -0.02329  0.04412  0.0306073 -0.0616607   0.112277 0.00261186  0.0012794 -0.0105818  0.00302535 -0.00122237   0.0284158 -0.173614 -0.139748  -9.80647 
             24.0062 -0.174307   3.26277  0.608568 0.0242547 -0.105558  0.828617 0 0 0   -0.011 -0.02329  0.04412  0.0375931 -0.0982819   0.133076 0.00262768 0.00129294 -0.0105532  0.00380834 -0.00109248   0.0273791 -0.172784 -0.139888  -9.80648 
              24.101 -0.006311   3.33029  0.501769 0.0334397 -0.125052  0.838572 0 0 0   -0.011 -0.02329  0.04412 0.0666868 -0.133923  0.138089 0.00266424 0.00123508 -0.0105861   0.00314609 -0.000176676    0.0279803 -0.172748 -0.140213  -9.80648 
             24.1998 -0.0260559    3.36219   0.342164  0.037722 -0.138048  0.855383 0 0 0   -0.011 -0.02329  0.04412 0.0611161 -0.149419   0.14956 0.00267041 0.00125522 -0.0105642   0.00367811 -0.000390685    0.0275564 -0.172609 -0.140221  -9.80648 
             24.3014 -0.020707   3.20894  0.270208 0.0480766 -0.144555  0.867547 0 0 0   -0.011 -0.02329  0.04412 0.0828531 -0.138987   0.14093 0.00267502 0.00126013 -0.0106023  0.00293238 -0.00105344   0.0279359 -0.172779 -0.139661  -9.80648 
             24.3999 -0.277859   3.06524  0.128772 0.0563868 -0.153366  0.884007 0 0 0   -0.011 -0.02329  0.04412 0.0883455 -0.126403  0.156631 0.00270949 0.00125984 -0.0105878  0.00314419 -0.00150669   0.0276337 -0.172604 -0.139445  -9.80649 
             24.4979 -0.559453   3.03453 0.0427362 0.0707649 -0.171859   0.88681 0 0 0   -0.011 -0.02329  0.04412  0.10543 -0.15011 0.108146 0.00269239   0.001268 -0.0106037  0.00136141 -0.00088084   0.0294994 -0.173625  -0.13948  -9.80647 
                24.6  -0.676167    2.92289 -0.0777202 0.0818095 -0.186065  0.900745 0 0 0   -0.011 -0.02329  0.04412  0.114134 -0.155408  0.117625  0.0026918 0.00128427  -0.010614 0.00163594 -0.0009759  0.0290269 -0.173279 -0.139473  -9.80648 
             24.7001 -0.856082   2.96967 -0.191812 0.0885629 -0.202084  0.915424 0 0 0   -0.011 -0.02329  0.04412 0.0962627 -0.169327  0.123925 0.00268217 0.00127099 -0.0106005   0.00227226 -0.000930706    0.0287141 -0.173333 -0.139448  -9.80648 
                24.8 -0.557703   3.16749 -0.181776 0.0958822 -0.212123  0.929776 0 0 0   -0.011 -0.02329  0.04412 0.0996823 -0.154947  0.131491 0.00267146 0.00123436 -0.0106063  0.00278939 -0.00148987   0.0285119 -0.173307 -0.139027  -9.80648 
             24.9009  -0.23405   3.30125 -0.126212  0.106523 -0.227952  0.946622 0 0 0   -0.011 -0.02329  0.04412  0.108869 -0.167807  0.149131 0.00263275 0.00122738 -0.0105953  0.00310357 -0.00144669   0.0279999 -0.172985 -0.139009  -9.80649 
                  25 -0.081801    3.3721  0.017018  0.121634 -0.245904  0.957642 0 0 0   -0.011 -0.02329  0.04412   0.12979 -0.179625  0.138575 0.00267053 0.00123322 -0.0106096  0.00235326 -0.00145673   0.0285719 -0.173156 -0.139132  -9.80648 
             25.1002 -0.0137296    3.36929   0.111665  0.133657 -0.263642  0.969107 0 0 0   -0.011 -0.02329  0.04412  0.130447 -0.180224  0.144348 0.00265272 0.00126761 -0.0105608  0.00214289 -0.00148221   0.0290772 -0.173569 -0.139056  -9.80648 
             25.2005 -0.0882851    3.23297   0.435306   0.14809 -0.278243   0.98495 0 0 0   -0.011 -0.02329  0.04412   0.14127 -0.181468  0.163776  0.0027043 0.00127986 -0.0106178  0.00222807 -0.00188579   0.0289006 -0.173335 -0.138853  -9.80649 
             25.3013 -0.0773633    3.13055    0.66316  0.161969 -0.295014    1.0049 0 0 0   -0.011 -0.02329  0.04412  0.150393 -0.179917  0.178604 0.00269252 0.00126221 -0.0105761  0.00274641 -0.00209877   0.0283103 -0.172947 -0.138814  -9.80649 
             25.3994 0.0626085   2.99666  0.983835  0.178018 -0.311564   1.01803 0 0 0   -0.011 -0.02329  0.04412  0.161583 -0.189243  0.168121 0.00268201 0.00130567 -0.0105932   0.0021676 -0.00220955   0.0290518 -0.173434 -0.138612  -9.80649 
              25.497 0.182326   3.0516  1.31756  0.196535 -0.327272   1.03324 0 0 0   -0.011 -0.02329  0.04412  0.175329 -0.185802   0.18996 0.00270436 0.00129389 -0.0106005  0.00148904 -0.00251758    0.029804 -0.173915 -0.138251  -9.80648 
             25.6014 0.0272732   2.97754   1.56456  0.206084 -0.349294   1.05059 0 0 0   -0.011 -0.02329  0.04412   0.15388 -0.214244  0.217298 0.00270504 0.00130186  -0.010593  0.00198909 -0.00238372   0.0302039 -0.174499 -0.138564  -9.80647 
             25.6979 0.0436499     2.747   1.73839  0.220435 -0.372404   1.06346 0 0 0   -0.011 -0.02329  0.04412  0.161865 -0.220513  0.191367 0.00267528 0.00130663 -0.0105823  0.00128361 -0.00214258   0.0317273 -0.175526 -0.138498  -9.80645 
             25.7995 0.232493  2.68672  1.86472  0.232764 -0.403241   1.07574 0 0 0   -0.011 -0.02329  0.04412  0.153097 -0.259113  0.200981 0.00268433 0.00131705 -0.0105826  0.00129965 -0.00150702   0.0329127 -0.176098  -0.13894  -9.80643 
             25.9038 0.575859  2.66009  1.91172  0.246259 -0.428177    1.0912 0 0 0   -0.011 -0.02329  0.04412  0.150738 -0.273838  0.219854 0.00266864 0.00130299 -0.0105832 0.000776934 -0.00158894   0.0340438 -0.176912 -0.138807  -9.80642 
             25.9996 0.734754  2.67833  1.89534  0.259233 -0.454338   1.10561 0 0 0   -0.011 -0.02329  0.04412  0.142166 -0.286205  0.195446 0.00269403 0.00127032 -0.0105931 0.000233926 -0.00164581   0.0352206 -0.177748 -0.138605  -9.80641 
             26.1028 0.928099   2.4578  1.85197  0.271521 -0.486834   1.11363 0 0 0   -0.011 -0.02329  0.04412  0.152865 -0.313589  0.187121 0.00266564 0.00130634 -0.0105733 -0.000425296   -0.0010219    0.0373315 -0.178788 -0.138363  -9.80639 
             26.1997   1.038 2.28434 1.84193  0.287979 -0.515553   1.11762 0 0 0   -0.011 -0.02329  0.04412 0.146562 -0.33581 0.167874 0.00266634 0.00131349 -0.0105865  -0.00216135 -0.000382992    0.0399846 -0.180225 -0.137146  -9.80639 
             26.3055 0.873197  2.16815  1.82363  0.303398 -0.553714   1.12939 0 0 0   -0.011 -0.02329  0.04412  0.142215 -0.368139  0.171527 0.00268581 0.00131691 -0.0105926  -0.0024672 0.000283803   0.0408806 -0.180391 -0.136891  -9.80639 
             26.4017 0.64189 2.00923 1.82166  0.316636 -0.585322   1.13735 0 0 0   -0.011 -0.02329  0.04412 0.135041 -0.35312 0.174342 0.00270343   0.001325 -0.0105884 -0.00344585 0.000509262   0.0426834 -0.181468 -0.135945  -9.80638 
             26.5048 0.297994   1.8617  1.86429  0.326505 -0.627587   1.14435 0 0 0   -0.011 -0.02329  0.04412   0.12387 -0.395345  0.184009  0.0026991 0.00133772 -0.0105843 -0.00342454  0.00146545   0.0445221 -0.181974 -0.135751  -9.80637 
             26.5995 0.0799438   1.84977   1.91732  0.332527 -0.665047   1.15326 0 0 0   -0.011 -0.02329  0.04412 0.0937745 -0.398008  0.179196 0.00268138  0.0013234 -0.0105967 -0.00358215  0.00148325   0.0464391 -0.183008  -0.13541  -9.80636 
             26.6995 -0.095715   1.88465   1.90103  0.341086 -0.699591   1.15699 0 0 0   -0.011 -0.02329  0.04412  0.080351 -0.396065  0.121104 0.00266903 0.00137398 -0.0106034 -0.00446457  0.00149517   0.0485865  -0.18391 -0.134637  -9.80635 
             26.8005 -0.232875   2.13751   1.72308  0.344985 -0.739379   1.15535 0 0 0   -0.011 -0.02329  0.04412 0.0601182 -0.398746 0.0715221 0.00268956 0.00132016  -0.010605 -0.00461038  0.00158642   0.0507502 -0.184637 -0.134584  -9.80634 
             26.8994 -0.39616   2.3297  1.38365 0.351171 -0.77873  1.15146 0 0 0   -0.011 -0.02329  0.04412 0.0568652 -0.402839 0.0276651 0.00268064 0.00132896  -0.010573 -0.00512807  0.00172006   0.0524373 -0.185086 -0.134375  -9.80633 
             27.0003 -0.470503   2.49282   1.07274  0.356972 -0.815854   1.15049 0 0 0   -0.011 -0.02329  0.04412   0.048876  -0.396453 0.00791751 0.00268057 0.00135383 -0.0105996 -0.00558499   0.0014256   0.0529543 -0.185426 -0.134103  -9.80633 
             27.0995 -0.412242   2.62672  0.684807  0.361959 -0.854742   1.14888 0 0 0   -0.011 -0.02329  0.04412   0.0567015   -0.390615 -0.00227526 0.00266721 0.00134432 -0.0105506 -0.00579402  0.00126571   0.0532378 -0.185607 -0.133996  -9.80633 
             27.2015 -0.527884   2.74672  0.401694  0.368586 -0.889961   1.14698 0 0 0   -0.011 -0.02329  0.04412  0.0596347  -0.412791 -0.0362248 0.00269383 0.00136102 -0.0105846 -0.00608272 0.000904322   0.0533348 -0.185756 -0.133739  -9.80633 
             27.3034 -0.612703    3.0051  0.110922  0.374145 -0.931541   1.13821 0 0 0   -0.011 -0.02329  0.04412  0.0577068  -0.417653 -0.0391524 0.00271351  0.0013838 -0.0105871 -0.00638376 0.000875452   0.0541223  -0.18615 -0.133779  -9.80632 
             27.3998    -0.721   3.01854 -0.132385   0.38028 -0.977385   1.13692 0 0 0   -0.011 -0.02329  0.04412  0.0626564  -0.430271 -0.0204796 0.00268964 0.00141049 -0.0106046 -0.00619223  0.00121768   0.0537937 -0.185936 -0.133951  -9.80632 
             27.5005 -0.823929   3.00351 -0.418212 0.384146 -1.02104  1.14645 0 0 0   -0.011 -0.02329  0.04412 0.0534171 -0.401784 0.0441767 0.00270182 0.00141766 -0.0105698 -0.00523532  0.00103117   0.0525821 -0.185381 -0.133676  -9.80634 
             27.6118 -0.736305   2.97877 -0.602648 0.386327 -1.04931  1.14926 0 0 0   -0.011 -0.02329  0.04412 0.0574761 -0.359918 0.0695625 0.00271594 0.00142828 -0.0105704 -0.00506015 0.000627353   0.0527659 -0.185509 -0.133402  -9.80634 
             27.6981 -1.05233  3.05607  -0.7037  0.39336 -1.08671   1.1562 0 0 0   -0.011 -0.02329  0.04412 0.0702666 -0.362353 0.0798081 0.00271395 0.00141159 -0.0105809 -0.00515266 0.000635878   0.0528798 -0.185577 -0.133436  -9.80634 
             27.8014  -1.08091   3.14206 -0.795584 0.404115 -1.12537  1.16231 0 0 0   -0.011 -0.02329  0.04412 0.0950616 -0.366935 0.0921585 0.00266001 0.00139816 -0.0105812 -0.00553653 0.000702864   0.0530976 -0.185683 -0.133644  -9.80633 
             27.8997  -1.54437   2.94216 -0.816181 0.411701 -1.17281   1.1636 0 0 0   -0.011 -0.02329  0.04412 0.0931607 -0.411384 0.0862587 0.00265968 0.00143127 -0.0105775 -0.00617097  0.00110668   0.0539296 -0.186483 -0.134029  -9.80631 
             27.9995  -1.58389   2.79432 -0.758483 0.423702 -1.20856  1.16816 0 0 0   -0.011 -0.02329  0.04412  0.100672 -0.378464 0.0904828 0.00261769  0.0014223 -0.0105966 -0.00650446 0.000603075    0.054451 -0.186555 -0.134099  -9.80631 
             28.0996  -1.64633   2.76709 -0.636558 0.433886 -1.24826  1.17802 0 0 0   -0.011 -0.02329  0.04412  0.104785 -0.392436   0.11708 0.00263464 0.00139747 -0.0105966 -0.00653298 0.000738706   0.0544487 -0.186631 -0.134147  -9.80631 
             28.1996  -1.15083   2.68024 -0.426176 0.442399 -1.28538  1.18638 0 0 0   -0.011 -0.02329  0.04412 0.0992792 -0.369437  0.111214 0.00261609 0.00142086 -0.0106032 -0.00659668 0.000522303   0.0550103 -0.186973 -0.134203   -9.8063 
             28.3056   -0.7968   2.48944 -0.195242  0.45052 -1.31219  1.19189 0 0 0   -0.011 -0.02329  0.04412 0.0932676  -0.35004 0.0949447 0.00258374 0.00141267 -0.0106146   -0.0064881 -0.000656975    0.0560297 -0.187192 -0.133944   -9.8063 
             28.4077 -0.881678   2.20837  0.023297 0.456587 -1.34587  1.19601 0 0 0   -0.011 -0.02329  0.04412  0.067957 -0.337043 0.0797235 0.00258659  0.0013707 -0.0106116  -0.00655981 -0.000936961    0.0569257 -0.187706 -0.133995  -9.80629 
             28.5004 -0.833874    2.0835  0.210434 0.464331 -1.38331  1.19801 0 0 0   -0.011 -0.02329  0.04412 0.0562013 -0.348953 0.0489874 0.00259326 0.00138663 -0.0105785  -0.00720943 -0.000856004    0.0578394 -0.188065 -0.134403  -9.80628 
             28.6007 -1.05962  2.04685 0.471481 0.469693 -1.41605  1.20046 0 0 0   -0.011 -0.02329  0.04412 0.0457071 -0.343134 0.0869693 0.00262104 0.00138684 -0.0106019 -0.00744669 -0.00108628   0.0584476 -0.188224 -0.134446  -9.80627 
             28.6996 -1.19374  1.92957 0.705318 0.473006 -1.45059  1.20837 0 0 0   -0.011 -0.02329  0.04412 0.0408229 -0.342966  0.130561 0.00260807 0.00137403 -0.0105879 -0.00746171 -0.00094444   0.0587217 -0.188365 -0.134584  -9.80627 
             28.7957 -1.13723  1.91884  0.93012 0.477179 -1.48099  1.21791 0 0 0   -0.011 -0.02329  0.04412 0.0326243 -0.318881  0.108105 0.00259229 0.00138087 -0.0106004  -0.0077161 -0.00147605   0.0592421 -0.188444 -0.134444  -9.80627 
             28.8997 -1.08992  1.84259  1.17148 0.476827 -1.51554  1.22161 0 0 0   -0.011 -0.02329  0.04412 0.0110715 -0.319094 0.0857314 0.00258288 0.00137193 -0.0106144 -0.00763062 -0.00143185   0.0604913 -0.18885 -0.13497 -9.80625 
              28.998 -1.31755  1.83939  1.32289 0.478028 -1.54659  1.21642 0 0 0   -0.011 -0.02329  0.04412 0.00704896  -0.303317  0.0504724 0.00262716 0.00133477 -0.0105802 -0.00820388 -0.00211582   0.0629206 -0.189357 -0.135458  -9.80624 
             29.0999 -1.37667  1.92621  1.46609 0.480471 -1.57727  1.21926 0 0 0   -0.011 -0.02329  0.04412 0.00446822  -0.300085  0.0480577 0.00263781 0.00134088  -0.010567 -0.00850868 -0.00202329   0.0632537 -0.189252 -0.135487  -9.80624 
             29.1999 -1.30461  1.85771   1.5861 0.481036 -1.60175  1.21467 0 0 0   -0.011 -0.02329  0.04412 -0.0118338  -0.271197  0.0201424 0.00259632 0.00132209 -0.0105735 -0.00912991  -0.0029349   0.0648811 -0.189713 -0.135643  -9.80623 
              29.303 -1.1193 1.99863 1.57824 0.476303 -1.63387  1.21696 0 0 0   -0.011 -0.02329  0.04412 -0.0321939  -0.266244  0.0325648 0.00262869 0.00130408 -0.0105704 -0.00866944 -0.00277611   0.0649475 -0.189717    -0.136  -9.80622 
             29.4061 -1.07923  2.10338  1.55578  0.47623 -1.66118  1.21138 0 0 0   -0.011 -0.02329  0.04412 -0.0239698  -0.270572  0.0381683 0.00266444 0.00133821 -0.0105791 -0.00917709  -0.0028931    0.066541  -0.18979 -0.136388  -9.80622 
             29.4998 -0.997305   2.11474   1.51832 0.474943 -1.68945  1.21256 0 0 0   -0.011 -0.02329  0.04412 -0.022093 -0.278941 0.0271663 0.00267531 0.00135009 -0.0106051 -0.00923939  -0.0027475   0.0668685 -0.189716 -0.136513  -9.80622 
             29.5961 -1.05403  2.16252  1.42538 0.472476 -1.71796  1.21312 0 0 0   -0.011 -0.02329  0.04412 -0.019407  -0.26996 0.0566117 0.00269422 0.00132658 -0.0105967 -0.00937918 -0.00290874   0.0675154 -0.189891 -0.136671  -9.80621 
             29.6998 -1.01325  2.00072   1.3135 0.475985 -1.74568  1.21186 0 0 0   -0.011 -0.02329  0.04412 0.00634591   -0.27495  0.0722838 0.00269777 0.00137405 -0.0106224  -0.0101431 -0.00281776   0.0686111  -0.1899 -0.13665 -9.80621 
                29.8 -1.03079   2.1278  1.06003 0.479924 -1.77517  1.22153 0 0 0   -0.011 -0.02329  0.04412 0.0233076  -0.26851  0.228132 0.00268287 0.00134775 -0.0105804  -0.0105103 -0.00261365   0.0692611 -0.189829  -0.13673  -9.80621 
             29.9015 -0.929725   2.19486  0.917537 0.479509  -1.7999  1.23215 0 0 0   -0.011 -0.02329  0.04412 0.0254069 -0.266056  0.203535 0.00266243 0.00134144 -0.0105824  -0.0108928 -0.00334374   0.0712798 -0.190604 -0.137105  -9.80619 
             30.0009 -1.04086  2.22346 0.709348 0.475917 -1.82267  1.23549 0 0 0   -0.011 -0.02329  0.04412 0.000940911   -0.248302    0.203458 0.00268131  0.0013431 -0.0105644  -0.0114004 -0.00447859   0.0746683 -0.191936  -0.13774  -9.80615 
             30.0999 -1.00456  2.20413  0.61002 0.473543 -1.84705  1.22515 0 0 0   -0.011 -0.02329  0.04412 -0.0034934  -0.240173   0.134024 0.00266777 0.00135431 -0.0106198 -0.0126419 -0.0055067  0.0797121 -0.193511 -0.138654  -9.80611 
             30.2002 -0.946771   2.16202  0.386081 0.473636 -1.86914  1.21269 0 0 0   -0.011 -0.02329  0.04412 -0.00823192   -0.229085   0.0533531 0.00264973 0.00136272  -0.010572  -0.0138903 -0.00638042   0.0835856 -0.194644 -0.139231  -9.80608 
             30.3001 -0.780796   2.14382  0.247527 0.474896 -1.88874  1.19889 0 0 0   -0.011 -0.02329  0.04412 -0.00392254   -0.216803  0.00492148 0.00267684 0.00136077 -0.0105753  -0.0150194 -0.00718491   0.0866404 -0.195468 -0.139574  -9.80606 
             30.4015 -0.908826   2.20218  0.102231 0.473597 -1.90998  1.18751 0 0 0   -0.011 -0.02329  0.04412 -0.00616306   -0.213878 -0.00299771  0.0026568 0.00137308 -0.0105979  -0.0155343 -0.00752741   0.0887459 -0.196113 -0.139854  -9.80604 
             30.4999   -1.06403    2.04805 -0.0986656 0.472423 -1.93429  1.18181 0 0 0   -0.011 -0.02329  0.04412  -0.0107841   -0.214449 -0.00959605 0.00264709 0.00139952 -0.0105638 -0.0157557 -0.0073435  0.0896159 -0.196387 -0.140114  -9.80603 
                30.6  -1.09606   2.10515 -0.379536 0.469797 -1.95414  1.17826 0 0 0   -0.011 -0.02329  0.04412  -0.0195447   -0.194972 -0.00687847 0.00262795 0.00140514 -0.0105606  -0.0157437 -0.00752051   0.0901038 -0.19657  -0.1401 -9.80603 
                30.7 -0.818948   2.17581 -0.622611 0.467117 -1.98229  1.17552 0 0 0   -0.011 -0.02329  0.04412 -0.0203961  -0.216151 -0.0237414 0.00258571 0.00135424 -0.0105664  -0.0158937 -0.00693059    0.090362 -0.196788 -0.140446  -9.80602 
             30.8118 -0.748612   2.13639 -0.823111 0.467986 -2.00242  1.16323 0 0 0   -0.011 -0.02329  0.04412 -0.0147885  -0.215464 -0.0554557 0.00259241  0.0013711 -0.0105641  -0.0165808 -0.00722804    0.091858 -0.197035 -0.140777  -9.80601 
             30.8994 -0.755857   2.10304 -0.949219 0.467823 -2.02599  1.15982 0 0 0   -0.011 -0.02329  0.04412 -0.0097185  -0.193914 -0.0212591 0.00259937 0.00137719 -0.0105826  -0.0166978 -0.00714946   0.0916325 -0.196958 -0.140866  -9.80601 
              31.007 -1.08127  2.03467 -1.10031 0.465606 -2.04242  1.15994 0 0 0   -0.011 -0.02329  0.04412 -0.0228957  -0.186359 -0.0177187 0.00262367  0.0013677 -0.0105718  -0.0164697 -0.00719434   0.0913063 -0.196851 -0.140732  -9.80601 
                31.1 -1.25537  2.20806 -1.14813 0.462374 -2.05632  1.15566 0 0 0   -0.011 -0.02329  0.04412 -0.0289445  -0.162413 -0.0242098 0.00260675 0.00133588 -0.0106002  -0.0162205 -0.00756211   0.0916448 -0.196745  -0.14051  -9.80602 
              31.201 -1.12433  2.56793 -1.28818 0.456947 -2.07499  1.14997 0 0 0   -0.011 -0.02329  0.04412 -0.0403382  -0.165785 -0.0297825  0.0025859 0.00132971 -0.0105847  -0.0163153 -0.00723383   0.0921759 -0.197163 -0.140566  -9.80601 
                31.3 -1.11718   2.6145 -1.35465 0.455157 -2.09411  1.14225 0 0 0   -0.011 -0.02329  0.04412 -0.0393686  -0.171467 -0.0304845 0.00259064 0.00138867 -0.0106008  -0.0169383 -0.00734669   0.0929079 -0.197407 -0.140984    -9.806 
             31.4022 -0.754852   2.62543  -1.35988  0.45237 -2.11261  1.14434 0 0 0   -0.011 -0.02329  0.04412  -0.025667  -0.175376 -0.0066764 0.00259574 0.00134966 -0.0105984  -0.0168556 -0.00709233   0.0922432  -0.19727 -0.140965    -9.806 
             31.5017 -0.563148   2.72418  -1.36534 0.448172 -2.12494  1.14877 0 0 0   -0.011 -0.02329  0.04412 -0.0208055  -0.137685  0.0267044 0.00260782 0.00133843 -0.0106012  -0.0160656 -0.00719764   0.0915518 -0.196795 -0.140499  -9.80602 
             31.5997 -0.681813   2.82863  -1.40683 0.447377 -2.14198  1.15136 0 0 0   -0.011 -0.02329  0.04412 -0.0156803  -0.156581  0.0170522 0.00264699 0.00135792 -0.0105746  -0.0163764 -0.00702771   0.0915182 -0.196934 -0.140718  -9.80601 
             31.7001 -0.657608   3.00081  -1.34669 0.442469 -2.15749  1.15424 0 0 0   -0.011 -0.02329  0.04412 -0.0170743  -0.149979  0.0276058   0.002657 0.00133493  -0.010603  -0.0159637 -0.00669487   0.0914657 -0.197105 -0.140392  -9.80601 
             31.7996 -0.485359   3.13806  -1.34805 0.440533 -2.17105   1.1522 0 0 0   -0.011 -0.02329  0.04412 -0.0212253  -0.157714  0.0019667 0.00265113 0.00131753 -0.0105946 -0.0161311 -0.0068734  0.0921142 -0.197294 -0.140309  -9.80601 
             31.9032 -0.487828   3.18889  -1.32348 0.44045 -2.1901 1.15054 0 0 0   -0.011 -0.02329  0.04412 -0.00745016   -0.160404 -0.00144467 0.00266988 0.00133505 -0.0105763  -0.0166732 -0.00671431   0.0923699  -0.19759 -0.140585    -9.806 
             32.0001 -0.204194   3.22947  -1.29734 0.438539 -2.20156  1.14815 0 0 0   -0.011 -0.02329  0.04412 -0.0134007  -0.145915 -0.0158664 0.00266066 0.00136847 -0.0105969  -0.0163757 -0.00700602   0.0926552 -0.197496 -0.140272  -9.80601 
             32.1002 -0.334567   3.33115  -1.28069 0.438172 -2.21479  1.14723 0 0 0   -0.011 -0.02329  0.04412 0.00250354  -0.153198 -0.0200335 0.00271594 0.00131782 -0.0105881  -0.0161909 -0.00718006   0.0925086  -0.19728 -0.140228  -9.80601 
             32.2002 -0.622613   3.35925  -1.22119 0.438625 -2.23056  1.14273 0 0 0   -0.011 -0.02329  0.04412 0.00395482  -0.153349 -0.0357314 0.00271128  0.0013517 -0.0105934  -0.0164411 -0.00713574   0.0928254 -0.197496 -0.140234  -9.80601 
             32.3003 -0.555845   3.36794  -1.15481 0.438623 -2.24775  1.14725 0 0 0   -0.011 -0.02329  0.04412   0.0112311   -0.157108 -0.00793086 0.00268985 0.00136607 -0.0105889  -0.0156587 -0.00697395   0.0915297 -0.196836 -0.140353  -9.80602 
             32.3984 -0.641327   3.49478  -1.09475 0.441157 -2.26545  1.15035 0 0 0   -0.011 -0.02329  0.04412    0.023431   -0.170347 -0.00351123 0.00271899 0.00134411 -0.0105965  -0.0154266 -0.00693747   0.0908533 -0.19644 -0.14053 -9.80603 
             32.5023 -0.536557   3.62829  -1.10526 0.443321 -2.27893  1.14967 0 0 0   -0.011 -0.02329  0.04412   0.0286052    -0.15521 -0.00477062 0.00273212 0.00131593 -0.0105512  -0.0151872 -0.00716594   0.0908444 -0.196272 -0.140372  -9.80603 
             32.6069 -0.387051   3.63759 -0.958902 0.449841 -2.29727  1.14902 0 0 0   -0.011 -0.02329  0.04412   0.0522721   -0.170095 -0.00996247 0.00270655 0.00137102 -0.0106067  -0.0155102 -0.00722566   0.0908289 -0.196219 -0.140596  -9.80603 
             32.7014  -0.25782   3.71737 -0.939882 0.453527 -2.31334  1.14874 0 0 0   -0.011 -0.02329  0.04412  0.0558879  -0.171357 -0.0128006 0.00270899 0.00134506 -0.0105809  -0.0151597 -0.00720485   0.0906915  -0.19614 -0.140435  -9.80603 
             32.7998 -0.402544   3.69186  -0.85948 0.459443 -2.33073  1.14308 0 0 0   -0.011 -0.02329  0.04412  0.0617256  -0.169859 -0.0379758 0.00272742 0.00133867 -0.0105835   -0.015597 -0.00715648   0.0912323 -0.196565 -0.140427  -9.80602 
             32.9019 -0.576294   3.84462 -0.800481 0.461512 -2.34216  1.14101 0 0 0   -0.011 -0.02329  0.04412  0.0492363  -0.152843 -0.0332216 0.00273631 0.00133081 -0.0105672 -0.0147309  -0.007401  0.0910166 -0.196311 -0.139982  -9.80604 
             33.0003 -0.740167   3.84606 -0.756125 0.466935  -2.3608   1.1331 0 0 0   -0.011 -0.02329  0.04412  0.0545951  -0.159354 -0.0488589 0.00270808 0.00131683 -0.0105751  -0.0154262 -0.00707743   0.0916662 -0.196986 -0.140095  -9.80602 
             33.1003  -1.02202   3.64309 -0.724893 0.475595 -2.37783  1.13156 0 0 0   -0.011 -0.02329  0.04412  0.0734874  -0.159542 -0.0353456 0.00274359 0.00135031 -0.0105672  -0.0153678 -0.00711935    0.091172 -0.196513  -0.14029  -9.80603 
             33.2003   -1.0775   3.54443 -0.744246 0.478764 -2.39399  1.12732 0 0 0   -0.011 -0.02329  0.04412  0.0571628  -0.159651 -0.0472047 0.00272172 0.00135692 -0.0105546  -0.0149781 -0.00688696    0.091224 -0.196762 -0.140098  -9.80603 
             33.3006  -1.05669   3.73672 -0.822875 0.483873 -2.41259  1.12431 0 0 0   -0.011 -0.02329  0.04412  0.0628169  -0.166967 -0.0511906 0.00273013 0.00132353 -0.0105266   -0.014738 -0.00652225   0.0908889  -0.19668 -0.140137  -9.80603 
             33.4003 -0.909925   3.78805 -0.842827 0.494306 -2.42642  1.11626 0 0 0   -0.011 -0.02329  0.04412  0.0874301  -0.149772 -0.0469685 0.00270733 0.00134272 -0.0105338   -0.015341 -0.00705896   0.0912977 -0.196678 -0.140264  -9.80602 
              33.502 -0.863602   3.80343 -0.863724 0.502671 -2.43995  1.11454 0 0 0   -0.011 -0.02329  0.04412  0.0890983  -0.154569 -0.0664403 0.00272009 0.00134846 -0.0105314  -0.0147661 -0.00709309   0.0906455 -0.196111 -0.140091  -9.80604 
             33.6006 -0.990837   3.84475 -0.881954 0.514173  -2.4538  1.10995 0 0 0   -0.011 -0.02329  0.04412  0.0984695  -0.142393 -0.0435118 0.00273522 0.00132507 -0.0105229  -0.0148006 -0.00730202   0.0904792 -0.195823 -0.140122  -9.80604 
             33.6996  -0.92709   3.69617 -0.819756 0.52341 -2.4651 1.10802 0 0 0   -0.011 -0.02329  0.04412 0.0964838 -0.139754 -0.041701 0.00273466 0.00136917  -0.010532   -0.014383 -0.00748942   0.0902323 -0.195531 -0.139921  -9.80605 
             33.8005 -0.907961   3.65993 -0.763249  0.53119 -2.47349  1.10594 0 0 0   -0.011 -0.02329  0.04412  0.101289 -0.106174 -0.016443 0.00273557 0.00135141 -0.0105489 -0.0138122 -0.0077211  0.0899892 -0.195237 -0.139623  -9.80606 
             33.9005 -0.858885   3.52844 -0.727844 0.543971 -2.48771  1.09938 0 0 0   -0.011 -0.02329  0.04412   0.102152   -0.12013 -0.0558652 0.00269327 0.00137487 -0.0105334  -0.0145989 -0.00762656   0.0904668 -0.195638 -0.139952  -9.80605 
             33.9989  -1.00106   3.47523 -0.663293 0.552103 -2.50357   1.1023 0 0 0   -0.011 -0.02329  0.04412  0.0974693  -0.128351 -0.0216486 0.00268288 0.00135621 -0.0105229   -0.013663 -0.00702615    0.089436 -0.195157 -0.139819  -9.80606 
             34.1004  -1.07511   3.54671 -0.540775 0.561107 -2.51213  1.10113 0 0 0   -0.011 -0.02329  0.04412   0.102012  -0.116715 -0.0124138 0.00269086 0.00133679  -0.010529   -0.013375 -0.00734921   0.0893457 -0.194952 -0.139617  -9.80607 
             34.2003  -0.80107   3.58206 -0.350178 0.571373 -2.52787  1.10334 0 0 0   -0.011 -0.02329  0.04412    0.109229   -0.126348 -0.00538581 0.00267931 0.00132468 -0.0105556  -0.0131345 -0.00690171   0.0888245  -0.19475 -0.139691  -9.80607 
             34.3027 -0.813674   3.66247 -0.179592 0.578418 -2.54208  1.09762 0 0 0   -0.011 -0.02329  0.04412    0.09616  -0.150135 -0.0677559 0.00267306 0.00131564 -0.0105414  -0.0132479 -0.00679894   0.0894778 -0.195387 -0.139683  -9.80606 
             34.3999  -0.69774   3.62877 0.0359618 0.591167 -2.55554   1.0892 0 0 0   -0.011 -0.02329  0.04412  0.0993858  -0.144795 -0.0827731 0.00268511 0.00133719 -0.0105567  -0.0136396 -0.00699631   0.0896013 -0.195307 -0.139753  -9.80606 
             34.5011 -0.851175   3.61529  0.259054 0.604154 -2.56892  1.08532 0 0 0   -0.011 -0.02329  0.04412   0.111294  -0.124845 -0.0517812 0.00272797 0.00132249 -0.0105494  -0.0134939 -0.00701509   0.0891498 -0.194895 -0.139728  -9.80607 
             34.6007 -0.909434   3.71222  0.456766 0.612717 -2.58084  1.08143 0 0 0   -0.011 -0.02329  0.04412   0.118035  -0.145317 -0.0694133 0.00272997 0.00133216 -0.0105508  -0.0129174 -0.00715591   0.0888151 -0.194759 -0.139577  -9.80607 
             34.7002 -1.12797  3.71072 0.564023 0.620578 -2.59952  1.08318 0 0 0   -0.011 -0.02329  0.04412   0.110911  -0.147599 -0.0340764 0.00275008 0.00134114 -0.0105383  -0.0119133 -0.00672671   0.0879299  -0.19426 -0.139632  -9.80608 
             34.8003 -1.09882  3.76364 0.696149 0.632726 -2.60802  1.08615 0 0 0   -0.011 -0.02329  0.04412   0.121616  -0.116215 0.00742601 0.00270563 0.00133497 -0.0105332  -0.0115019 -0.00704465   0.0872953 -0.193814 -0.139346   -9.8061 
             34.9006 -1.21515  3.83054  0.83824 0.638895 -2.61915  1.08784 0 0 0   -0.011 -0.02329  0.04412  0.113007 -0.116045 0.0147376 0.00269305 0.00126886 -0.0105246  -0.0109891 -0.00717517   0.0873323 -0.194069 -0.139453  -9.80609 
             35.0022 -1.51456  3.75884  1.06921 0.647349 -2.62844  1.08451 0 0 0   -0.011 -0.02329  0.04412    0.108221   -0.113617 -0.00319141 0.00266796 0.00126464 -0.0105309  -0.0113216 -0.00753711   0.0879996 -0.194703 -0.139596  -9.80607 
             35.1004 -1.67165  3.55017  1.30491 0.661514 -2.64263  1.08512 0 0 0   -0.011 -0.02329  0.04412  0.118542 -0.105139 0.0133235 0.00268264 0.00129171 -0.0105286  -0.0114374 -0.00723452   0.0879654 -0.194517  -0.13961  -9.80608 
             35.2062 -1.79303   3.3442  1.51389 0.674796 -2.65131   1.0797 0 0 0   -0.011 -0.02329  0.04412    0.127257  -0.0999763 -0.00761756 0.00271478 0.00132332 -0.0105064  -0.0122401 -0.00752059   0.0887657 -0.195059 -0.139789  -9.80606 
             35.3004 -1.79123  3.36674  1.73012 0.680496 -2.66548  1.07959 0 0 0   -0.011 -0.02329  0.04412   0.107929  -0.122948 -0.0144214 0.00272674 0.00132692 -0.0105039  -0.0115818 -0.00733671   0.0887562 -0.195014 -0.140191  -9.80606 
             35.3864 -1.75907  3.40544  1.92783 0.690342  -2.6813  1.07484 0 0 0   -0.011 -0.02329  0.04412   0.105207  -0.125342 -0.0235161 0.00274414  0.0013512 -0.0105225  -0.0116461 -0.00722066   0.0892719 -0.195126 -0.140611  -9.80605 
             35.4853 -1.80226  3.33736  2.15188 0.698383 -2.69608  1.07198 0 0 0   -0.011 -0.02329  0.04412   0.098036  -0.123791 -0.0234078 0.00273314 0.00135625 -0.0105181  -0.0113026 -0.00743292   0.0893645 -0.195263 -0.140935  -9.80604 
             35.5984 -1.87338  3.24087   2.4016 0.708876 -2.70853  1.07065 0 0 0   -0.011 -0.02329  0.04412 0.0961365 -0.126907 -0.030002 0.00273997  0.0013235 -0.0105186  -0.011241 -0.0073177  0.0891453 -0.195141 -0.140778  -9.80605 
             35.7017 -1.88694  3.22136  2.57282 0.716356   -2.722  1.06809 0 0 0   -0.011 -0.02329  0.04412  0.0967932  -0.121482 -0.0316578 0.00274158 0.00135654 -0.0105023  -0.0109423 -0.00739886   0.0891323 -0.195121 -0.140999  -9.80605 
             35.8005 -1.99806  3.24311  2.84187 0.728077 -2.73318  1.07126 0 0 0   -0.011 -0.02329  0.04412   0.102829  -0.108646 -0.0169343 0.00277687 0.00134479 -0.0105352  -0.0106328 -0.00681034   0.0883112 -0.194608 -0.140423  -9.80606 
             35.9042 -2.1376 3.34717 2.98902 0.740527 -2.73524  1.07226 0 0 0   -0.011 -0.02329  0.04412   0.106105 -0.0733757 -0.0119826 0.00276274 0.00134848  -0.010481  -0.0113363 -0.00701144   0.0879345 -0.195038 -0.139745  -9.80607 
             36.0005 -2.18148  3.28588  3.16757 0.751036 -2.73582  1.07155 0 0 0   -0.011 -0.02329  0.04412   0.107388 -0.0356683 -0.0085027 0.00278093 0.00135521  -0.010483   -0.011885 -0.00743909   0.0878423  -0.19558 -0.139496  -9.80606 
             36.1005 -2.13005  3.11039  3.31921 0.759326 -2.73929  1.06827 0 0 0   -0.011 -0.02329  0.04412  0.0991893 -0.0218175 -0.0190251 0.00277566 0.00135604 -0.0104821  -0.0117995 -0.00784463   0.0881374 -0.195767 -0.139951  -9.80605 
             36.2004 -2.07029  3.10653  3.40333 0.771035 -2.74283  1.07116 0 0 0   -0.011 -0.02329  0.04412    0.105031   -0.011954 -0.00151519 0.00278294 0.00133062 -0.0104978  -0.0113948 -0.00709803   0.0875269 -0.195171 -0.139432  -9.80607 
             36.2996 -1.8359 3.05761 3.38135 0.783696 -2.74483  1.06825 0 0 0   -0.011 -0.02329  0.04412   0.104964 -0.0120019 -0.0195985 0.00278031   0.001363 -0.0104907  -0.0116661 -0.00685304   0.0877732  -0.19512 -0.139267  -9.80607 
                36.4 -1.61312  3.04015  3.40815 0.790829 -2.74764  1.06537 0 0 0   -0.011 -0.02329  0.04412  0.0923067 -0.0183155 -0.0180278 0.00279441 0.00134989 -0.0105074  -0.0112912 -0.00726132   0.0879108 -0.195139 -0.139815  -9.80606 
             36.5004 -1.58063  2.87218  3.42128 0.798971 -2.75327   1.0634 0 0 0   -0.011 -0.02329  0.04412  0.0912976 -0.0326454 -0.0213858 0.00280428 0.00137548 -0.0104804  -0.0107204 -0.00718944   0.0879314 -0.194758 -0.140144  -9.80606 
             36.6081 -1.45931  2.88875  3.50606 0.808414 -2.75889  1.06303 0 0 0   -0.011 -0.02329  0.04412  0.0891763 -0.0376774 -0.0121697 0.00279422  0.0013612 -0.0104852  -0.0102972 -0.00683815    0.087743  -0.19431 -0.140118  -9.80607 
             36.7008 -1.23472  2.84526  3.58037 0.816165 -2.75855  1.05831 0 0 0   -0.011 -0.02329  0.04412   0.105947 -0.0360377 -0.0240559 0.00278827 0.00137479 -0.0105011  -0.0108981 -0.00750754   0.0881151 -0.19505 -0.14029 -9.80606 
             36.8054 -1.24977  2.95202  3.53535 0.829878 -2.76554  1.05463 0 0 0   -0.011 -0.02329  0.04412   0.130654 -0.0593626 -0.0300935 0.00281084 0.00138029 -0.0104777  -0.0108311 -0.00701626   0.0882599 -0.194692 -0.140101  -9.80607 
             36.8997 -1.18226  3.28598  3.64285 0.84288 -2.7655 1.05855 0 0 0   -0.011 -0.02329  0.04412   0.136565 -0.0342407 0.00701352 0.00278785 0.00135685 -0.0105084  -0.0112295 -0.00709411    0.087476 -0.195008 -0.139603  -9.80607 
             36.9936 -1.42317  3.32297  3.67037  0.85517 -2.77476  1.05491 0 0 0   -0.011 -0.02329  0.04412    0.144206  -0.0540671 -0.00475978 0.00282606 0.00138684 -0.0104891  -0.0106626 -0.00729663   0.0879799  -0.19479 -0.140274  -9.80606 
             37.1006 -1.49614  3.37994  3.72568   0.8656 -2.77631  1.05748 0 0 0   -0.011 -0.02329  0.04412     0.141672   -0.0416793 -0.000227643 0.00282509 0.00138058 -0.0104978  -0.0105872 -0.00810553   0.0875574 -0.195239 -0.140634  -9.80605 
             37.2006  -1.549 3.49357 3.75399 0.875371 -2.77832  1.06088 0 0 0   -0.011 -0.02329  0.04412    0.140067  -0.0361769 0.000891811 0.00283304 0.00136676 -0.0104779  -0.0102003 -0.00886871   0.0871154 -0.195466 -0.141139  -9.80604 
             37.3002 -1.72636  3.62408  3.79492 0.884822 -2.78107  1.06538 0 0 0   -0.011 -0.02329  0.04412      0.139 -0.0201156  0.0262176 0.00284544 0.00135499 -0.0104668 -0.00952563 -0.00953005   0.0866523 -0.195451 -0.141736  -9.80603 
             37.4014 -1.99103  3.40883   3.8872 0.904857 -2.78118  1.06406 0 0 0   -0.011 -0.02329  0.04412    0.165393 -0.00683086   0.0205952 0.00286461 0.00138049 -0.0104739   -0.010562 -0.00898792   0.0872379  -0.19576 -0.141074  -9.80603 
             37.5014 -2.19624  3.13406  3.88964 0.922053 -2.78441  1.06211 0 0 0   -0.011 -0.02329  0.04412   0.184349 -0.0081991  0.0164302 0.00288274  0.0013735 -0.0104537  -0.0104593 -0.00901646   0.0878073 -0.195673 -0.141461  -9.80603 
             37.5998 -2.08873  2.87801  3.85202 0.942794 -2.78311  1.06607 0 0 0   -0.011 -0.02329  0.04412  0.198894 0.0191038 0.0380813 0.00285157 0.00134465 -0.0104382  -0.0106749 -0.00874155   0.0876534 -0.195668 -0.141075  -9.80603 
             37.6998 -2.02779  2.58175  3.85603 0.965446 -2.78195  1.07113 0 0 0   -0.011 -0.02329  0.04412  0.220814 0.0279333 0.0311203 0.00288254 0.00137243 -0.0104458  -0.0105037 -0.00820274   0.0874128 -0.195283 -0.140714  -9.80605 
             37.8031 -1.75362  2.62232  3.82845 0.989537 -2.77346  1.07176 0 0 0   -0.011 -0.02329  0.04412  0.241624 0.0470419 0.0103571 0.00289602 0.00135131 -0.0104302  -0.0114491 -0.00852784   0.0876114 -0.196037 -0.140446  -9.80604 
             37.9005 -1.44826  2.90891  3.81092 1.01092  -2.771 1.06489 0 0 0   -0.011 -0.02329  0.04412   0.241415  0.0494414 -0.0133922 0.00291057   0.001349 -0.0104302  -0.0111408 -0.00940707   0.0886835 -0.196127 -0.141601  -9.80602 
             38.0037 -1.25813  3.10915  3.80832  1.03542 -2.76814  1.06082 0 0 0   -0.011 -0.02329  0.04412   0.260326  0.0426389 -0.0373027 0.00294058 0.00134933 -0.0104336 -0.0108716  -0.009482  0.0889791 -0.195949 -0.141916  -9.80602 
             38.1029 -1.09046  3.24448  3.76176  1.06028 -2.76397  1.05435 0 0 0   -0.011 -0.02329  0.04412   0.266274  0.0491975 -0.0481465 0.00290572 0.00135701 -0.0104035   -0.010811 -0.00986435   0.0893799 -0.196098 -0.142333  -9.80601 
             38.2006 -1.00864  3.11153  3.72112 1.08779 -2.7575 1.05278 0 0 0   -0.011 -0.02329  0.04412   0.286475  0.0521817 -0.0305676 0.00289055 0.00135932 -0.0103957  -0.0108779 -0.00998939   0.0888318 -0.196235 -0.142171  -9.80601 
                38.3 -0.956993     2.846   3.72416  1.11524 -2.75182  1.04777 0 0 0   -0.011 -0.02329  0.04412   0.293922  0.0580275 -0.0305097 0.00288795 0.00135495 -0.0104008 -0.0111005 -0.0100918  0.0891907 -0.196444 -0.142229    -9.806 
             38.3935 -0.859672   2.50888   3.64445  1.14939 -2.74793  1.04977 0 0 0   -0.011 -0.02329  0.04412   0.305265  0.0568206 -0.0177446  0.0028787 0.00137115 -0.0103992  -0.0106384 -0.00939768   0.0884117 -0.195695 -0.141825  -9.80602 
             38.4997 -0.590669   2.52867    3.4308  1.18486 -2.73286  1.04478 0 0 0   -0.011 -0.02329  0.04412    0.333226   0.0860683 -0.00703435 0.00289415 0.00134225 -0.0103789   -0.012015 -0.00970248   0.0887655 -0.196734 -0.141257  -9.80601 
             38.6047 -0.610456   2.53186   3.25284 1.21485 -2.7246 1.04475 0 0 0   -0.011 -0.02329  0.04412     0.325966    0.0993627 -0.000380163 0.00289274 0.00138007 -0.0103817   -0.011795 -0.00988347   0.0887686 -0.196719 -0.141499  -9.80601 
             38.7002 -0.562566   2.62167   3.04226  1.24169 -2.71407  1.04371 0 0 0   -0.011 -0.02329  0.04412  0.312081  0.118452 0.0097222 0.00286032 0.00136467 -0.0103691 -0.0114581 -0.0104367  0.0889993 -0.196907 -0.142057  -9.80599 
              38.798 -0.651937   2.51566   2.88953  1.27465 -2.71059  1.04259 0 0 0   -0.011 -0.02329  0.04412   0.309365  0.0945005 0.00475608 0.00285379 0.00142008 -0.0103831  -0.0108427 -0.00967999   0.0892869  -0.19613 -0.142122  -9.80601 
             38.9006 -0.62307  2.24614  2.72722  1.30506 -2.70156  1.04246 0 0 0   -0.011 -0.02329  0.04412  0.309113 0.0991447 0.0201904 0.00287565 0.00139397 -0.0103848  -0.0107827 -0.00971906   0.0894495  -0.19615 -0.142205  -9.80601 
                  39 -0.292627   1.72159   2.59276  1.33471 -2.69533  1.04051 0 0 0   -0.011 -0.02329  0.04412  0.307916 0.0811025 0.0061097 0.00285683  0.0014166 -0.0103709  -0.0106188 -0.00950719   0.0900247 -0.196012 -0.142303  -9.80601 
              39.097 0.173359  1.28293  2.43494  1.36397 -2.68548  1.03333 0 0 0   -0.011 -0.02329  0.04412   0.296048  0.0707128 -0.0190706 0.00284279 0.00140444 -0.0103694   -0.010619 -0.00987915   0.0911323 -0.196384 -0.142482    -9.806 
             39.2023 0.668724 0.987136  2.11302  1.39282 -2.67733   1.0352 0 0 0   -0.011 -0.02329  0.04412    0.29321  0.0633708 0.00616524 0.00284988 0.00140031   -0.01036 -0.0107887 -0.0100609  0.0907268 -0.196524 -0.142469    -9.806 
                39.3  1.05413 0.977591  1.80064  1.42293 -2.67501  1.03676 0 0 0   -0.011 -0.02329  0.04412  0.291596 0.0262106 0.0145949 0.00286173 0.00138404 -0.0103691  -0.0106692 -0.00973316   0.0906536 -0.196268 -0.142501    -9.806 
             39.4001 1.16886 1.11395 1.45101  1.45269 -2.67575  1.03879 0 0 0   -0.011 -0.02329  0.04412   0.288716 0.00517821  0.0345852 0.00287724 0.00138195  -0.010368  -0.0105424 -0.00938313   0.0907459 -0.196025 -0.142486  -9.80601 
             39.5007 1.12403 1.23818 1.04436  1.48336 -2.67638  1.04254 0 0 0   -0.011 -0.02329  0.04412   0.286765 -0.0266129  0.0350045 0.00286866 0.00135422 -0.0103589 -0.0103826  -0.009342  0.0909081  -0.19601 -0.142456  -9.80601 
             39.6099 0.982674  1.39895  0.53105  1.51168 -2.67424  1.04376 0 0 0   -0.011 -0.02329  0.04412     0.2914 -0.0221788  0.0397978 0.00285876  0.0013818 -0.0103463  -0.0105767 -0.00939034   0.0913078 -0.196013 -0.141983  -9.80601 
             39.7028 0.763699  1.53925  0.19035  1.53879 -2.67462  1.05162 0 0 0   -0.011 -0.02329  0.04412   0.286789 -0.0232255  0.0659398 0.00284873 0.00140526  -0.010358   -0.01063 -0.0098145  0.0909354 -0.196174 -0.142211  -9.80601 
             39.7998  0.561844   1.52369 -0.199675  1.56293 -2.67436  1.05531 0 0 0   -0.011 -0.02329  0.04412   0.271973 -0.0182191   0.126015 0.00284581 0.00139037 -0.0103277   -0.010133 -0.00948122   0.0917206 -0.196178 -0.141632  -9.80602 
             39.8999  0.217568   1.30212 -0.615673  1.58743 -2.67121  1.06727 0 0 0   -0.011 -0.02329  0.04412  0.256578 0.0146411  0.141474 0.00283698 0.00138253 -0.0103126 -0.00964784  -0.0095389   0.0921208 -0.196211 -0.141195  -9.80602 
             40.0068 -0.270122   1.40864  -1.08144  1.60904 -2.66788  1.06399 0 0 0   -0.011 -0.02329  0.04412  0.246584 0.0376312 0.0822262 0.00283605 0.00136898 -0.0103154 -0.00913161 -0.00850533   0.0942559  -0.19593 -0.140065  -9.80604 
             40.0998 -0.875751   1.76967  -1.46752  1.63332 -2.66311   1.0536 0 0 0   -0.011 -0.02329  0.04412  0.240628 0.0634631 0.0425984 0.00283296 0.00137824 -0.0103159 -0.00884384 -0.00769424   0.0967677 -0.195479 -0.139229  -9.80606 
             40.2042 -1.14287  2.21789 -1.83723  1.65651 -2.65299  1.04046 0 0 0   -0.011 -0.02329  0.04412   0.225794  0.0826561 -0.0373587 0.00278489 0.00136553 -0.0103065 -0.00823459  -0.0074711   0.0988521 -0.195075 -0.138614  -9.80608 
             40.3008 -0.884906   2.28763  -2.09827  1.68182 -2.65194  1.02998 0 0 0   -0.011 -0.02329  0.04412   0.235855  0.0711864 -0.0697398 0.00277873 0.00141071 -0.0103084  -0.0090798 -0.00702907   0.0996925 -0.195582  -0.13908  -9.80606 
             40.4042 -0.249269   2.25322  -2.30686  1.70421 -2.65126   1.0242 0 0 0   -0.011 -0.02329  0.04412   0.245128  0.0599419 -0.0615451 0.00274418 0.00139988 -0.0103018 -0.00948342 -0.00631724   0.0995278 -0.196202 -0.139073  -9.80605 
             40.4999 0.282718   2.3298 -2.35338  1.73111 -2.64462  1.02112 0 0 0   -0.011 -0.02329  0.04412    0.254486   0.0738683 -0.00625911 0.00273786 0.00139832 -0.0103231 -0.00962998 -0.00654538   0.0993035 -0.196104 -0.139303  -9.80605 
              40.604 0.564342  2.48312 -2.43256 1.76095 -2.6308 1.02089 0 0 0   -0.011 -0.02329  0.04412  0.275532 0.0947037 0.0416106 0.00273803 0.00140998 -0.0103062 -0.00936221 -0.00744501   0.0997478 -0.195392 -0.139532  -9.80606 
              40.699 0.820464  2.40258 -2.43582  1.78463 -2.61325  1.01892 0 0 0   -0.011 -0.02329  0.04412  0.267673  0.115956 0.0247622  0.0027364 0.00142266  -0.010333 -0.00828731 -0.00729944    0.100613 -0.194794 -0.138531  -9.80609 
             40.7991  1.35396  2.37705 -2.50923   1.8082 -2.59642   1.0084 0 0 0   -0.011 -0.02329  0.04412   0.255337   0.122864 -0.0032811 0.00272265 0.00141911 -0.0103113 -0.00781605 -0.00644221    0.102471 -0.194686  -0.13711  -9.80611 
             40.8995  1.79694  2.39425 -2.40522  1.82887 -2.58589 0.999856 0 0 0   -0.011 -0.02329  0.04412   0.23862  0.109769 0.0171593 0.00271576 0.00140311 -0.0103122 -0.00789913 -0.00483965    0.103861 -0.195303 -0.135666  -9.80612 
             40.9999  2.09452  2.20455 -2.15015  1.85508 -2.57302 0.998193 0 0 0   -0.011 -0.02329  0.04412  0.246795 0.0942582 0.0573839 0.00271486 0.00140382  -0.010321 -0.00788614 -0.00477817    0.104756 -0.194977 -0.135219  -9.80613 
             41.0991  2.07464  2.02455 -1.81272  1.87798 -2.56713  1.00112 0 0 0   -0.011 -0.02329  0.04412  0.243912 0.0617975  0.097628 0.00273269 0.00138062 -0.0103236 -0.00818395 -0.00357925    0.105462 -0.195533 -0.134356  -9.80613 
              41.204  2.01807  2.06306 -1.50217  1.90507 -2.56378  1.00131 0 0 0   -0.011 -0.02329  0.04412  0.259215 0.0337876   0.11871 0.00273387 0.00140787 -0.0103081  -0.0089298 -0.00205777    0.107092 -0.195923 -0.133101  -9.80614 
             41.2991 2.04183 2.25944 -1.3028   1.9258 -2.56385   1.0056 0 0 0   -0.011 -0.02329  0.04412    0.24924 0.00580795   0.134814 0.00275638 0.00137476 -0.0102744 -0.00896686 0.000293892    0.108524 -0.196553 -0.131113  -9.80615 
             41.3989  1.86139  2.24121 -1.01841  1.95616 -2.56475  1.00397 0 0 0   -0.011 -0.02329  0.04412  0.270994 -0.025247  0.162464 0.00276984 0.00139223 -0.0102943 -0.00972277  0.00264131    0.111132  -0.19669 -0.128835  -9.80618 
             41.4996   1.76966   2.32334 -0.886843  1.97996 -2.56615  1.01074 0 0 0   -0.011 -0.02329  0.04412   0.277794 -0.0269318   0.209992 0.00274593 0.00138874 -0.0102828 -0.00955677  0.00494342     0.11315 -0.196945 -0.126424  -9.80621 
             41.5997   1.61667   2.11262 -0.827437  2.01341 -2.57327  1.01383 0 0 0   -0.011 -0.02329  0.04412   0.299068 -0.0525437   0.204702 0.00274089 0.00142237   -0.01027 -0.0107195 0.00725926   0.115575 -0.197379 -0.124584  -9.80622 
                41.7  1.44354  1.94116 -0.79612   2.0331 -2.57633  1.01616 0 0 0   -0.011 -0.02329  0.04412   0.266266 -0.0575786   0.259082 0.00272353  0.0013986 -0.0102619 -0.0101199 0.00991256   0.118029 -0.197885 -0.121723  -9.80625 
             41.8029   1.26567   1.80416 -0.775782  2.05711 -2.57924  1.02708 0 0 0   -0.011 -0.02329  0.04412   0.260698 -0.0687911   0.326851 0.00274281 0.00139732 -0.0102493 -0.00997845   0.0120653    0.120735  -0.19806 -0.119226  -9.80628 
             41.8996   1.28516   1.55374 -0.777847  2.07666 -2.58086  1.04315 0 0 0   -0.011 -0.02329  0.04412   0.234121 -0.0700643   0.306497 0.00273165 0.00139753 -0.0102302 -0.00933253   0.0137342    0.123079 -0.198087 -0.117012   -9.8063 
             41.9996   1.40922   1.30023 -0.711703  2.10125 -2.58754  1.04536 0 0 0   -0.011 -0.02329  0.04412   0.222746 -0.0789175   0.213846 0.00274256  0.0014137 -0.0102385 -0.00938458   0.0162218    0.126704 -0.197918 -0.114518  -9.80633 
             42.0996   1.26136   1.26656 -0.708529  2.11996 -2.59814  1.03201 0 0 0   -0.011 -0.02329  0.04412   0.211822 -0.0930276  0.0905633 0.00277217 0.00135424 -0.0102478 -0.0086395  0.0198804   0.131365  -0.19763 -0.111163  -9.80638 
             42.2042  0.990761   1.39208 -0.723805  2.14083 -2.61003  1.01695 0 0 0   -0.011 -0.02329  0.04412  0.206257 -0.103318 0.0295332 0.00278519 0.00137831  -0.010246 -0.00822127   0.0225272     0.13488 -0.197114 -0.108916  -9.80641 
             42.3031  0.782557    1.5111 -0.782135  2.16259 -2.62271  1.01414 0 0 0   -0.011 -0.02329  0.04412  0.198854 -0.109448 0.0442694 0.00275993 0.00137743 -0.0102356 -0.0079844  0.0234225   0.136021 -0.196968 -0.108204  -9.80643 
             42.4085  0.686928   1.66055 -0.883325   2.1832 -2.63223  1.01468 0 0 0   -0.011 -0.02329  0.04412  0.199456 -0.102054  0.185271 0.00276166 0.00139196 -0.0102285 -0.0079441  0.0238866   0.137145 -0.19665 -0.10768 -9.80644 
             42.5039 0.452335  1.77015  -1.0128  2.20259 -2.63721  1.03169 0 0 0   -0.011 -0.02329  0.04412   0.192358 -0.0892764   0.227574 0.00280498 0.00140253 -0.0102282 -0.00764691   0.0236973    0.137631 -0.196351 -0.107309  -9.80645 
             42.5995  0.43456  1.89003 -1.13698  2.21632 -2.65122   1.0464 0 0 0   -0.011 -0.02329  0.04412   0.17894 -0.108367  0.279459 0.00275779 0.00138965 -0.0102775 -0.00745665   0.0246486    0.138554 -0.196596 -0.106879  -9.80645 
             42.6952 0.251247  1.78606 -1.35419  2.24116 -2.65923  1.05643 0 0 0   -0.011 -0.02329  0.04412  0.191587 -0.100422   0.20608   0.002825 0.00137289 -0.0102386 -0.00770833   0.0248072    0.140395 -0.196247 -0.106469  -9.80646 
             42.7995 0.0386782   1.68276  -1.51364  2.26088 -2.66074  1.04392 0 0 0   -0.011 -0.02329  0.04412   0.192902 -0.0677033  0.0978279 0.00283238 0.00138665 -0.0102388 -0.00734393   0.0252757    0.144006 -0.195813 -0.105287  -9.80648 
             42.8999 -0.144058   1.70022  -1.65203  2.27873 -2.66592  1.03138 0 0 0   -0.011 -0.02329  0.04412   0.189547 -0.0513564  0.0256508 0.00281831 0.00134749 -0.0102458 -0.00712538   0.0258798    0.146713 -0.195734 -0.104577  -9.80649 
             42.9994 -0.359227   1.66257  -1.76527  2.29824 -2.67209  1.01487 0 0 0   -0.011 -0.02329  0.04412   0.190849 -0.0439373 -0.0183985 0.00281703 0.00136202 -0.0102272 -0.00721279   0.0263731    0.149355 -0.195731 -0.104273  -9.80649 
             43.0995 -0.327261   1.61249  -1.66956  2.31449 -2.67987  1.01007 0 0 0   -0.011 -0.02329  0.04412   0.182125 -0.0440722    0.04407 0.00281848 0.00138055 -0.0102566 -0.00720696   0.0270189     0.15036 -0.196056 -0.104063  -9.80649 
             43.1994 -0.351958   1.72265  -1.57137  2.33638 -2.68236  1.01485 0 0 0   -0.011 -0.02329  0.04412   0.194562 -0.0368675  0.0816991 0.00278971 0.00132934 -0.0102221 -0.00734904   0.0265268    0.150507 -0.195764 -0.104307  -9.80649 
             43.2995 -0.49558  1.45739 -1.38849  2.35553 -2.69121  1.02206 0 0 0   -0.011 -0.02329  0.04412   0.192952 -0.0433654   0.148559 0.00278733 0.00137559 -0.0102245 -0.00784282   0.0269235    0.150962 -0.196146 -0.104541  -9.80648 
             43.3999 -0.429297    1.4224     -1.21  2.37342 -2.69679  1.03341 0 0 0   -0.011 -0.02329  0.04412   0.187035 -0.0387304   0.207865 0.00277654 0.00137076  -0.010232 -0.00772523   0.0272485    0.151766 -0.196292  -0.10444  -9.80648 
             43.5036 -0.606328   1.60019 -0.883269  2.39011 -2.70426  1.03635 0 0 0   -0.011 -0.02329  0.04412   0.165686 -0.0413867   0.169472 0.00281683 0.00133447 -0.0102693 -0.00765228   0.0275156    0.154338 -0.196304 -0.104641  -9.80648 
             43.5995 -0.766454   1.64749 -0.693527  2.40933 -2.70912  1.03536 0 0 0   -0.011 -0.02329  0.04412   0.180867 -0.0368164   0.136813 0.00284022 0.00132963 -0.0102489 -0.00761315   0.0271883    0.156894 -0.195938 -0.105045  -9.80648 
              43.701 -0.873024   1.82171 -0.518755  2.42608 -2.71166  1.02647 0 0 0   -0.011 -0.02329  0.04412   0.177362 -0.0207468   0.116991 0.00284269 0.00133797 -0.0102417 -0.00717627   0.0268045    0.159877 -0.195577 -0.105344  -9.80648 
             43.7996 -0.855576   2.00922 -0.345974  2.44149 -2.71275  1.02043 0 0 0   -0.011 -0.02329  0.04412   0.168475 -0.0108354  0.0775574 0.00282935  0.0013509 -0.0102576 -0.0068345  0.0264668   0.161841 -0.195433 -0.105567  -9.80648 
             43.8995  -0.61412   1.99605 -0.219402  2.46041 -2.71156  1.01183 0 0 0   -0.011 -0.02329  0.04412    0.178325 -0.00508588    0.101565 0.00279806 0.00136076 -0.0102674 -0.00691249   0.0258119    0.163876 -0.195272 -0.105982  -9.80648 
             43.9996 -0.333428   1.64916 -0.117405  2.48085 -2.71031  1.01277 0 0 0   -0.011 -0.02329  0.04412   0.192642 0.00455244  0.0963685 0.00279516 0.00139157 -0.0102515 -0.00711194   0.0253844    0.165139 -0.195207 -0.106234  -9.80648 
             44.0997 -0.181286   1.41754 -0.106611  2.49637 -2.71019  1.01472 0 0 0   -0.011 -0.02329  0.04412   0.179764 0.00343799   0.124161 0.00280151 0.00138311 -0.0102437 -0.00687996   0.0253012    0.166365 -0.195318 -0.106341  -9.80648 
             44.1995 -0.360451   1.33563 -0.140835  2.51503 -2.71225  1.02038 0 0 0   -0.011 -0.02329  0.04412 0.166314 0.017137 0.149517  0.0027884 0.00139801 -0.0102398 -0.00698325   0.0254854    0.167645 -0.195273 -0.106519  -9.80648 
             44.3001 -0.645818   1.47971 -0.185584  2.52785 -2.71316  1.03033 0 0 0   -0.011 -0.02329  0.04412  0.153387 0.0129074  0.205612 0.00280347 0.00138369 -0.0102422 -0.00651675   0.0257423    0.169334 -0.195215 -0.106579  -9.80648 
             44.4024 -0.785167   1.58622 -0.197879  2.53917 -2.71493  1.03412 0 0 0   -0.011 -0.02329  0.04412     0.12639 -0.00323361    0.158715 0.00280785 0.00137592 -0.0102448 -0.00596949   0.0259159    0.171479 -0.194993 -0.106693  -9.80648 
              44.505 -0.720009   1.63896 -0.231114  2.55142 -2.71405  1.02452 0 0 0   -0.011 -0.02329  0.04412    0.112213 -0.00716447   0.0451047 0.00280127 0.00139963 -0.0102151 -0.00552143   0.0255371    0.174264 -0.194539 -0.106913  -9.80649 
             44.6017 -0.668043   1.93495 -0.207217  2.56303 -2.71839  1.00857 0 0 0   -0.011 -0.02329  0.04412  0.0914184 -0.0270156 -0.0240956  0.0027964 0.00140888 -0.0102093 -0.00541732   0.0253899    0.176676  -0.19423 -0.107341  -9.80649 
             44.7049 -0.970781   2.04519 -0.169876  2.57365 -2.72299  1.00194 0 0 0   -0.011 -0.02329  0.04412   0.099497 -0.0562278 -0.0674793 0.00282894 0.00143642 -0.0101927 -0.00555437   0.0254047    0.177052 -0.194181 -0.107459  -9.80649 
             44.7996    -1.0623    1.96462 -0.0773356  2.58533 -2.73048 0.998918 0 0 0   -0.011 -0.02329  0.04412   0.107035 -0.0650262 -0.0296809 0.00282446 0.00145047 -0.0101851 -0.00571706   0.0256137    0.176836 -0.194172 -0.107506  -9.80649 
             44.8996    -1.1307    1.97892 -0.0178545  2.59443 -2.73694  1.00715 0 0 0   -0.011 -0.02329  0.04412   0.110545 -0.0538259  0.0308961 0.00283581 0.00140505 -0.0101912 -0.00547697    0.025939    0.175741 -0.194178 -0.107227  -9.80649 
              45.002  -1.08661   2.03552 0.0811099 2.60392 -2.7374 1.01463 0 0 0   -0.011 -0.02329  0.04412   0.104697 -0.0459182  0.0322927 0.00283453  0.0014155 -0.0101966 -0.00530893    0.025747     0.17519 -0.194111 -0.106945   -9.8065 
             45.0993 -1.06342  2.21942 0.163325  2.61971 -2.73912  1.01602 0 0 0   -0.011 -0.02329  0.04412   0.123636 -0.0370541  0.0209496 0.00283248 0.00143134 -0.0101813 -0.00572193   0.0253979    0.175401 -0.193964 -0.106984   -9.8065 
             45.1997 -1.05999  2.33171  0.31048   2.6325 -2.73482  1.01568 0 0 0   -0.011 -0.02329  0.04412    0.122278 -0.00628533    0.018564  0.0027962 0.00141701  -0.010201 -0.00578801   0.0246891     0.17555 -0.193898 -0.106831   -9.8065 
              45.296 -1.55112  2.46799 0.427854 2.64566  -2.739 1.01725 0 0 0   -0.011 -0.02329  0.04412  0.116214 0.0037301 0.0282356 0.00281573 0.00139314 -0.0101992 -0.00587921   0.0249848    0.175611 -0.193892 -0.106952   -9.8065 
             45.3995  -1.8549  2.60309 0.503563  2.65249 -2.73684  1.01989 0 0 0   -0.011 -0.02329  0.04412 0.0964967 0.0101658 0.0128608 0.00278513 0.00139101 -0.0101996 -0.00549388   0.0248501    0.175626 -0.194021 -0.106936   -9.8065 
             45.4996 -2.16414  2.69826 0.602436  2.66128 -2.74283  1.01841 0 0 0   -0.011 -0.02329  0.04412   0.105346 -0.0105418   0.040784 0.00278729 0.00139663 -0.0101909 -0.00556016   0.0251445    0.176299 -0.194139 -0.107454  -9.80649 
             45.5986 -2.63066   2.4208 0.845195  2.67576 -2.74618  1.01862 0 0 0   -0.011 -0.02329  0.04412    0.12533 -0.0124057  0.0158678 0.00278791 0.00139525  -0.010203 -0.00589597   0.0251572    0.176709 -0.194146 -0.107732  -9.80649 
             45.7016 -2.59132  1.96149  1.08908  2.69224 -2.75369  1.01445 0 0 0   -0.011 -0.02329  0.04412    0.151386  -0.0176335 -0.00540912 0.00277572 0.00137948 -0.0101708 -0.00623531   0.0252736    0.177301 -0.194116 -0.108265  -9.80648 
             45.7995 -2.2088 1.67506 1.27239  2.70825 -2.75364  1.00984 0 0 0   -0.011 -0.02329  0.04412   0.152428 0.00489804 -0.0164189 0.00275805 0.00139513 -0.0101475 -0.0064514  0.0248862   0.177659 -0.194184 -0.108508  -9.80648 
             45.8996 -1.89506  2.06562  1.48001 2.71826 -2.7474 1.00764 0 0 0   -0.011 -0.02329  0.04412    0.131348   0.0416017 -0.00390183 0.00274911 0.00140107 -0.0101553 -0.00623245   0.0242991    0.177766 -0.194439 -0.108664  -9.80647 
             45.9994 -1.78564  2.38465  1.63527  2.72619 -2.74206  1.01188 0 0 0   -0.011 -0.02329  0.04412    0.107693   0.0501295 -0.00256059 0.00274824 0.00140331 -0.0101355 -0.00586854   0.0245308    0.177176  -0.19456 -0.108374  -9.80647 
             46.1014 -1.8065 2.62244 1.73711  2.73308 -2.73378  1.01214 0 0 0   -0.011 -0.02329  0.04412  0.0908621  0.0501488 -0.0199041 0.00273196 0.00140549 -0.0101205 -0.00571776   0.0241544    0.177035 -0.194813 -0.108384  -9.80647 
             46.1997 -1.75423  2.72612  1.77248  2.73292 -2.73181  1.01119 0 0 0   -0.011 -0.02329  0.04412  0.0628966  0.0299629 -0.0394451 0.00271727 0.00137977 -0.0101048 -0.00478865   0.0239458    0.176854 -0.194873  -0.10885  -9.80646 
             46.2996 -1.52148   2.8164  1.84689  2.74178 -2.72948  1.00643 0 0 0   -0.011 -0.02329  0.04412  0.0701893  0.0268785 -0.0503449 0.00272304  0.0013939 -0.0101204 -0.00500375   0.0241731    0.176915 -0.194759 -0.108719  -9.80646 
             46.3976 -1.36351  2.84363  1.86433  2.75021 -2.72762  1.00319 0 0 0   -0.011 -0.02329  0.04412  0.0729848  0.0169809 -0.0211945 0.00271395 0.00137679 -0.0101092 -0.00513171   0.0242303     0.17711  -0.19473 -0.108752  -9.80646 
             46.4977 -1.40109   2.6499  1.82986  2.75694 -2.71577  1.00799 0 0 0   -0.011 -0.02329  0.04412   0.0465949   0.0578103 0.000616602 0.00271322 0.00136791 -0.0100952 -0.00539888   0.0238942    0.176397 -0.195024 -0.108226  -9.80646 
             46.6035 -1.58436  2.61128  1.74525  2.75765 -2.70828   1.0157 0 0 0   -0.011 -0.02329  0.04412 0.0205518 0.0673522 0.0521105 0.00271231 0.00134392 -0.0100985 -0.00492408   0.0239215    0.175544 -0.194908 -0.108028  -9.80647 
             46.6999 -1.63644  2.35105  1.64585  2.76183 -2.70649  1.01288 0 0 0   -0.011 -0.02329  0.04412 0.0162211 0.0588991 0.0220015 0.00271047 0.00136004 -0.0101085 -0.00510386    0.024082     0.17645 -0.194817 -0.108387  -9.80647 
             46.8014 -1.80638  2.23575  1.57904 2.77146  -2.707  1.0198 0 0 0   -0.011 -0.02329  0.04412 0.0365682 0.0472369 0.0406387 0.00273628 0.00128893 -0.0100891 -0.00515123    0.025248    0.176011 -0.194138 -0.107885  -9.80649 
             46.8997 -1.80443  2.14895  1.66074  2.77467 -2.70381  1.01766 0 0 0   -0.011 -0.02329  0.04412  0.021875 0.0538649 0.0161764  0.0027451 0.00126241 -0.0100691 -0.00519361   0.0251031     0.17665 -0.194131  -0.10824  -9.80648 
             47.0017 -1.65988  2.14253  1.75836  2.77558 -2.69714  1.01559 0 0 0   -0.011 -0.02329  0.04412  0.0185068  0.0709346 0.00384883 0.00278414 0.00124776 -0.0100688 -0.00520091   0.0247386    0.177064 -0.194259  -0.10852  -9.80648 
             47.1024 -1.37225  2.35749  1.88915  2.77947 -2.69406   1.0124 0 0 0   -0.011 -0.02329  0.04412  0.0224814  0.0668471 -0.0230694 0.00276254 0.00127777  -0.010086 -0.00519542   0.0250166     0.17735  -0.19402 -0.108636  -9.80648 
             47.1978 -1.26249  2.64282  2.01324  2.78148 -2.68706  1.00543 0 0 0   -0.011 -0.02329  0.04412   0.024049  0.0769949 -0.0596787  0.0027642  0.0012594 -0.0100911 -0.00519753   0.0247427     0.17779 -0.194093   -0.1089  -9.80647 
             47.2997 -1.37811  2.94161  2.15746  2.78755 -2.68019  1.00381 0 0 0   -0.011 -0.02329  0.04412  0.0442376  0.0903801 -0.0149083 0.00277874 0.00127526 -0.0100671 -0.0053171  0.0251939   0.177599 -0.193865 -0.108644  -9.80648 
             47.4005 -1.71167  2.99749  2.40751  2.78894 -2.66359  1.00847 0 0 0   -0.011 -0.02329  0.04412  0.0420993   0.122685 -0.0115266 0.00274898 0.00124326 -0.0100702 -0.00526378   0.0246947    0.176757 -0.194214 -0.108385  -9.80648 
             47.4997 -1.84692  2.93657   2.6506  2.79219 -2.65597  1.00098 0 0 0   -0.011 -0.02329  0.04412  0.0416828   0.124898 -0.0509783 0.00281592 0.00125619 -0.0100596 -0.00498518   0.0247356    0.177498 -0.194071 -0.108955  -9.80647 
             47.5996 -1.69836   3.0875  2.84753  2.79892 -2.63946 0.993022 0 0 0   -0.011 -0.02329  0.04412  0.0632571   0.150362 -0.0551486 0.00278251 0.00125051 -0.0100403 -0.00557999    0.024409    0.177922 -0.194467 -0.108946  -9.80647 
             47.7055 -1.29223  3.40004  3.00201  2.80214 -2.61888 0.983939 0 0 0   -0.011 -0.02329  0.04412  0.0706477   0.174943 -0.0654758  0.0027555 0.00126647 -0.0100303 -0.0059249  0.0233729   0.178381 -0.195215 -0.109452  -9.80645 
             47.7999 -0.694491   3.75925   2.96332  2.81217 -2.59853 0.986003 0 0 0   -0.011 -0.02329  0.04412  0.0919933   0.197612 -0.0346333 0.00273799 0.00128243 -0.0100208 -0.00573137   0.0239922    0.177387 -0.194804 -0.108694  -9.80646 
             47.9007 -0.602456   3.78815   2.83635  2.82303 -2.57857 0.982026 0 0 0   -0.011 -0.02329  0.04412   0.114375   0.193853 -0.0389958 0.00273351 0.00130792 -0.0100103 -0.00590342   0.0240426    0.177407 -0.194864 -0.108575  -9.80646 
             47.9998 -0.151047   3.57999   2.62793   2.8341 -2.56252 0.983337 0 0 0   -0.011 -0.02329  0.04412   0.120913   0.177639 -0.0189077 0.00271387 0.00132513 -0.0100138 -0.00511557   0.0243291    0.176833 -0.194173 -0.108588  -9.80648 
             48.1048 0.511289  3.20331  2.10138  2.84194 -2.54731 0.981255 0 0 0   -0.011 -0.02329  0.04412   0.118463   0.169762 -0.0195815  0.00271101  0.00130523 -0.00999696 -0.00454563   0.0239974    0.176951 -0.194111 -0.109159  -9.80647 
                48.2 0.999438  2.54427  1.49688  2.85519 -2.52778 0.980371 0 0 0   -0.011 -0.02329  0.04412   0.130204   0.162201 0.00290317  0.0026792 0.00131744  -0.010007 -0.00493136   0.0238367      0.1769 -0.194371 -0.108976  -9.80647 
             48.2999   1.1618  1.85892 0.770072  2.86755 -2.50976 0.985183 0 0 0   -0.011 -0.02329  0.04412  0.133035  0.138384 0.0222369  0.00269489  0.00132835 -0.00999482 -0.00494486   0.0234512    0.176554 -0.194431 -0.109058  -9.80647 
             48.4029   1.34427   1.53588 0.0563089  2.87814 -2.49176 0.991269 0 0 0   -0.011 -0.02329  0.04412  0.119482  0.122932 0.0244234  0.00269107  0.00132159 -0.00999924 -0.00482997   0.0227099    0.176122 -0.194617 -0.109346  -9.80646 
             48.5014   1.55954   1.66575 -0.732396  2.88856 -2.48396 0.996383 0 0 0   -0.011 -0.02329  0.04412  0.113174 0.0948702 0.0382562   0.0026506  0.00133912 -0.00996965 -0.004628 0.0227514  0.175872 -0.194539 -0.109611  -9.80646 
             48.5998  1.62923  1.73445 -1.36879  2.90062 -2.47858  1.00539 0 0 0   -0.011 -0.02329  0.04412  0.119138 0.0539249  0.107011 0.00265097 0.00135953 -0.0099756 -0.00468227    0.022809    0.175758 -0.194536 -0.109742  -9.80646 
                48.7  1.57746  1.72006 -1.94711  2.91444 -2.47133  1.02611 0 0 0   -0.011 -0.02329  0.04412  0.124783 0.0494008  0.206619   0.0026811  0.00136649 -0.00996741 -0.00476443   0.0224073    0.175566 -0.194459 -0.109916  -9.80646 
             48.7999  1.46238  1.99284 -2.60959  2.92615 -2.46689  1.03842 0 0 0   -0.011 -0.02329  0.04412  0.108609 0.0281713  0.171151  0.00266114  0.00136737 -0.00995473 -0.00466157   0.0229834    0.176347 -0.194305 -0.109253  -9.80647 
              48.898  1.32982  2.25275 -3.21196  2.93375 -2.46274   1.0369 0 0 0   -0.011 -0.02329  0.04412 0.0850633 0.0133377  0.104335  0.00266043   0.0013477 -0.00995592 -0.00414039    0.025012    0.178654 -0.194036 -0.107033   -9.8065 
             49.0002  1.52371  2.46652 -3.69723  2.93986 -2.45714  1.02831 0 0 0   -0.011 -0.02329  0.04412 0.0671325 0.0309907 0.0669787  0.00267682  0.00134824 -0.00995386 -0.00362501   0.0268968    0.181097 -0.193689 -0.104772  -9.80653 
             49.0999 1.21282 2.55496 -3.9623  2.94575 -2.45444  1.02222 0 0 0   -0.011 -0.02329  0.04412 0.0604963 0.0214965  0.114094  0.00268218  0.00136039 -0.00995474 -0.00390394   0.0288188     0.18342 -0.193956 -0.102891  -9.80654 
             49.2001 0.0360435   2.34906  -4.07373  2.94986 -2.45101  1.03026 0 0 0   -0.011 -0.02329  0.04412 0.0365621 0.0266075  0.163474  0.00272583  0.00136732 -0.00993465 -0.00382346   0.0296415    0.184391 -0.193985 -0.101955  -9.80655 
             49.2998 -0.358744    2.0292  -3.84291 2.95604 -2.4449 1.04965 0 0 0   -0.011 -0.02329  0.04412 0.0353924 0.0412647  0.211829  0.00266262  0.00137541 -0.00997142 -0.00353916    0.028833    0.184398 -0.193373 -0.102408  -9.80656 
             49.3998 -0.426332   1.66838  -3.57783   2.9607 -2.44214  1.08143 0 0 0   -0.011 -0.02329  0.04412 0.0274186 0.0552762  0.342672  0.00266326   0.0013794 -0.00995498 -0.00401054   0.0284749    0.183721 -0.193645 -0.103029  -9.80655 
             49.4994 -0.241134   1.52771  -3.22108  2.96126 -2.43737  1.11849 0 0 0   -0.011 -0.02329  0.04412 0.00290155  0.0406123   0.344038  0.00268187  0.00137911 -0.00997473 -0.00403778   0.0288652    0.183403 -0.193878 -0.102775  -9.80655 
                49.6 -0.102351   1.66986  -2.87807  2.96493 -2.43337  1.15064 0 0 0   -0.011 -0.02329  0.04412 -0.0122759  0.0194546   0.332731  0.00266888  0.00137622 -0.00998343 -0.00424849   0.0278705    0.183723 -0.193511 -0.103608  -9.80654 
             49.6998  1.12739  1.08985 -2.71279  2.96052 -2.42724  1.17204 0 0 0   -0.011 -0.02329  0.04412 -0.0376961  0.0197849   0.256168  0.00263025   0.0014149 -0.00996679 -0.00319023   0.0278268    0.184908 -0.192674 -0.103117  -9.80657 
             49.7998  1.97898 0.491298 -2.60377  2.95815 -2.42322  1.18577 0 0 0   -0.011 -0.02329  0.04412 -0.0568847  0.0015457   0.205528   0.0026437  0.00142828 -0.00998005 -0.00274419   0.0275051    0.186201 -0.191937  -0.10312  -9.80658 
             49.8998  2.18692  0.72321 -2.67418  2.95053 -2.41879  1.20912 0 0 0   -0.011 -0.02329  0.04412  -0.0860024 -0.00258997    0.184094  0.00263586  0.00139138 -0.00994169 -0.00221154   0.0269238    0.185851 -0.191445 -0.103171  -9.80659 
             50.0049  2.39228  1.13262 -2.72776  2.93517 -2.41873  1.22404 0 0 0   -0.011 -0.02329  0.04412  -0.133721 -0.0311378   0.153498  0.00265144  0.00138871 -0.00993408 -0.00149678   0.0275821    0.185995  -0.19132 -0.102357   -9.8066 
             50.1016  2.21781  1.52591 -2.78061 2.92629 -2.4259 1.24125 0 0 0   -0.011 -0.02329  0.04412  -0.134479 -0.0780019    0.22973  0.00267914  0.00137691 -0.00993615 -0.00208909   0.0272473    0.185979 -0.191465 -0.102903  -9.80659 
             50.2073  1.70294   1.9497 -2.86414  2.90263 -2.44412  1.26879 0 0 0   -0.011 -0.02329  0.04412  -0.17675 -0.128688    0.2711   0.0027302  0.00137202 -0.00989611 -0.00235501   0.0285375    0.185855 -0.192452 -0.102351  -9.80658 
             50.2989  1.23972  2.36378 -2.89684  2.88304 -2.45571  1.28937 0 0 0   -0.011 -0.02329  0.04412 -0.190706 -0.140986  0.239036  0.00273538  0.00137656 -0.00990731 -0.0020172  0.0293699   0.186655 -0.192187 -0.101393  -9.80659 
             50.4026 0.743654  2.46651 -2.81985  2.86068 -2.46379  1.29362 0 0 0   -0.011 -0.02329  0.04412 -0.200993  -0.13741  0.157334 0.00269972 0.00138465    -0.0099 -0.00127606   0.0310453    0.188564  -0.191768 -0.0992519   -9.80662 
             50.4999 0.553373  2.32425 -2.72896  2.84015 -2.47469  1.29333 0 0 0   -0.011 -0.02329  0.04412  -0.19223 -0.135015 0.0875696  0.00270371  0.00139294 -0.00988938 -0.00128084   0.0319534    0.190336  -0.191687 -0.0980686   -9.80664 
             50.6051 0.463637  2.33328 -2.58992  2.82121 -2.48191  1.30096 0 0 0   -0.011 -0.02329  0.04412 -0.191334 -0.121114  0.118889  0.00269755  0.00138301 -0.00987826 -0.000636128    0.0317617     0.190577   -0.19115 -0.0977284   -9.80665 
             50.7001 0.168929  2.14237 -2.31527 2.81165 -2.4918 1.31159 0 0 0   -0.011 -0.02329  0.04412 -0.152889 -0.118028  0.129443  0.00270531  0.00139972 -0.00989997 -0.00115504   0.0306556    0.190819 -0.190754 -0.098596  -9.80665 
             50.8001 -0.0114903    2.19538   -2.07612  2.79537 -2.50255  1.32498 0 0 0   -0.011 -0.02329  0.04412 -0.164424 -0.102153  0.128378  0.00271136  0.00140293 -0.00988346 -0.000966086    0.0307305     0.190744  -0.190706 -0.0984611   -9.80665 
             50.8988 0.189029  2.70716 -1.73772  2.77942 -2.51196  1.33249 0 0 0   -0.011 -0.02329  0.04412    -0.1567 -0.0985061  0.0888761   0.0026916  0.00139887 -0.00989021 -0.0009981  0.0306504   0.191242  -0.190646 -0.0984193   -9.80665 
             51.0015 0.211616  3.16284 -1.45776  2.76419 -2.52489  1.33743 0 0 0   -0.011 -0.02329  0.04412   -0.1163  -0.11608 0.0629609  0.00268833  0.00139595 -0.00988508 -0.00115397   0.0309196    0.191573  -0.190879 -0.0983241   -9.80665 
             51.1081 0.284135  4.34666 -1.39117  2.75547 -2.53314  1.33993 0 0 0   -0.011 -0.02329  0.04412 -0.0905572  -0.103414  0.0486614  0.00270563  0.00137501 -0.00987083 -0.00116645   0.0306707    0.191907  -0.190764 -0.0983004   -9.80665 
                51.2 0.279018  5.00054 -1.42843  2.74625 -2.54734  1.34388 0 0 0   -0.011 -0.02329  0.04412 -0.0705404  -0.131442  0.0310217  0.00269372  0.00140915 -0.00986539 -0.00125908   0.0310114    0.191936  -0.191008 -0.0982538   -9.80665 
             51.3016 0.730621  4.79525 -1.53844  2.74393 -2.56052  1.34968 0 0 0   -0.011 -0.02329  0.04412 -0.0366483  -0.147648   0.020324  0.00267789   0.0013946 -0.00984104 -0.00114707   0.0306665    0.191555  -0.190554 -0.0985379   -9.80665 
             51.4006  1.18829  3.65589 -1.54898  2.74569 -2.57695  1.35243 0 0 0   -0.011 -0.02329  0.04412 -0.00206888   -0.157588  0.00637019   0.0026846  0.00143984 -0.00985983 -0.0012498  0.0304539   0.191295  -0.190265 -0.0988669   -9.80666 
                51.5  0.94614  3.04717 -1.59459 2.74194 -2.5947 1.35431 0 0 0   -0.011 -0.02329  0.04412  0.00408792   -0.171245 -0.00337161   0.0026849  0.00143065 -0.00984986 -0.000720283     0.030686     0.191062  -0.190166 -0.0987547   -9.80666 
             51.6008 0.567971  3.25533   -1.549  2.74871 -2.61136  1.35714 0 0 0   -0.011 -0.02329  0.04412   0.0297043   -0.172718 -0.00165035  0.00268448  0.00137508 -0.00986825 -0.000705684    0.0300568      0.19063  -0.189647 -0.0992594   -9.80666 
             51.7108 0.184952  3.33964 -1.56768   2.7515 -2.63188  1.35728 0 0 0   -0.011 -0.02329  0.04412  0.0359103  -0.189339 -0.0170198   0.0026748  0.00137704 -0.00986328 -0.000727474    0.0302746     0.190517  -0.189759 -0.0993117   -9.80666 
             51.8027 -0.00795742     3.19137    -1.53522  2.75646 -2.65059  1.35256 0 0 0   -0.011 -0.02329  0.04412  0.0318511  -0.192036 -0.0378089  0.00265798  0.00137053 -0.00988439 -0.00106238    0.030332    0.190777  -0.189918 -0.0993339   -9.80666 
             51.8945 -0.0467937    2.94034   -1.61338 2.75553 -2.6712 1.34959 0 0 0   -0.011 -0.02329  0.04412  0.0246865  -0.195644 -0.0201928  0.00265845  0.00137443 -0.00985964 -0.000704121    0.0306626     0.190731  -0.190026 -0.0990739   -9.80666 
             51.9995 0.0755283   2.77056  -1.71403  2.75517 -2.68511   1.3523 0 0 0   -0.011 -0.02329  0.04412    0.0112111    -0.196688 -0.000566348  0.00263864  0.00137612 -0.00987423 0.000104938   0.0302769    0.190244  -0.189489 -0.0988821   -9.80667 
             52.0965 0.671636    2.226 -1.90579  2.76021 -2.70958  1.35199 0 0 0   -0.011 -0.02329  0.04412    0.0259085    -0.208935 -0.000651974  0.00263936  0.00141041 -0.00987072 -0.000479759    0.0303294     0.190262  -0.189662 -0.0992128   -9.80666 
             52.2079   1.5947  2.27105 -2.07854  2.76604 -2.72867   1.3515 0 0 0   -0.011 -0.02329  0.04412  0.0332499  -0.221504 0.00737183 0.00261963 0.00138799 -0.0098621 -0.000618337    0.0298476     0.190331  -0.189414 -0.0994024   -9.80667 
             52.3018  1.87205  2.62848 -2.11769  2.76949 -2.74529  1.35381 0 0 0   -0.011 -0.02329  0.04412 0.0378117 -0.230376 0.0500861  0.00265367  0.00139045 -0.00984771 -0.000139291    0.0292242     0.190254  -0.188897 -0.0993375   -9.80668 
             52.4001  1.59387   2.5623 -1.94386  2.77307 -2.77188  1.36021 0 0 0   -0.011 -0.02329  0.04412 0.0406931 -0.278017 0.0851848  0.00268678  0.00142069 -0.00985309 -0.000254522     0.029237     0.190135  -0.188977 -0.0994671   -9.80668 
             52.5005   1.5165  2.46517 -1.77823  2.77693 -2.80329  1.37146 0 0 0   -0.011 -0.02329  0.04412 0.0381955 -0.320928  0.122629  0.00267999  0.00141353 -0.00984309 -0.000313402    0.0291997     0.189915 -0.189053 -0.099653  -9.80667 
                52.6   1.7049  2.58287 -1.57801  2.78272 -2.83861  1.39139 0 0 0   -0.011 -0.02329  0.04412 0.0536144 -0.368496  0.259427  0.00267633  0.00141306 -0.00983967 -0.000591103    0.0291056     0.189719  -0.189162 -0.0999824   -9.80667 
              52.698  1.79422  2.86316 -1.40967  2.78815 -2.88001  1.41234 0 0 0   -0.011 -0.02329  0.04412 0.0662084 -0.404266  0.301798   0.0027171  0.00138199 -0.00984511 -0.000956867    0.0301662     0.190751  -0.189554 -0.0991359   -9.80667 
             52.8029  2.03712  3.03862 -1.36362  2.79008 -2.92434  1.43007 0 0 0   -0.011 -0.02329  0.04412 0.0610778 -0.458656   0.23087    0.002699   0.0013775 -0.00983266 -0.00123423   0.0318766    0.191985  -0.190272 -0.0978743   -9.80667 
             52.8942    2.307  3.14868 -1.38648 2.79655 -2.9692  1.4177 0 0 0   -0.011 -0.02329  0.04412  0.0651691  -0.473878 -0.0104898  0.00268727  0.00139442 -0.00981982 -0.00218877   0.0343131    0.195038  -0.191131 -0.0951748   -9.80668 
             53.0188  2.18908  3.36659 -1.44047  2.79784 -3.01575  1.38499 0 0 0   -0.011 -0.02329  0.04412 0.0372994 -0.497409 -0.202162  0.00268184  0.00133743 -0.00981758 -0.00293136   0.0367099    0.197529  -0.192132 -0.0926261   -9.80668 
             53.0998  1.55232  3.02465 -1.53931  2.80178 -3.06922  1.34027 0 0 0   -0.011 -0.02329  0.04412 0.0425132 -0.524502 -0.331529  0.00270466  0.00137171 -0.00980848 -0.00404308   0.0387721    0.199434  -0.193172 -0.0907936   -9.80668 
             53.2016  0.71153  2.82501 -1.57342  2.80669 -3.11275  1.30377 0 0 0   -0.011 -0.02329  0.04412 0.0428934 -0.504666  -0.35883  0.00266709  0.00137173 -0.00982013 -0.00392225   0.0385129    0.199783  -0.192979 -0.0904095   -9.80668 
             53.2992 0.174664  2.57075  -1.6101 2.81502 -3.1667 1.27225 0 0 0   -0.011 -0.02329  0.04412 0.0617023 -0.510041 -0.344068  0.00264337  0.00138315 -0.00980755 -0.00406745    0.038154    0.199249  -0.192811 -0.0909883   -9.80668 
             53.4035 -0.783635   2.20015  -1.57032  2.82565 -3.21017  1.25208 0 0 0   -0.011 -0.02329  0.04412 0.0795482 -0.481161 -0.281222  0.00269568   0.0014115 -0.00982122 -0.00368973   0.0370354    0.197998  -0.192052 -0.0916428   -9.80669 
             53.4961  -1.5041  2.20527 -1.55703  2.83949 -3.25943  1.23614 0 0 0   -0.011 -0.02329  0.04412  0.103304 -0.452454 -0.217134  0.00267162  0.00140198 -0.00981474 -0.00379672   0.0366257     0.19665  -0.191668 -0.0920929   -9.80669 
             53.6001 -1.77612  2.32034 -1.55297  2.85002 -3.30453   1.2222 0 0 0   -0.011 -0.02329  0.04412   0.117723  -0.438095 -0.0482664  0.00265003  0.00138336 -0.00978697 -0.00373631   0.0368392     0.19625  -0.191684 -0.0919922    -9.8067 
             53.7182  -2.8059  2.49263 -1.51448  2.86122 -3.34758  1.21836 0 0 0   -0.011 -0.02329  0.04412   0.137236  -0.392615 -0.0265416  0.00265211  0.00137335 -0.00978786 -0.00384387   0.0369697    0.196325  -0.191804 -0.0920563   -9.80669 
             53.7995 -3.20722  2.48225 -1.53406  2.86929 -3.37884  1.22669 0 0 0   -0.011 -0.02329  0.04412  0.154784 -0.301738  0.179968 0.00264635 0.00136786 -0.0097795 -0.00309922   0.0366052    0.196814  -0.191744 -0.0919487   -9.80669 
             53.9018 -3.24041  2.61451 -1.66415 2.88921  -3.402 1.22062 0 0 0   -0.011 -0.02329  0.04412  0.156958 -0.255126  0.135643  0.00264194  0.00137371 -0.00977119 -0.00358328   0.0340649    0.198732  -0.191786 -0.0940614   -9.80667 
             53.9992 -3.17584  2.43396 -1.61426  2.90335 -3.42622  1.19189 0 0 0   -0.011 -0.02329  0.04412   0.146562  -0.205017 -0.0426069   0.0026445  0.00135493 -0.00977863 -0.00412422   0.0304373     0.20162  -0.192379 -0.0974942   -9.80663 
             54.1055 -2.26752  1.88303 -1.60508   2.9173 -3.44492  1.14026 0 0 0   -0.011 -0.02329  0.04412   0.13593 -0.151184 -0.212669  0.00263099  0.00134751 -0.00976592 -0.00499036   0.0258132    0.205254  -0.19317 -0.102037  -9.80657 
              54.205 -2.08966  1.75412 -1.67175  2.93316 -3.46382   1.0939 0 0 0   -0.011 -0.02329  0.04412  0.137463 -0.155373 -0.352043  0.00264786  0.00134798 -0.00975157 -0.00574038    0.023212    0.207701 -0.193596 -0.104928  -9.80653 
             54.3002 -2.61295  1.74791 -1.74536  2.94243 -3.47498  1.03994 0 0 0   -0.011 -0.02329  0.04412   0.118268 -0.0867603  -0.399099  0.00267118  0.00132767 -0.00974456 -0.00551495   0.0212655    0.209858 -0.193628 -0.106733  -9.80651 
             54.4014 -3.19473  1.51616 -1.78972  2.95464 -3.48205 0.994603 0 0 0   -0.011 -0.02329  0.04412   0.100812 -0.0196717  -0.425422  0.00269168   0.0013552 -0.00973831 -0.00562847   0.0207592    0.210431 -0.193624  -0.10731   -9.8065 
             54.5053 -3.72576  1.31183  -1.7346  2.96645 -3.47775 0.946151 0 0 0   -0.011 -0.02329  0.04412  0.083873 0.0570429 -0.446916  0.00267418  0.00134306 -0.00974143 -0.00556955   0.0196886    0.211138 -0.193321  -0.10807   -9.8065 
             54.5995  -4.4106 0.892513 -1.70432  2.97369 -3.46516 0.915782 0 0 0   -0.011 -0.02329  0.04412 0.0625936  0.143923 -0.314032  0.00263943  0.00135187 -0.00973288 -0.00548185   0.0202867    0.210447 -0.193291 -0.107225  -9.80651 
             54.7001 -5.01595 0.484636 -1.68267  2.97846  -3.4483 0.875152 0 0 0   -0.011 -0.02329  0.04412 0.0462613  0.229775 -0.322379  0.00265523  0.00138486 -0.00973933 -0.00522217   0.0190064    0.211478 -0.193092 -0.108623   -9.8065 
             54.8002 -5.20969 0.757292 -1.72693  2.98187 -3.42948 0.829669 0 0 0   -0.011 -0.02329  0.04412 0.0163977  0.278306 -0.358302  0.00264381  0.00136876 -0.00973452 -0.00518951    0.017514    0.212707    -0.193 -0.110769  -9.80648 
             54.9047 -6.36739 0.624617 -1.58119  2.98005 -3.39517 0.775496 0 0 0   -0.011 -0.02329  0.04412 -0.0151027   0.378463  -0.408326  0.00267529  0.00138257 -0.00975606 -0.00365173   0.0129886    0.215005 -0.191648 -0.114795  -9.80646 
             54.9991 -7.83402 0.207798 -1.43171  2.98037 -3.35407 0.731094 0 0 0   -0.011 -0.02329  0.04412 -0.0379271    0.50147  -0.379546  0.00273644  0.00140357 -0.00975532 -0.00373872   0.0117024     0.21562 -0.191413  -0.11627  -9.80644 
             55.1011 -8.65702 0.133511 -1.35944  2.97262 -3.30042 0.697738 0 0 0   -0.011 -0.02329  0.04412 -0.0796016   0.599947  -0.329444  0.00270247  0.00137856 -0.00972818 -0.00384404   0.0127046    0.215313 -0.191716  -0.11544  -9.80645 
             55.2086  -9.24061 -0.332914  -1.22582    2.957 -3.23452 0.667103 0 0 0   -0.011 -0.02329  0.04412 -0.129781  0.676272 -0.277958  0.00270501  0.00141755 -0.00972425 -0.00325491   0.0130777    0.215196 -0.191721 -0.114783  -9.80645 
             55.3002  -8.80402 -0.788457  -1.23589  2.93984 -3.17013 0.650865 0 0 0   -0.011 -0.02329  0.04412 -0.184377  0.713216  -0.20811  0.00268945   0.0014065 -0.00970989 -0.00409458   0.0166506    0.214281 -0.192739 -0.111839  -9.80647 
             55.3996  -5.47231 -0.993209  -1.32335  2.92298  -3.0875 0.631076 0 0 0   -0.011 -0.02329  0.04412 -0.214284  0.774641 -0.177373  0.00266466  0.00142831 -0.00972277 -0.00402079    0.015993    0.214223 -0.192352 -0.111805  -9.80648 
             55.5003  -3.04295 -0.591254  -1.54316  2.90315 -2.99737 0.621561 0 0 0   -0.011 -0.02329  0.04412 -0.237661  0.833067 -0.090455  0.00265499  0.00139124 -0.00969518 -0.00434938   0.0165018    0.213789 -0.192382 -0.110679  -9.80649 
              55.603  -2.50585 -0.380986  -1.59855   2.8729 -2.91268 0.625367 0 0 0   -0.011 -0.02329  0.04412 -0.283731  0.869428 0.0155361  0.00270201  0.00138852 -0.00967093 -0.0047618  0.0184466   0.212908   -0.1933 -0.108621  -9.80649 
             55.7003  -2.66355 -0.322809  -1.45718  2.84812 -2.83251 0.637832 0 0 0   -0.011 -0.02329  0.04412 -0.27245 0.848757 0.123653  0.00268555  0.00142928 -0.00965582 -0.00599934   0.0196386    0.212186 -0.194235  -0.10792  -9.80648 
             55.8053 -2.7723 0.17714 -1.3144  2.82157 -2.74126  0.66205 0 0 0   -0.011 -0.02329  0.04412 -0.283424   0.84026  0.215491  0.00268553  0.00140266 -0.00963674 -0.00678706   0.0200445    0.211265 -0.194816 -0.107085  -9.80648 
             55.9002 -1.89449 0.864103 -1.01873  2.79914 -2.65708 0.681353 0 0 0   -0.011 -0.02329  0.04412 -0.243963  0.795753  0.262247  0.00265824  0.00141284 -0.00968057 -0.00665348   0.0193045    0.211849 -0.194236 -0.107778  -9.80648 
             56.0021  0.135667   2.04815 -0.742275  2.77528 -2.58153 0.711466 0 0 0   -0.011 -0.02329  0.04412 -0.222584  0.750829  0.334313  0.00263805   0.0014101 -0.00966801 -0.00673465   0.0194982    0.211692 -0.194382 -0.107657  -9.80648 
             56.1005   2.54559   3.18662 -0.429573  2.74893 -2.51505 0.745355 0 0 0   -0.011 -0.02329  0.04412 -0.191805  0.618587  0.355834  0.00265567  0.00142278 -0.00965862 -0.00660927   0.0200227    0.211852 -0.194601 -0.107664  -9.80648 
             56.2094     4.4103    3.83585 -0.0568876  2.72313 -2.47331 0.775682 0 0 0   -0.011 -0.02329  0.04412 -0.190795  0.462348  0.358182  0.00262551  0.00144208 -0.00966351 -0.00635581    0.021166    0.212288 -0.195034 -0.107476  -9.80647 
             56.3065  5.43228  4.16717 0.334902   2.6963 -2.43988 0.825869 0 0 0   -0.011 -0.02329  0.04412 -0.194481   0.32317  0.421366  0.00261739  0.00148182 -0.00968805 -0.00527441   0.0202488    0.211102 -0.194752 -0.108711  -9.80646 
             56.3963  6.56491  4.24187 0.664277  2.68484 -2.40298 0.877484 0 0 0   -0.011 -0.02329  0.04412 -0.141308  0.192234  0.435588  0.00263567  0.00145907 -0.00967337 -0.00523056   0.0185707    0.210585   -0.1942 -0.109642  -9.80646 
              56.503  8.11118  4.46913 0.934198  2.67901 -2.38424 0.917429 0 0 0   -0.011 -0.02329  0.04412 -0.0840846  0.0482858   0.383645  0.00264522  0.00142374 -0.00966914 -0.00607221   0.0191802    0.210959 -0.194469 -0.108601  -9.80647 
             56.6093 8.70157 4.19778 1.05135  2.67387 -2.38521 0.947538 0 0 0   -0.011 -0.02329  0.04412 -0.0728571 -0.0378356   0.368727  0.00264494  0.00144457 -0.00966304 -0.00611621   0.0191913    0.210899 -0.194375 -0.108735  -9.80647 
             56.6871  6.4973 3.51803 1.09298  2.66643 -2.39779 0.994716 0 0 0   -0.011 -0.02329  0.04412 -0.0620653  -0.160918   0.492046  0.00268306  0.00145798 -0.00966705 -0.00599945     0.01896    0.210779 -0.194225 -0.109107  -9.80647 
             56.8002 2.67241 2.17838 1.31446  2.65516 -2.41977  1.06167 0 0 0   -0.011 -0.02329  0.04412 -0.0749111  -0.231235    0.54009  0.00276508   0.0014954 -0.00967454 -0.00408123   0.0135163    0.209133 -0.192846  -0.11456  -9.80643 
             56.8995 1.58576  2.0333 1.55187  2.65112 -2.43536  1.10618 0 0 0   -0.011 -0.02329  0.04412 -0.0613649  -0.249034   0.478197  0.00271932  0.00146532 -0.00966235 -0.0051309  0.0150269   0.209976 -0.193538 -0.112311  -9.80645 
             57.0015 1.13421 2.65865 1.81267  2.64803 -2.45737  1.13729 0 0 0   -0.011 -0.02329  0.04412 -0.045052 -0.261176  0.386543  0.00270946  0.00145124 -0.00966034 -0.00606008   0.0176344    0.211659 -0.194144 -0.109353  -9.80647 
             57.1005 1.62568 3.22197 2.12118  2.63882 -2.48016  1.16676 0 0 0   -0.011 -0.02329  0.04412 -0.0528083  -0.284298   0.291338  0.00267613  0.00144626 -0.00968121 -0.00611078   0.0177346    0.212432 -0.194661 -0.108738  -9.80647 
              57.202 2.15014 3.27987 2.43685  2.63435 -2.50737  1.18922 0 0 0   -0.011 -0.02329  0.04412 -0.0586981  -0.299174   0.159151  0.00270653  0.00146071 -0.00966509 -0.00633002   0.0176558    0.212517 -0.194818 -0.108596  -9.80646 
             57.2998   1.9123  2.89517 0.130994  2.63803 -2.53319  1.19549 0 0 0   -0.011 -0.02329  0.04412  -0.0125844   -0.295806 -0.00723036  0.00270102  0.00146623 -0.00962178 -0.00756277   0.0182184     0.21273 -0.195053  -0.10761  -9.80647 
             57.4005 -0.732236   1.81638  -6.62821  2.63623 -2.56556  1.18456 0 0 0   -0.011 -0.02329  0.04412 -0.00344317   -0.318549   -0.184823  0.00270582  0.00152245 -0.00953507 -0.00745413   0.0184007    0.212935 -0.195077 -0.107563  -9.80647 
             57.5006 -3.48656  1.19572 -16.4819  2.64931 -2.60593  1.16647 0 0 0   -0.011 -0.02329  0.04412 0.0622467 -0.344012 -0.316459  0.00266741  0.00152239 -0.00956539 -0.00814309   0.0179519    0.211781 -0.194596  -0.10857  -9.80647 
             57.6102 -5.56925 0.695639 -30.4666  2.63561 -2.62757  1.12737 0 0 0   -0.011 -0.02329  0.04412 -0.00225688   -0.272635   -0.460726  0.00264804  0.00154312 -0.00954609 -0.0052509  0.0217663   0.212057 -0.193602  -0.10402  -9.80654 
             57.7004  -6.79636 -0.558942  -45.6747   2.6396 -2.64888  1.09605 0 0 0   -0.011 -0.02329  0.04412 0.0226811 -0.206276 -0.466368  0.00257586  0.00155032 -0.00942248 -0.00422747   0.0217071    0.210538 -0.192374 -0.103849  -9.80656 
             57.8078 -7.15119 -2.34168 -60.9154  2.64111 -2.67368  1.04426 0 0 0   -0.011 -0.02329  0.04412 0.0414098  -0.13935  -0.49927  0.00254276  0.00160347 -0.00929365 -0.0106362  0.0209801   0.210878 -0.198672 -0.105159  -9.80642 
             57.9003 -5.78524 -3.21687 -74.3255  2.65066 -2.68676 0.992852 0 0 0   -0.011 -0.02329  0.04412   0.101896 -0.0596807  -0.514016  0.00245777  0.00164578 -0.00935026 -0.0125656   0.015028   0.210921 -0.200255 -0.111135  -9.80633 
             58.0086 -4.05737 -3.21298 -86.0254  2.67371 -2.69944 0.939963 0 0 0   -0.011 -0.02329  0.04412   0.178992 -0.0411948  -0.541008 0.00235959 0.00168319 -0.0092053   -0.015927 -0.00899539       0.211 -0.202633 -0.134931  -9.80598 
             58.1003 -2.84735 -1.89079  -94.902  2.68749 -2.69487 0.887392 0 0 0   -0.011 -0.02329  0.04412   0.197163 0.00620892  -0.524157  0.00231089  0.00169462 -0.00932185 -0.0123454 0.00775555   0.210765 -0.199632 -0.118319  -9.80625 
             58.2005 -2.53738 0.163816 -101.821  2.71337 -2.68205 0.834809 0 0 0   -0.011 -0.02329  0.04412  0.243284  0.064259 -0.529341  0.00228741  0.00170427 -0.00930021 0.0099612 0.0117695  0.211058 -0.177805 -0.113835  -9.80673 
             58.3006 -2.16894  1.31395 -106.671  2.74803 -2.67254 0.778716 0 0 0   -0.011 -0.02329  0.04412  0.293569 0.0698252 -0.562395  0.00224651  0.00172032 -0.00928991  0.0273461 0.00242767   0.211528 -0.160557 -0.122719  -9.80692 
             58.4003 -1.97212  1.60678  -109.87  2.77976 -2.66054 0.724318 0 0 0   -0.011 -0.02329  0.04412   0.31429 0.0739843 -0.560907  0.00227279  0.00177309 -0.00929032  0.0349055 0.00830943   0.211304 -0.153216 -0.116824  -9.80711 
             58.5004 -1.16997  1.67007 -111.614  2.81097 -2.65613 0.674654 0 0 0   -0.011 -0.02329  0.04412  0.314658 0.0566819 -0.569882  0.00224721  0.00176977 -0.00930717  0.0322729 0.00499896   0.210357 -0.155778 -0.120126  -9.80703 
             58.5994 -0.27819  1.83361 -112.192  2.84137 -2.65113 0.618427 0 0 0   -0.011 -0.02329  0.04412   0.29121 0.0479194 -0.590768  0.00222885  0.00177622 -0.00933916  0.0308296 0.00566319    0.20999  -0.15721 -0.119491  -9.80701 
             58.7005 0.409918  2.18403 -111.872  2.86879 -2.65855 0.563919 0 0 0   -0.011 -0.02329  0.04412   0.248988 0.00432961  -0.599245  0.00222858  0.00177749 -0.00933628   0.0211194 -0.00901186    0.209014 -0.166668    -0.134  -9.80667 
             58.8012 0.885923  2.42761 -110.778  2.89182 -2.66379  0.50796 0 0 0   -0.011 -0.02329  0.04412   0.213686 -0.0261229  -0.583485   0.0022365  0.00176062 -0.00936225  0.0173108 -0.0145375   0.208591 -0.170381 -0.139465  -9.80653 
             58.9004 1.18457 2.08778 -109.28  2.91439 -2.66993 0.455219 0 0 0   -0.011 -0.02329  0.04412    0.19575 -0.0520103  -0.552301   0.0022297  0.00176743 -0.00936164  0.0186032 -0.0205523   0.208063 -0.169082  -0.14537  -9.80647 
             59.0041  1.45472  1.44271 -107.582  2.93124  -2.6727 0.410793 0 0 0   -0.011 -0.02329  0.04412   0.150368 -0.0526015   -0.49865  0.00225615  0.00173779 -0.00931165  0.0194885 -0.0171121   0.206975 -0.168294 -0.141981  -9.80653 
             59.1045   1.6348 0.607812 -105.403  2.94516 -2.67667 0.363617 0 0 0   -0.011 -0.02329  0.04412   0.104965 -0.0504015   -0.45934  0.00224981  0.00174167 -0.00934145  0.0212197 -0.0168702   0.206838 -0.166602 -0.141725  -9.80656 
              59.207   1.78109 -0.480866  -102.916  2.95225 -2.68686 0.323727 0 0 0   -0.011 -0.02329  0.04412  0.0688807 -0.0766707  -0.399095  0.00227685  0.00177392 -0.00939537   0.017306 -0.0188919   0.206487 -0.170438 -0.143753  -9.80647 
             59.3002   1.7714 -1.38635 -100.432  2.94379 -2.69513 0.289448 0 0 0   -0.011 -0.02329  0.04412 -0.0144785 -0.0738852  -0.357027   0.0022937  0.00175148 -0.00936297 0.00864111 -0.0130233   0.205933 -0.179056 -0.138109  -9.80639 
             59.4035  1.73051 -2.37592 -97.2802  2.94423 -2.69612 0.260115 0 0 0   -0.011 -0.02329  0.04412 -0.0369788 -0.0512149  -0.325695  0.00231273  0.00182402 -0.00950817  0.0126765 -0.0116991   0.205615 -0.175123  -0.13673  -9.80648 
             59.4993  1.64265 -3.09592 -94.1811  2.94772 -2.69582 0.224176 0 0 0   -0.011 -0.02329  0.04412 -0.0429025 -0.0244566  -0.327287  0.00229423     0.00179 -0.00957508  0.019216 -0.013122  0.206005 -0.168665 -0.138004  -9.80658 
             59.6017  1.43925 -3.69332 -91.0399 2.94438 -2.6999  0.1929 0 0 0   -0.011 -0.02329  0.04412 -0.0601573 -0.0215416  -0.297826 0.00229408 0.00179022  -0.009558  0.0191746 -0.0149665   0.206032  -0.16866 -0.139814  -9.80655 
             59.7005 0.538262 -3.96121 -87.9365  2.94415 -2.70337  0.16401 0 0 0   -0.011 -0.02329  0.04412 -0.0523678 -0.0180793  -0.282601  0.00232188  0.00178072 -0.00951469  0.0220544 -0.0192808   0.206059  -0.16571 -0.143957  -9.80654 
             59.8002 -0.363165  -3.73245  -84.7722  2.94174 -2.70042 0.141834 0 0 0   -0.011 -0.02329  0.04412 -0.0515837  0.0126335  -0.277477  0.00234186  0.00176254 -0.00954526  0.0254155 -0.0194024   0.205286 -0.162409 -0.143919   -9.8066 
             59.9005 -0.992333  -3.27621  -81.8117  2.93979 -2.69873 0.116174 0 0 0   -0.011 -0.02329  0.04412 -0.0412695  0.0195377  -0.295045  0.00233829  0.00172892 -0.00952725   0.026918 -0.0208115   0.204927  -0.16088 -0.145221  -9.80661 
             60.0005 -1.43654 -2.96667  -78.524   2.93714  -2.68614 0.0947154 0 0 0   -0.011 -0.02329  0.04412 -0.0167966  0.0814166  -0.279706 0.00234415 0.00172709 -0.0095686   0.031414 -0.0174431   0.203961 -0.156607 -0.141682  -9.80673 
             60.1039 -1.66144 -2.55241 -75.3175    2.9384  -2.67432 0.0658772 0 0 0   -0.011 -0.02329  0.04412 -0.00206511    0.103147   -0.293135  0.00233666  0.00170354 -0.00952417  0.0342802 -0.0174846   0.204095 -0.153798 -0.141588  -9.80677 
             60.2003 -2.59707 -2.34308 -72.2337   2.92544  -2.66483 0.0391628 0 0 0   -0.011 -0.02329  0.04412 -0.0506263   0.122865  -0.270757  0.00236648  0.00169285 -0.00950167  0.0296125 -0.0126227   0.203726 -0.158638 -0.137091  -9.80676 
             60.3004 -2.69598 -1.72508 -69.4612   2.92376  -2.65134 0.0174207 0 0 0   -0.011 -0.02329  0.04412  -0.139797   0.144749 -0.0935088   0.0023376  0.00166017 -0.00949818  0.0317555 -0.0157265   0.203724  -0.15634 -0.139979  -9.80676 
             60.4015 -0.839249   -2.5446  -66.7663    2.9119  -2.64403 0.0103485 0 0 0   -0.011 -0.02329  0.04412 -0.0768522   0.135972 -0.0629455  0.00224916   0.0017173 -0.00951061  0.0284632 -0.0171743   0.203631 -0.159448 -0.141627  -9.80668 
             60.5016 0.287169  -5.2946 -64.9682   2.90503  -2.63822 0.0119465 0 0 0   -0.011 -0.02329  0.04412 -0.0853041  0.0574937 -0.0351008  0.00233419  0.00173215 -0.00947648  0.0271951 -0.0190154   0.202916 -0.160514   -0.1435  -9.80664 
             60.6006 -0.202342  -7.88742  -64.3724   2.89382  -2.63567 0.0149351 0 0 0   -0.011 -0.02329  0.04412    -0.114095 -0.000305085   -0.0433713  0.00236479  0.00173555 -0.00946311  0.0261732 -0.0184078   0.201818 -0.161543 -0.142944  -9.80663 
             60.7013 -0.419027   -9.0213  -64.1892   2.88149  -2.64157 0.0126213 0 0 0   -0.011 -0.02329  0.04412  -0.125165 -0.0493889 -0.0448738  0.00238862  0.00168676 -0.00945421  0.0237047 -0.0185584   0.201553 -0.163922 -0.143309  -9.80658 
             60.8327 0.0923993  -9.47573  -64.4417   2.86763  -2.64825 0.0108067 0 0 0   -0.011 -0.02329  0.04412 -0.0993925 -0.0799973  -0.037619  0.00233807  0.00169146 -0.00942675  0.0232298 -0.0176818   0.201207 -0.164461 -0.142467  -9.80659 
             60.9013 -0.0931811   -9.27162   -64.6652   2.86895  -2.64939 0.0143602 0 0 0   -0.011 -0.02329  0.04412 -0.0359895 -0.0720802 -0.0224281 0.00239026 0.00168213 -0.0094424  0.0266757 -0.0195038   0.200554 -0.160892 -0.143757  -9.80663 
             61.0011 0.102068 -8.78055 -64.8684   2.86232  -2.65525 0.0148295 0 0 0   -0.011 -0.02329  0.04412 -0.0338314 -0.0755771 -0.0237624  0.00239059  0.00166722 -0.00942588  0.0265778 -0.0183099   0.200337 -0.161106 -0.142578  -9.80664 
             61.0987 0.260471 -7.98973 -64.6006   2.85308  -2.65958 0.0105085 0 0 0   -0.011 -0.02329  0.04412  -0.050569 -0.0797024 -0.0445258  0.00238438   0.0016146 -0.00941119 0.0268559 -0.016476  0.200331 -0.161039 -0.140778  -9.80667 
             61.2053 0.267164 -7.04673 -63.6109   2.84763  -2.66676 0.0110247 0 0 0   -0.011 -0.02329  0.04412 -0.0509863 -0.0926773 -0.0445278  0.00241985  0.00161751 -0.00944172   0.026672 -0.0161536   0.199833  -0.16123 -0.140404  -9.80667 
             61.2996 0.228539 -6.18564 -62.1317   2.83927  -2.67625 0.0112401 0 0 0   -0.011 -0.02329  0.04412 -0.0453038  -0.110048 -0.0361763 0.00242726 0.00161281   -0.00942  0.0256388 -0.0148964   0.199299 -0.162348 -0.139224  -9.80667 
             61.3929 -0.0801072   -4.95188   -60.1895     2.8353   -2.68651 0.00889299 0 0 0   -0.011 -0.02329  0.04412 -0.0258369  -0.103159 -0.0553915  0.00245072  0.00157964 -0.00944875  0.0254099 -0.0147405   0.199009 -0.162578 -0.139059  -9.80667 
              61.501 -0.700622  -3.43826  -58.0166    2.83732   -2.69322 0.00560063 0 0 0   -0.011 -0.02329  0.04412  0.0231738 -0.0352893 -0.0461969  0.00244606  0.00159831 -0.00942711  0.0258535 -0.0151164   0.198778   -0.1621 -0.139339  -9.80667 
             61.6017 -1.25499 -2.11416 -56.3467    2.84295   -2.69722 0.00418169 0 0 0   -0.011 -0.02329  0.04412  0.0352341 -0.0116539  -0.051881  0.00245371  0.00160837 -0.00942624  0.0254822 -0.0163801   0.198368  -0.16229 -0.140558  -9.80665 
             61.6989 -1.35108 -2.14459 -54.9584    2.84711   -2.69987 0.00491362 0 0 0   -0.011 -0.02329  0.04412  0.0323505 -0.0198452 -0.0513897  0.0024299  0.0016083 -0.0094182  0.0250862 -0.0169005   0.197645 -0.162592 -0.141055  -9.80664 
             61.7987 -1.28639 -2.64382 -53.1715    2.84936   -2.70674 0.00167309 0 0 0   -0.011 -0.02329  0.04412  0.0269333 -0.0564284 -0.0463968   0.0024463   0.0016208 -0.00940452 0.0240709 -0.016663   0.19682 -0.163593 -0.140925  -9.80662 
             61.9017 -0.62566 -2.14236 -53.5128    2.85855   -2.70747 0.00130123 0 0 0   -0.011 -0.02329  0.04412  0.0466626 -0.0240945 -0.0598064  0.00239737  0.00163119 -0.00939138  0.0248851 -0.0178271   0.196394 -0.162626 -0.141884  -9.80663 
             62.0007 -0.241681  -1.93506  -54.1265    2.86428   -2.70643 0.00191239 0 0 0   -0.011 -0.02329  0.04412  0.0408097 -0.0325297 -0.0488162  0.00244197   0.0016144 -0.00935507  0.0258283 -0.0175745   0.195646  -0.16176 -0.141447  -9.80665 
             62.0988 0.151216 -1.72557 -54.5592    2.86452    -2.7055 0.00164886 0 0 0   -0.011 -0.02329  0.04412 -0.00762747  -0.0136248  -0.0463058  0.00242223  0.00164533 -0.00938909  0.0263678 -0.0165481   0.195087 -0.161419 -0.140349  -9.80667 
             62.1997 0.195857 -1.41458 -54.8443    2.86503   -2.70079 0.00225678 0 0 0   -0.011 -0.02329  0.04412 -0.0205493  0.0191616 -0.0402977  0.00244055  0.00164116 -0.00936065 0.027764 -0.01678 0.194489 -0.160057 -0.140296  -9.80669 
             62.3041 0.226841 -1.62811 -54.8277    2.86314   -2.69517 0.00220192 0 0 0   -0.011 -0.02329  0.04412 -0.00427823   0.0166995  -0.0412615  0.00246379  0.00164749 -0.00934121 0.0287715 -0.016265  0.193962 -0.159198 -0.139606  -9.80671 
             62.3984 0.311355 -1.85017 -54.7015     2.86443    -2.70087 -0.00316362 0 0 0   -0.011 -0.02329  0.04412 -0.00193838 -0.00395809  -0.0605145   0.0024422  0.00166162 -0.00938049  0.0270567 -0.0174383   0.193993 -0.160627 -0.141013  -9.80667 
             62.5014 0.272467  -1.6386 -54.7545    2.86601   -2.70011 0.00341693 0 0 0   -0.011 -0.02329  0.04412 -0.0036115  0.0094402 -0.0312423  0.00244267  0.00164093 -0.00935187  0.0271947 -0.0182315   0.192443 -0.160405 -0.141657  -9.80667 
             62.6035  0.25449 -1.69424 -54.7124    2.8658  -2.70786 0.0014205 0 0 0   -0.011 -0.02329  0.04412 0.00268055 -0.0212997  -0.043437  0.00245074   0.0016419 -0.00936143  0.0249357 -0.0190808   0.192221 -0.162413 -0.142833  -9.80662 
             62.7211 0.284438 -1.73197  -54.724     2.86854    -2.70199 -0.00100609 0 0 0   -0.011 -0.02329  0.04412 0.00574654 0.00109088  -0.050961   0.0024564  0.00164984 -0.00934949  0.0268892 -0.0189342   0.192012  -0.16059 -0.142351  -9.80665 
             62.8047 0.246162 -1.67979  -54.747     2.8613   -2.70379 0.00365565 0 0 0   -0.011 -0.02329  0.04412   -0.025655 -0.00255256  -0.0273883  0.00243586  0.00166517 -0.00934447  0.0258532 -0.0177595   0.191311  -0.16179 -0.141374  -9.80665 
             62.9079 0.259917 -1.73265  -54.752    2.86317    -2.6995 0.00914074 0 0 0   -0.011 -0.02329  0.04412 -0.00889638  0.00848875 -0.00881118  0.00245135  0.00166224 -0.00933833  0.0266738 -0.0181346   0.190861 -0.160961 -0.141563  -9.80666 
             63.0046 0.262698 -1.70838 -54.7551    2.86093   -2.70274 0.00491875 0 0 0   -0.011 -0.02329  0.04412  -0.0213505 -0.00202619  -0.0351371  0.00244746  0.00165654 -0.00933218   0.026075 -0.0181944   0.191007 -0.161513 -0.141731  -9.80665 
             63.1001 0.264554 -1.68185 -54.7652    2.86217   -2.70165 0.00104941 0 0 0   -0.011 -0.02329  0.04412   -0.011563 -0.00177593  -0.0510619  0.00244892  0.00164983 -0.00932382  0.0264695 -0.0186838   0.190951 -0.161057 -0.142121  -9.80665 
             63.2063 0.260468 -1.71629 -54.7848    2.86341   -2.70106 -0.0008022 0 0 0   -0.011 -0.02329  0.04412  -0.00208207 -0.000493162   -0.0532495 0.00245873 0.00164822 -0.0093082  0.0267286 -0.0191287   0.190555 -0.160745 -0.142472  -9.80665 
             63.3075 0.246484 -1.67953 -54.7801     2.86547    -2.70168 0.000973702 0 0 0   -0.011 -0.02329  0.04412 0.00300768 0.00269909   -0.04314  0.00246311  0.00164581 -0.00930832  0.0266507 -0.0198484   0.189675 -0.160716 -0.143114  -9.80664 
             63.4032 0.297557 -1.72077 -54.7782   2.86935  -2.70296 0.0016699 0 0 0   -0.011 -0.02329  0.04412   0.0141176 -0.00196242  -0.0401396  0.00244958  0.00164312 -0.00930464 0.0265376 -0.020935  0.189053 -0.160649 -0.144121  -9.80663 
             63.5017 0.287749 -1.70024 -54.7992      2.86991     -2.69785 -0.000191511 0 0 0   -0.011 -0.02329  0.04412  0.0115116  0.0191833 -0.0462445 0.00246803 0.00165074 -0.0092864  0.0276205 -0.0203795   0.188743 -0.159736  -0.14339  -9.80665 
             63.5998 0.294499 -1.69446 -54.8105     2.87233    -2.70104 0.000161219 0 0 0   -0.011 -0.02329  0.04412   0.013514 0.00339063 -0.0434538  0.00246285  0.00163002 -0.00928183  0.0265258 -0.0211891   0.188154 -0.160638 -0.144312  -9.80662 
             63.7011 0.285517 -1.70662 -54.8138    2.87107   -2.69703 0.00123452 0 0 0   -0.011 -0.02329  0.04412 0.00262535   0.016414 -0.0370219  0.00247037  0.00164907 -0.00927871   0.026966 -0.0204681   0.187654 -0.160366 -0.143529  -9.80664 
             63.8057 0.266925 -1.68531 -54.7899    2.86795   -2.70364 0.00110282 0 0 0   -0.011 -0.02329  0.04412  -0.0111374 -0.00976179  -0.0389461  0.00245075  0.00162394 -0.00928631 0.0252359 -0.020443  0.187347 -0.162003 -0.143799  -9.80661 
             63.8991 0.265378 -1.71811 -54.7534   2.86576  -2.70314 0.0034845 0 0 0   -0.011 -0.02329  0.04412  -0.0176153 -0.00525178  -0.0329255  0.00245437  0.00164077 -0.00930278  0.0253083 -0.0202408    0.18671 -0.161989 -0.143561  -9.80661 
             64.0038 0.257655 -1.70246 -54.7523    2.86105    -2.7053 0.00236937 0 0 0   -0.011 -0.02329  0.04412  -0.029326 -0.0102879 -0.0401188  0.00245581   0.0016359 -0.00929735 0.0247242 -0.019798  0.186406 -0.162625 -0.143236  -9.80661 
             64.1017 0.279669 -1.68226 -54.7088      2.86411     -2.70147 -0.000177692 0 0 0   -0.011 -0.02329  0.04412  -0.0108252 0.000408217  -0.0483433  0.00244662  0.00162554 -0.00931588  0.0261442 -0.0207471   0.186172  -0.16113 -0.143852  -9.80662 
             64.1985 0.271055 -1.68823 -54.7818     2.86451    -2.70254 -0.00037084 0 0 0   -0.011 -0.02329  0.04412 -0.00833851 -0.00335682  -0.0459035  0.00245579    0.001628 -0.00927727  0.0259476 -0.0212623   0.185581 -0.161236 -0.144336  -9.80661 
             64.3007 0.244785 -1.68549 -54.8099     2.86263    -2.69886 -0.00275684 0 0 0   -0.011 -0.02329  0.04412 -0.0157833  0.0108987 -0.0524328  0.00246894  0.00161932 -0.00925966  0.0266737 -0.0208051    0.18526  -0.16065 -0.143758  -9.80663 
             64.3999 0.313455 -1.69972 -54.7576     2.86845    -2.69847 -0.00165924 0 0 0   -0.011 -0.02329  0.04412 0.00424496  0.0106684 -0.0448767  0.00243337  0.00163351 -0.00927802  0.0269992 -0.0226747   0.184498 -0.160024 -0.145399  -9.80662 
             64.5005 0.293634 -1.71043 -54.7568     2.86897    -2.70353 0.000407991 0 0 0   -0.011 -0.02329  0.04412  0.00301992 -0.00602876  -0.0349496  0.00245132  0.00164486 -0.00927308  0.0256309 -0.0232661   0.183786 -0.161211 -0.146165  -9.80659 
             64.6033 0.299276 -1.72793 -54.7855     2.8712   -2.70509 0.00206975 0 0 0   -0.011 -0.02329  0.04412  0.00696029 -0.00968362  -0.0315607  0.00245086  0.00165311 -0.00924607  0.0255298 -0.0238181   0.183198 -0.161219 -0.146665  -9.80658 
             64.7033 0.249635 -1.71141 -54.7468    2.87268   -2.70844 0.00148125 0 0 0   -0.011 -0.02329  0.04412  0.0059775 -0.0152179  -0.026187  0.00248735  0.00164203 -0.00926763  0.0250343 -0.0241823   0.182856 -0.161623 -0.147078  -9.80657 
             64.8023 0.235107 -1.68925 -54.7263    2.86964   -2.71054 0.00591612 0 0 0   -0.011 -0.02329  0.04412 -0.0155118 -0.0163222 -0.0232786  0.00249534  0.00163497 -0.00928488  0.0245985 -0.0237206   0.181841 -0.162143 -0.146675  -9.80656 
              64.901 0.389899 -1.80059 -54.6946    2.87101   -2.70912 0.00350801 0 0 0   -0.011 -0.02329  0.04412 -7.43231e-05   -0.0143607   -0.0337018  0.00249035  0.00163989 -0.00928831  0.0255344 -0.0240034   0.181785 -0.161221 -0.146758  -9.80658 
             64.9967 0.478289  -1.7536 -54.7441    2.87073   -2.70273 -0.0016366 0 0 0   -0.011 -0.02329  0.04412 -0.00536884   0.0165694  -0.0528251  0.00247005  0.00162881 -0.00924735  0.0271389 -0.0233541   0.181891  -0.15985 -0.145858  -9.80661 
             65.1006 0.501033  -1.7327 -54.8343     2.86441     -2.6983 -0.00287383 0 0 0   -0.011 -0.02329  0.04412 -0.0217031  0.0243685 -0.0519081 0.00247657 0.00162362  -0.009225  0.0271935 -0.0219978   0.181397  -0.16007 -0.144563  -9.80663 
             65.1993 0.509856 -1.80373 -54.8363     2.86755    -2.69997 -0.00315001 0 0 0   -0.011 -0.02329  0.04412 -0.00542419   0.0130941  -0.0465224 0.00248539 0.00164963 -0.0092159  0.0267323 -0.0232156   0.180974  -0.16028 -0.145755  -9.80661 
             65.3006 0.541913 -1.72394 -54.8189     2.86453    -2.69209 -0.00484185 0 0 0   -0.011 -0.02329  0.04412  -0.019913  0.0330156 -0.0508517  0.00244938  0.00161434 -0.00922214 0.0277024 -0.022523  0.180691 -0.159523 -0.144912  -9.80663 
             65.3942 0.518487 -1.76681 -54.8357    2.86691   -2.69222 -0.0092728 0 0 0   -0.011 -0.02329  0.04412 -0.00796416   0.0199996   -0.062235   0.0024613  0.00162766 -0.00921281 0.0273926 -0.023472  0.180548 -0.159633  -0.14584  -9.80662 
             65.5029 0.498866 -1.73362 -54.7843     2.86435    -2.69157 -0.00908826 0 0 0   -0.011 -0.02329  0.04412 -0.0193743  0.0175067 -0.0549482  0.00245741  0.00160811 -0.00923557  0.0270085 -0.0234017   0.179858 -0.160024  -0.14581  -9.80661 
             65.6005 0.534282 -1.75988 -54.8483     2.86797    -2.69742 -0.00859327 0 0 0   -0.011 -0.02329  0.04412 -0.00707186 -0.00682258  -0.0493525  0.00244227  0.00164059 -0.00918993  0.0259842 -0.0249669   0.179189  -0.16069 -0.147413  -9.80658 
             65.6994  0.52212 -1.75442 -54.8415     2.86873    -2.69618 -0.00406031 0 0 0   -0.011 -0.02329  0.04412 -0.00172907 -0.00422486   -0.033236  0.00245568  0.00163328 -0.00919124  0.0264004 -0.0252354   0.178066 -0.160291 -0.147515  -9.80658 
             65.8012 0.530831 -1.73792 -54.7693     2.87195    -2.70275 -0.00182109 0 0 0   -0.011 -0.02329  0.04412 0.00682365 -0.0187568 -0.0278974  0.00246254  0.00162915 -0.00922495  0.0254299 -0.0262737   0.177416 -0.161005 -0.148624  -9.80655 
              65.907 0.506328 -1.72744 -54.8004      2.86884     -2.70116 -0.000946344 0 0 0   -0.011 -0.02329  0.04412 -0.00115683    -0.01151   -0.029863  0.00246728  0.00163168 -0.00921158  0.0257591 -0.0254527   0.177025 -0.160876 -0.147782  -9.80657 
             66.0007 0.631062 -1.76274 -54.7811       2.868     -2.6976 -0.00626929 0 0 0   -0.011 -0.02329  0.04412   0.0151695 -0.00494906  -0.0507249  0.00242842  0.00164172 -0.00920375  0.0262196 -0.0248358   0.177148 -0.160569 -0.147132  -9.80658 
             66.1046 0.759551 -1.76032 -55.0149     2.87403    -2.69794 -0.00369531 0 0 0   -0.011 -0.02329  0.04412 -0.000747342   0.00115146     -0.03209  0.00244646  0.00163685 -0.00917647 0.0267561 -0.025848  0.176433 -0.159902 -0.147913  -9.80658 
             66.2014 0.658933 -1.35788 -54.9144     2.87272    -2.69461 -0.00241132 0 0 0   -0.011 -0.02329  0.04412 -0.0138061   0.018341 -0.0284198 0.00245014 0.00164118  -0.009183  0.0270314 -0.0257815   0.175913 -0.159681 -0.147768  -9.80659 
             66.3028 0.750243 -1.82649 -54.9235     2.87125    -2.69465 -0.00865415 0 0 0   -0.011 -0.02329  0.04412  -0.00270976 -0.000367818    -0.058577  0.00242386  0.00166626 -0.00916888  0.0268144 -0.0257497   0.176118 -0.159878 -0.147793  -9.80658 
             66.4032  0.78763 -1.98691 -54.8471     2.87378    -2.69212 -0.00920289 0 0 0   -0.011 -0.02329  0.04412 0.00728077 0.00917779 -0.0531848 0.00243974 0.00163096 -0.0092039  0.0273866 -0.0261021   0.175574 -0.159305 -0.147971  -9.80659 
             66.4998 0.733202 -1.76187 -55.0128    2.87702   -2.68812 -0.0080106 0 0 0   -0.011 -0.02329  0.04412 0.00296261  0.0195007   -0.04402  0.00247153   0.0016157 -0.00916974  0.0280133 -0.0265565   0.174913 -0.158667 -0.148221   -9.8066 
             66.5953 0.783836 -1.72095 -55.1292    2.87355   -2.68651 -0.0110261 0 0 0   -0.011 -0.02329  0.04412 -0.00259227  0.00952417  -0.0550948  0.00245374  0.00160918 -0.00915862  0.0277068 -0.0259311   0.174647 -0.159083 -0.147697   -9.8066 
             66.7018 0.842119 -1.78659 -55.1743    2.86339   -2.68544 -0.0131675 0 0 0   -0.011 -0.02329  0.04412  -0.131482  0.0777011 -0.0700893  0.00243852  0.00162508 -0.00913155  0.0271746 -0.0247075   0.174145 -0.159834  -0.14666   -9.8066 
             66.8012  2.04662 -2.88041 -54.9478     2.85838    -2.68023 -0.00535659 0 0 0   -0.011 -0.02329  0.04412   0.0250035   0.0685982 -0.00755415 0.00234275 0.00171679  -0.009143  0.0257189 -0.0251066   0.172981 -0.161127  -0.14725  -9.80657 
             66.8946  1.71245 -4.41118 -54.5008     2.87169    -2.68371 -0.00256296 0 0 0   -0.011 -0.02329  0.04412     0.14411  -0.0197784 -0.00682639  0.00252493  0.00162231 -0.00912868  0.0254906 -0.0262908   0.172402 -0.161122 -0.148336  -9.80655 
             66.9993  1.35085 -2.30529 -55.0111     2.88404    -2.69128 -0.00524258 0 0 0   -0.011 -0.02329  0.04412  0.0238979  0.0266005 -0.0294637   0.0025581  0.00147616 -0.00904006   0.024178 -0.0272562   0.172507 -0.162116 -0.149491  -9.80652 
             67.1014  1.04313 -1.05039 -54.8737    2.88464   -2.69573 -0.0038594 0 0 0   -0.011 -0.02329  0.04412 -0.00190227   0.0155771  -0.0260313  0.00255031  0.00153366 -0.00910612  0.0226019 -0.0279921   0.172042 -0.163419 -0.150441  -9.80648 
             67.2001  1.39304 -2.34481 -54.9979     2.88331    -2.70041 -0.00705848 0 0 0   -0.011 -0.02329  0.04412  0.0502657 -0.0413165 -0.0469619  0.00252622  0.00162344 -0.00905608  0.0215814 -0.0273991   0.171894 -0.164474 -0.150103  -9.80647 
             67.3274  1.35616 -2.58053 -55.0414     2.88314     -2.6995 -0.00681835 0 0 0   -0.011 -0.02329  0.04412  0.0346083 -0.0215795  -0.044107  0.00253993  0.00160755 -0.00905126  0.0220048 -0.0264741   0.171388 -0.164307 -0.149141  -9.80649 
             67.4001  1.26394 -2.19455 -55.0267     2.87822    -2.70083 -0.00616043 0 0 0   -0.011 -0.02329  0.04412 -0.0115278 -0.0102729  -0.036392  0.00251943   0.0015999 -0.00907148  0.0216187 -0.0253249   0.170803 -0.164924 -0.148138  -9.80649 
             67.5007  1.26154 -2.13285 -55.0461     2.87241    -2.70221 -0.00604025 0 0 0   -0.011 -0.02329  0.04412 -0.0283902 -0.0160278 -0.0381474 0.00249366 0.00160203 -0.0090411  0.0213063 -0.0247193   0.170395 -0.165352 -0.147626   -9.8065 
             67.6009  1.31941 -2.32401 -55.1082     2.87042     -2.7002 -0.00672227 0 0 0   -0.011 -0.02329  0.04412  -0.0237448 -0.00537286  -0.0405011  0.00250338  0.00161864 -0.00903252  0.0217897 -0.0247069   0.170055 -0.164934 -0.147489   -9.8065 
             67.6986  1.23101 -2.07084 -56.4047     2.86697    -2.69853 -0.00482455 0 0 0   -0.011 -0.02329  0.04412 -0.0047703 -0.0136047 -0.0315937  0.00252008  0.00163889 -0.00891803 0.0221082 -0.024395  0.169378 -0.164744 -0.147092  -9.80651 
             67.8008  1.11007 -1.42987 -57.0369   2.87039  -2.69588 -0.004188 0 0 0   -0.011 -0.02329  0.04412  0.0232953  0.0137427 -0.0239409  0.00254281  0.00161085 -0.00901192  0.0227736 -0.0247564    0.16895 -0.164089  -0.14725  -9.80652 
             67.9004 0.626887 -1.13763 -56.9688    2.87505   -2.69084 0.00298458 0 0 0   -0.011 -0.02329  0.04412  0.0257363  0.0725772 0.00462955   0.0025396  0.00163428 -0.00898879 0.0229175 -0.025279  0.167997 -0.163899 -0.147632  -9.80652 
             67.9998 -0.388336 -0.924103  -58.0051    2.87268   -2.68266 0.00439417 0 0 0   -0.011 -0.02329  0.04412  0.00412956   0.0757721 -0.00515668  0.00255581  0.00163143 -0.00895663  0.0228062 -0.0247092    0.16782 -0.164121  -0.14713  -9.80652 
             68.0996 -1.33501 -1.44002 -59.3112   2.87194  -2.67153 0.0030583 0 0 0   -0.011 -0.02329  0.04412 -0.0324969  0.0907633 -0.0271611  0.00258693  0.00165923 -0.00892633  0.0232059 -0.0246573   0.167697 -0.163773 -0.147001  -9.80653 
             68.2259 -1.94108 -1.76892    -61.5    2.87121   -2.66329 0.00402835 0 0 0   -0.011 -0.02329  0.04412 -0.0319863   0.109122 -0.0338388  0.00257068  0.00167139 -0.00890917  0.0234219 -0.0248319    0.16738 -0.16355 -0.14711 -9.80653 
             68.2997 -2.14348 -2.31938 -63.4015    2.87878    -2.6552 0.00410168 0 0 0   -0.011 -0.02329  0.04412  0.0130465  0.0985555 -0.0295508 0.00259089 0.00165231 -0.0088975   0.023468 -0.0264796   0.167111 -0.163213 -0.148592  -9.80652 
             68.4007 -2.25464 -3.95649 -65.2706    2.88418   -2.64537 0.00233352 0 0 0   -0.011 -0.02329  0.04412  0.0307998  0.0947282 -0.0528633  0.00258997  0.00176326 -0.00886088  0.0236595 -0.0269643   0.166748 -0.162952 -0.148994  -9.80651 
             68.5016 -0.637975  -5.57108  -64.0362    2.88433   -2.64351 0.00229671 0 0 0   -0.011 -0.02329  0.04412  0.0188778  0.0154904 -0.0389832  0.00251392  0.00174309 -0.00901113  0.0227198 -0.0268107    0.16648 -0.163824 -0.148984   -9.8065 
             68.5987 -0.940459  -6.57627  -63.2956     2.88756    -2.64972 -0.00205333 0 0 0   -0.011 -0.02329  0.04412 -0.0202392 -0.0336906 -0.0642025  0.00257783  0.00169734 -0.00897274    0.02272 -0.0278338   0.166246 -0.163672 -0.149909  -9.80649 
             68.6971 -0.163992   -5.3023  -64.1768     2.88482    -2.64984 -0.00300323 0 0 0   -0.011 -0.02329  0.04412  -0.0106946 -0.00246492  -0.0477509  0.00257827  0.00158125 -0.00886705  0.0221602 -0.0275814   0.165742 -0.164198 -0.149709  -9.80648 
             68.7994 -0.294122  -5.95584  -64.2867     2.88307    -2.65205 -0.00413112 0 0 0   -0.011 -0.02329  0.04412 -0.0204571  0.0105823 -0.0534877   0.0025916  0.00165213 -0.00887746  0.0218317 -0.0278099   0.165156 -0.164445 -0.149902  -9.80648 
             68.8991 -0.0919884   -5.64374   -65.6515     2.87995    -2.64855 -0.00614032 0 0 0   -0.011 -0.02329  0.04412 -0.0215032 -0.0133462 -0.0544447  0.00260768  0.00161906 -0.00885649  0.0220496 -0.0274285   0.164648 -0.164279 -0.149468  -9.80649 
             69.0055 0.00686237   -6.48132   -66.2674      2.8769    -2.64984 -0.00349832 0 0 0   -0.011 -0.02329  0.04412 -0.0311264  -0.034282 -0.0394258  0.00259441  0.00169364 -0.00888621 0.0220645 -0.027435  0.163589 -0.164232 -0.149351  -9.80649 
             69.0965 0.288863 -6.61792 -66.2047      2.8784    -2.65365 -0.00109371 0 0 0   -0.011 -0.02329  0.04412 -0.0525716  0.0229678 -0.0353357  0.00258189  0.00169681 -0.00892935  0.0216813 -0.0289514   0.162803 -0.164366 -0.150694  -9.80647 
             69.2045 0.400895 -6.96166 -67.6879     2.87017    -2.64623 -0.00649261 0 0 0   -0.011 -0.02329  0.04412 -0.0649304  0.0399354  -0.053683 0.00259476 0.00167072 -0.0088298  0.0222831 -0.0282445   0.162885 -0.163905 -0.149982  -9.80648 
             69.3029  1.09267 -8.86544 -67.6605     2.87058    -2.64041 -0.00336102 0 0 0   -0.011 -0.02329  0.04412 0.00351554 -0.0244818 -0.0355385 0.00257434 0.00168111 -0.0088994  0.0231882 -0.0285843   0.161882 -0.163008 -0.150056   -9.8065 
             69.3993 0.985366 -9.57327 -67.3518      2.87132     -2.64799 -0.000720265 0 0 0   -0.011 -0.02329  0.04412  0.0200611 -0.0757887  -0.028266  0.00262073  0.00167678 -0.00884916  0.0225599 -0.0287504   0.161249 -0.163547 -0.150192  -9.80649 
             69.4995 0.968654 -8.81436   -67.51     2.87542    -2.64588 0.000560788 0 0 0   -0.011 -0.02329  0.04412  0.00176714 -0.00384067  -0.0268727  0.00261135  0.00162371 -0.00884399  0.0238407 -0.0285731   0.160821 -0.162379 -0.149816  -9.80651 
             69.6127 0.961814 -8.29951 -67.7658      2.8802    -2.64357 -0.00374135 0 0 0   -0.011 -0.02329  0.04412 0.000715926   0.0157152  -0.0456785  0.00256636  0.00164183 -0.00883787  0.0245193 -0.0291964    0.16092  -0.16169 -0.150325  -9.80652 
             69.7014    1.106 -8.65836 -67.8161     2.87424    -2.64363 -0.00653287 0 0 0   -0.011 -0.02329  0.04412 -0.000386505   -0.0137136    -0.061493  0.00256773  0.00165389 -0.00878933  0.0241066 -0.0283213   0.160741 -0.162161 -0.149543  -9.80652 
             69.8026  1.18057 -8.36266 -67.9785     2.8729    -2.6394 -0.0176321 0 0 0   -0.011 -0.02329  0.04412  0.0102404  0.0574326 -0.0591732  0.00250059  0.00159139 -0.00879117  0.0244197 -0.0281118   0.161008 -0.161908 -0.149363  -9.80653 
             69.8993 0.855431 -8.84955 -67.7585    2.87388   -2.62934 -0.0201009 0 0 0   -0.011 -0.02329  0.04412 -0.0550749  0.0555648 -0.0409281  0.00251555  0.00159128 -0.00883794  0.0251438 -0.0280235   0.160803 -0.161249 -0.149167  -9.80654 
             69.9999  1.43449 -10.0418 -66.8452    2.86562   -2.61711 -0.0173227 0 0 0   -0.011 -0.02329  0.04412 -0.0815374  0.0601344 -0.0559516 0.00251251 0.00160745 -0.0089341  0.0255101 -0.0274827   0.160261  -0.16096 -0.148544  -9.80655 
             70.1067  0.39873  -11.133 -67.5554    2.85796   -2.60656 -0.0220278 0 0 0   -0.011 -0.02329  0.04412 -0.0588444  0.0502803  -0.075595  0.00258378  0.00154575 -0.00881603  0.0261114 -0.0272523   0.160097 -0.160433 -0.148239  -9.80657 
              70.204 -0.444814  -13.1254  -66.3515    2.85301   -2.60789 -0.0199634 0 0 0   -0.011 -0.02329  0.04412 -0.00110031   0.0353046  -0.0704308   0.0025626  0.00163994 -0.00888894  0.0247804 -0.0273068   0.159354 -0.161609 -0.148307  -9.80655 
             70.2951 -0.868227  -13.9104  -66.2483    2.85294   -2.61413 -0.0166347 0 0 0   -0.011 -0.02329  0.04412 0.0257647 0.0284352 -0.046812  0.00257903  0.00160937 -0.00884999    0.02301 -0.0277406   0.158562 -0.163127 -0.148753  -9.80652 
             70.4006 -0.539075  -13.8611  -66.6075     2.8461    -2.6136 -0.0171361 0 0 0   -0.011 -0.02329  0.04412 -0.0337407  0.0160624 -0.0734494  0.00253883  0.00150873 -0.00879203  0.0220576 -0.0266791   0.158074 -0.164091 -0.147806  -9.80651 
             70.4992 -0.953243  -13.6526  -67.0078    2.84191   -2.61659 -0.0228618 0 0 0   -0.011 -0.02329  0.04412  -0.0192366 -0.00749728   -0.106205  0.00259717  0.00146893 -0.00879887  0.0212575 -0.0266768   0.157855 -0.164798 -0.147851   -9.8065 
             70.5918 -1.00714 -13.8701 -67.4843    2.83911   -2.62282 -0.0314477 0 0 0   -0.011 -0.02329  0.04412 -0.0335793 -0.0794849 -0.0819992  0.00260695  0.00148263 -0.00880143 0.0210367 -0.026952  0.157784 -0.164956 -0.148108  -9.80649 
             70.7009 -1.09139 -13.0836 -68.5021    2.83786   -2.62803 -0.0330866 0 0 0   -0.011 -0.02329  0.04412 -0.0420561 -0.0716874 -0.0742941  0.00259471  0.00145078 -0.00878966  0.0212237 -0.0271689   0.157272 -0.164707 -0.148157   -9.8065 
             70.8015 -1.03689 -12.5608 -68.6937    2.84524   -2.62574 -0.0265834 0 0 0   -0.011 -0.02329  0.04412 0.00894249 -0.0395886 -0.0439434  0.00258892  0.00147329 -0.00884755  0.0222769 -0.0279521    0.15613  -0.16353 -0.148456  -9.80651 
             70.9008 -1.34148 -12.0886 -69.2027    2.84873    -2.6344 -0.0175277 0 0 0   -0.011 -0.02329  0.04412  -0.0112044  -0.0584823 -0.00692621  0.00261672  0.00149017 -0.00880425  0.0213414 -0.0285947    0.15532 -0.164199 -0.148948  -9.80649 
             70.9998 -3.13978 -12.1193 -69.0154    2.85855   -2.63043 -0.0135558 0 0 0   -0.011 -0.02329  0.04412 -0.0253929 -0.0490757 -0.0452127  0.00269172  0.00152623 -0.00883766  0.0229579 -0.0295676   0.154759 -0.162558 -0.149505  -9.80651 
             71.0999 -3.87372 -12.6773 -69.0434    2.85009   -2.62628 -0.0157881 0 0 0   -0.011 -0.02329  0.04412 -0.0153818 -0.0149161 -0.0228695  0.00261917  0.00151984 -0.00881712  0.0234169 -0.0281516   0.154393 -0.162271 -0.148105  -9.80654 
             71.2096 -3.64874 -12.6391 -68.8079    2.85689   -2.62391 -0.0124438 0 0 0   -0.011 -0.02329  0.04412   0.0223577     -0.0231 -0.00501534  0.00255733  0.00155171 -0.00882651  0.0240957 -0.0286466   0.154023 -0.161555 -0.148398  -9.80655 
             71.3014 -3.91376 -12.3325 -69.5823    2.86038   -2.62751 -0.0054077 0 0 0   -0.011 -0.02329  0.04412  0.00449982  -0.0515674 -0.00243954  0.00265149  0.00156324 -0.00880673 0.0239202 -0.028857  0.153459  -0.16161 -0.148496  -9.80654 
             71.3992 -3.03826 -11.6587 -70.6505     2.86557    -2.63161 -0.00239245 0 0 0   -0.011 -0.02329  0.04412 0.00386908 -0.0553869 -0.0447749  0.00249763    0.001588 -0.00877159  0.0242095 -0.0294105   0.153026 -0.161225 -0.148879  -9.80654 
             71.4994 -2.98382 -10.8672 -71.6614       2.864    -2.62967 -0.00460096 0 0 0   -0.011 -0.02329  0.04412 -0.0258674 -0.0231629 -0.0775497  0.00257186  0.00154792 -0.00878281  0.0246791 -0.0287246   0.152554 -0.160813  -0.14813  -9.80656 
             71.5998 -2.93904 -10.8859 -71.6143     2.86844    -2.62576 -0.00378832 0 0 0   -0.011 -0.02329  0.04412 -0.0149064 0.00172353 -0.0673646  0.00248752  0.00164072 -0.00878742 0.0256782 -0.029303  0.151694 -0.159729   -0.1484  -9.80658 
             71.7008  -3.1682 -11.2684 -71.1366     2.86229    -2.61642 -0.00149332 0 0 0   -0.011 -0.02329  0.04412 -0.0182808  0.0231149  -0.037115  0.00252977  0.00160151 -0.00885631 0.0259584 -0.027521  0.150725 -0.159529 -0.146612  -9.80661 
             71.7991 -3.37037 -11.8857 -70.7729    2.85584   -2.61081 0.00112705 0 0 0   -0.011 -0.02329  0.04412  -0.022791  0.0147782 -0.0323197  0.00254786  0.00158885 -0.00881105  0.0258308 -0.0262648   0.150093 -0.159687 -0.145395  -9.80662 
             71.9063 -2.92797 -11.9688 -70.7269    2.85948   -2.60635 0.00413071 0 0 0   -0.011 -0.02329  0.04412   0.0211489  0.00408506 -0.00224568  0.00250298  0.00159905 -0.00880154  0.0266784 -0.0266435   0.149556 -0.158814 -0.145572  -9.80663 
             72.0015 -3.03522 -11.3413  -70.969    2.86601   -2.61091 0.00469528 0 0 0   -0.011 -0.02329  0.04412   0.0124697 -0.00120475  -0.0218376  0.00255213  0.00155051 -0.00880123   0.026273 -0.0276347   0.149511 -0.159071 -0.146494  -9.80662 
             72.1001 -3.43864 -10.9486 -71.0479     2.85654    -2.61756 -0.00137416 0 0 0   -0.011 -0.02329  0.04412 -0.0307266 -0.0198352 -0.0507123  0.00255112  0.00155219 -0.00883455  0.0249141 -0.0268399   0.149801 -0.160409 -0.145956   -9.8066 
             72.1994 -3.51811  -10.601 -71.0449    2.84663   -2.62559 0.00170354 0 0 0   -0.011 -0.02329  0.04412  -0.056786 -0.0202569 -0.0396294 0.00257361 0.00152374 -0.0088726  0.0233569 -0.0264283   0.149312 -0.161782 -0.145662  -9.80658 
             72.2992 -3.35626 -10.6383 -71.1332     2.83865     -2.6308 -0.00251086 0 0 0   -0.011 -0.02329  0.04412 -0.0572241 -0.0447577 -0.0492049  0.00257639  0.00152428 -0.00887678  0.0228136 -0.0262637   0.149373 -0.162293 -0.145577  -9.80658 
             72.3995 -3.45242  -10.708 -70.9981      2.8335    -2.62462 -0.00123329 0 0 0   -0.011 -0.02329  0.04412 -0.0682307  -0.024711 -0.0500799  0.00259623  0.00152223 -0.00888471  0.0240533 -0.0255682    0.14862 -0.161162 -0.144721  -9.80661 
                72.5 -3.38477 -10.6545 -70.9043     2.83111    -2.61733 -0.00067734 0 0 0   -0.011 -0.02329  0.04412   -0.0580292 -0.000812389   -0.0450492  0.00261592  0.00152929 -0.00888969  0.0253462 -0.0253949   0.148007 -0.159948 -0.144348  -9.80663 
             72.5998 -2.92192 -10.6509  -70.624     2.83744    -2.60944 -0.00333239 0 0 0   -0.011 -0.02329  0.04412 -0.0193727  0.0151652 -0.0479422  0.00258385  0.00152853 -0.00888084  0.0271337 -0.0262904   0.147685 -0.158218  -0.14492  -9.80665 
             72.6995  -2.6864 -10.5077 -70.5498     2.83903    -2.60674 -0.00234082 0 0 0   -0.011 -0.02329  0.04412 -0.00887863   0.0260226  -0.0440962  0.00261675   0.0014926 -0.00885501  0.0272787 -0.0265621   0.147212 -0.158001 -0.145079  -9.80665 
              72.799 -2.74482 -10.4077 -70.6412     2.84231    -2.60657 -0.00456237 0 0 0   -0.011 -0.02329  0.04412 -0.00871928  0.00964636  -0.0553852   0.0026189  0.00147821 -0.00885623 0.0272463  -0.02722  0.147027 -0.157935  -0.14564  -9.80665 
             72.8998 -2.73537 -10.6155 -70.7377     2.84797    -2.60481 -0.00368294 0 0 0   -0.011 -0.02329  0.04412   0.0172355 7.04776e-05  -0.0533008  0.00261264  0.00154078 -0.00879733   0.027671 -0.0278216   0.146474 -0.157425 -0.146049  -9.80665 
             73.0025 -2.66993 -10.4852 -70.6428     2.85726    -2.60876 0.000689865 0 0 0   -0.011 -0.02329  0.04412  0.0424146 -0.0256552 -0.0393492  0.00259161  0.00153727 -0.00882638  0.0275242 -0.0287522   0.145736 -0.157364 -0.146782  -9.80664 
             73.1005 -2.82021 -9.93358 -70.6983    2.86003   -2.62088 0.00222262 0 0 0   -0.011 -0.02329  0.04412  0.0157637 -0.0333618 -0.0417198  0.00259665  0.00154468 -0.00884547  0.0261204 -0.0292913   0.145402 -0.158507 -0.147366  -9.80661 
             73.2053 -2.57724 -9.56339 -70.9321    2.86247   -2.62288 0.00318338 0 0 0   -0.011 -0.02329  0.04412 0.00510601 -0.0179066 -0.0389967  0.00253883  0.00158752 -0.00877182  0.0260849 -0.0294195   0.144984 -0.158477 -0.147422  -9.80661 
             73.3009 -2.43307 -9.54509 -70.7446     2.87093     -2.6274 -0.00482717 0 0 0   -0.011 -0.02329  0.04412  0.0233966 -0.0333381   -0.06203  0.00250621   0.0015337 -0.00884105  0.0264942 -0.0306765   0.145334 -0.158006 -0.148536   -9.8066 
             73.4076 -2.33126 -9.66519 -70.3837    2.86283   -2.63674 -0.0132567 0 0 0   -0.011 -0.02329  0.04412 0.00108612 -0.0553454 -0.0765665  0.00255277   0.0014917 -0.00884193  0.0251969 -0.0296188   0.145496 -0.159294 -0.147772  -9.80659 
             73.5029 -2.06032 -9.63099 -70.3729    2.86688   -2.62909 -0.0227117 0 0 0   -0.011 -0.02329  0.04412 -0.00366723  -0.0148317  -0.0939934   0.0024953    0.001463 -0.00877198  0.0269505 -0.0294063   0.145415 -0.157764 -0.147373  -9.80662 
             73.5984 -2.01733 -9.81312 -70.3207    2.86247   -2.62699 -0.0270743 0 0 0   -0.011 -0.02329  0.04412  -0.0291619 -0.00390362  -0.0911173   0.0024615  0.00147368 -0.00877555   0.027088 -0.0287703   0.144947 -0.157674 -0.146734  -9.80663 
             73.7034 -2.02692 -10.2274 -69.8451     2.8618   -2.62301 -0.0277752 0 0 0   -0.011 -0.02329  0.04412  -0.0128099 -0.00802556  -0.0913114  0.00248772  0.00147362 -0.00882818  0.0276872 -0.0283255   0.144093  -0.15712 -0.146157  -9.80665 
             73.7993 -1.64488 -10.2596 -70.0291   2.86066  -2.61984 -0.025749 0 0 0   -0.011 -0.02329  0.04412  -0.0288582 -0.00751805  -0.0607342   0.0024525  0.00148644 -0.00883479  0.0279014 -0.0281236   0.143222 -0.156876 -0.145834  -9.80666 
             73.9048  -1.5245 -10.6255 -69.1028    2.86528    -2.6194 -0.0194962 0 0 0   -0.011 -0.02329  0.04412 -0.00621959  0.00313783  -0.0328428  0.00243096  0.00145971 -0.00897783  0.0279301 -0.0286973   0.142478 -0.156711 -0.146227  -9.80666 
             73.9911 -3.23626 -10.5992 -68.9197    2.85737   -2.63135 -0.0219929 0 0 0   -0.011 -0.02329  0.04412  -0.054324 -0.0353219 -0.0641759  0.00252172  0.00145408 -0.00895924  0.0265174 -0.0287238   0.142347 -0.157933 -0.146408  -9.80664 
             74.1016 -3.43785 -10.6654 -68.6752    2.84744   -2.62872 -0.0253815 0 0 0   -0.011 -0.02329  0.04412 -0.0899503 -0.0263864 -0.0644966   0.0024191  0.00135614 -0.00888974   0.026795 -0.0280167   0.142073 -0.157761 -0.145715  -9.80665 
             74.1997 -3.64479 -11.4361 -67.7768    2.84764   -2.62077 -0.0279714 0 0 0   -0.011 -0.02329  0.04412 -0.0736475  0.0105561 -0.0236012  0.00247919  0.00139533 -0.00900365 0.0281319 -0.028461  0.141795 -0.156508 -0.145881  -9.80667 
             74.2998 -3.40235 -12.9764   -67.14     2.8418   -2.61673 -0.0166841 0 0 0   -0.011 -0.02329  0.04412 -0.0576627  -0.023104  0.0539142  0.00243098  0.00143607 -0.00894911  0.0281627 -0.0281689   0.140966 -0.156433 -0.145494  -9.80667 
             74.4114 0.120414 -15.7411 -67.4034     2.84866    -2.60926 -0.00300701 0 0 0   -0.011 -0.02329  0.04412  0.0584755 -0.0173705   0.130014  0.00215752  0.00152807 -0.00882801  0.0296136 -0.0286004   0.140376 -0.155045 -0.145561  -9.80669 
             74.5043 0.606876 -15.6828 -66.1333   2.85253  -2.60647 0.0142355 0 0 0   -0.011 -0.02329  0.04412  0.0500869 -0.0355428   0.152754   0.0022921  0.00134625 -0.00888943  0.0300352 -0.0279085   0.140173 -0.154765 -0.144868  -9.80671 
             74.5994 -0.00603061     -15.227    -66.3811   2.85789  -2.61909 0.0461811 0 0 0   -0.011 -0.02329  0.04412 -0.0104983 -0.0183663   0.231972  0.00234707  0.00137032 -0.00887714 0.0284773 -0.028769  0.139165  -0.15585 -0.145624  -9.80668 
             74.6994  1.92365 -11.5782 -66.9446   2.85699  -2.61536 0.0691826 0 0 0   -0.011 -0.02329  0.04412 -0.037014 0.0348065  0.145215  0.00228307  0.00117593 -0.00884101  0.0288231 -0.0286862   0.138865 -0.155536 -0.145429  -9.80669 
             74.7995  4.67861 -8.80641 -67.5251   2.86212  -2.61046 0.0751169 0 0 0   -0.011 -0.02329  0.04412 -0.0683194  0.0771291  0.0410415  0.00222282  0.00113305 -0.00883839  0.0294225 -0.0300616   0.139155 -0.154808  -0.14657  -9.80668 
             74.8996  5.94781 -9.24489 -68.1022   2.84491  -2.59856 0.0821222 0 0 0   -0.011 -0.02329  0.04412 -0.130971  0.106387 0.0567738  0.00231297  0.00125355 -0.00885677  0.0291872 -0.0290037   0.138852 -0.155182 -0.145642  -9.80669 
             75.0035  6.05384 -9.67804  -68.135   2.83915  -2.58881 0.0933685 0 0 0   -0.011 -0.02329  0.04412 -0.118638  0.158671 0.0824575  0.00242242  0.00130014 -0.00884862  0.0290862 -0.0299265   0.138586 -0.155094 -0.146368  -9.80668 
             75.1078  6.21727 -9.19303 -66.3503  2.82433 -2.58041 0.104617 0 0 0   -0.011 -0.02329  0.04412 -0.182068  0.180747  0.130859  0.00244348  0.00128055 -0.00889621  0.0281311 -0.0302531   0.138592 -0.155849 -0.146807  -9.80666 
             75.1969  6.89395  -9.3438 -64.2642 2.81416 -2.5633 0.12543 0 0 0   -0.011 -0.02329  0.04412 -0.196536  0.219304  0.176067  0.00226481  0.00123385 -0.00889868  0.0281677 -0.0317202   0.138401 -0.155556 -0.147979  -9.80665 
             75.2982    7.828 -9.51597 -61.7138  2.79165 -2.53617 0.149303 0 0 0   -0.011 -0.02329  0.04412 -0.231936  0.261281  0.149174  0.00228253  0.00117834 -0.00891692  0.0281779 -0.0316089   0.137836 -0.155613 -0.147757  -9.80665 
             75.4062   8.5879  -9.5266 -59.5081  2.76934 -2.50953 0.175706 0 0 0   -0.011 -0.02329  0.04412 -0.24089 0.306616 0.104586 0.00232659 0.00119704 -0.0089092  0.0276961 -0.0321426   0.136866 -0.156019  -0.14807  -9.80664 
             75.4996  10.2948  -8.5157 -57.9409  2.74028 -2.48089 0.199186 0 0 0   -0.011 -0.02329  0.04412 -0.279134  0.233643  0.130533  0.00222671  0.00115276 -0.00881908 0.0281813 -0.031685  0.135805 -0.155859 -0.147358  -9.80665 
             75.6032  12.6558 -6.77676 -56.9086  2.70718 -2.43837 0.216917 0 0 0   -0.011 -0.02329  0.04412 -0.378272  0.332268 0.0538811  0.00221055   0.0010752 -0.00883644  0.0286782 -0.0318631   0.134942  -0.15556 -0.147189  -9.80666 
             75.7037  11.5369 -11.1496 -58.0373  2.66456 -2.39545 0.229514 0 0 0   -0.011 -0.02329  0.04412 -0.430868    0.2914  0.126147  0.00236169  0.00152186 -0.00876214  0.0295156 -0.0317973   0.134611  -0.15497 -0.146847  -9.80668 
             75.8149  13.2612 -7.94658 -56.1752  2.63031 -2.35132 0.246335 0 0 0   -0.011 -0.02329  0.04412 -0.428338  0.420707  0.127228  0.00227535  0.00126611 -0.00879109  0.0307961 -0.0319405   0.134106 -0.154047 -0.146474   -9.8067 
             75.9055  12.7994 -4.98262 -53.6318  2.59225 -2.30126 0.255714 0 0 0   -0.011 -0.02329  0.04412 -0.417245  0.435647 0.0279815  0.00234348  0.00123515 -0.00886946  0.0313067 -0.0322916    0.13408  -0.15355 -0.146574   -9.8067 
             76.0013  9.80424 -5.94464 -52.3615  2.54708 -2.27331 0.262077 0 0 0   -0.011 -0.02329  0.04412  -0.384717   0.305874 -0.0388959   0.0025596  0.00140596 -0.00886164  0.0301367 -0.0324957   0.133453 -0.154593 -0.146963  -9.80668 
                76.1  9.60076 -5.59383 -52.4441  2.51175 -2.24628 0.253151 0 0 0   -0.011 -0.02329  0.04412 -0.388799  0.288796 -0.141683   0.0023999   0.0012914 -0.00879327  0.0301776 -0.0322822   0.133592 -0.154584 -0.146826  -9.80668 
             76.1909  8.61941 -4.87604 -52.3363  2.47808 -2.21297 0.233097 0 0 0   -0.011 -0.02329  0.04412 -0.445233  0.253995 -0.244314  0.00241647  0.00129863 -0.00877052  0.0305688 -0.0334699   0.133651 -0.153855 -0.147502  -9.80668 
             76.2998  5.21565 -5.31368 -49.1995  2.43867 -2.18286 0.208915 0 0 0   -0.011 -0.02329  0.04412 -0.456857   0.19004 -0.168809  0.00247717   0.0013026 -0.00888978  0.0312597 -0.0338376    0.13396 -0.153118  -0.14752   -9.8067 
             76.3992 0.490068 -7.76166 -44.3136  2.38718 -2.14934 0.194107 0 0 0   -0.011 -0.02329  0.04412  -0.480029   0.192967 -0.0921014  0.0025143 0.00131504 -0.0089999  0.0323996 -0.0332159   0.134009  -0.15257 -0.146658  -9.80672 
             76.5007 -5.35499 -11.6915 -37.4049  2.33689 -2.15103 0.193104 0 0 0   -0.011 -0.02329  0.04412 -0.527217  0.153875 0.0294546  0.00261813  0.00143291 -0.00906658  0.0308959 -0.0338016   0.133755 -0.153392 -0.147641  -9.80669 
             76.6111 -10.5715 -14.9426  -29.436   2.2853 -2.12233 0.208359 0 0 0   -0.011 -0.02329  0.04412 -0.597428   0.17947  0.170576  0.00251734  0.00129992 -0.00900843  0.0319042 -0.0336517   0.132994 -0.153027  -0.14696  -9.80671 
             76.7086 -13.2673 -17.2797 -22.8797 2.21592 -2.1244 0.25803 0 0 0   -0.011 -0.02329  0.04412 -0.727913  0.158615  0.421294   0.0025269  0.00147136 -0.00907321  0.0302853 -0.0335302   0.131541 -0.154201 -0.147494  -9.80668 
             76.7999 -13.7928 -17.3521 -15.6937  2.14174 -2.12039  0.32878 0 0 0   -0.011 -0.02329  0.04412 -0.816414  0.168976  0.598019  0.00250222  0.00142644 -0.00911964  0.0290628 -0.0333676    0.13021 -0.154847 -0.147712  -9.80667 
             76.9064 -12.7974 -16.4639 -9.04632  2.05982  -2.1102 0.406716 0 0 0   -0.011 -0.02329  0.04412 -0.848924  0.156481  0.663887   0.0026141  0.00137729 -0.00918092  0.0282777 -0.0330347   0.129257 -0.15522 -0.14763 -9.80666 
             76.9997 -10.8446 -14.2716 -1.72556  1.97245 -2.06858 0.473327 0 0 0   -0.011 -0.02329  0.04412 -0.844586  0.183934    0.6644  0.00240678   0.0012268 -0.00932731  0.0289184 -0.0334716     0.1285 -0.155416  -0.14679  -9.80667 
             77.0935 -8.60074  -11.305  5.76509  1.87985 -2.03922 0.536915 0 0 0   -0.011 -0.02329  0.04412 -0.779385  0.197141  0.584718  0.00236277  0.00105276 -0.00922302  0.0294671 -0.0338216    0.12821 -0.155792 -0.146618  -9.80667 
             77.2097 -6.38356 -7.11583  15.1592  1.81401 -2.01109 0.587051 0 0 0   -0.011 -0.02329  0.04412 -0.681925  0.291786  0.453281  0.00240578 0.000951877 -0.00935176  0.0290928 -0.0339895   0.128453 -0.155609 -0.146326  -9.80667 
             77.3014  -6.2005 -3.21948  23.9299  1.74016 -1.97974 0.632217 0 0 0   -0.011 -0.02329  0.04412 -0.574052  0.307705  0.349926  0.00253934 0.000885756 -0.00923522  0.0294342 -0.0339626   0.128239 -0.155709  -0.14662  -9.80667 
             77.4068  -6.87607 -0.367529     32.73  1.70019  -1.9496 0.651973 0 0 0   -0.011 -0.02329  0.04412 -0.478485  0.387102  0.221683  0.00264946 0.000907098 -0.00926814  0.0290175 -0.0332408   0.129179 -0.154942 -0.146071  -9.80669 
             77.4999  -6.28625 -0.493496   38.2093  1.66307 -1.89834 0.663314 0 0 0   -0.011 -0.02329  0.04412 -0.471588  0.438014  0.075634  0.00268974 0.000995171 -0.00917942 0.0274726 -0.032665  0.129801 -0.154873 -0.144563  -9.80671 
             77.5996 -7.20296 -4.27423  43.2302  1.62151 -1.85273 0.654006 0 0 0   -0.011 -0.02329  0.04412   -0.32777   0.461621 -0.0633756  0.00279096  0.00124102 -0.00921415  0.0275172 -0.0329046   0.130474 -0.154945 -0.144641  -9.80671 
             77.6995 -5.20178 -8.48044  46.7548  1.58676 -1.79659 0.634166 0 0 0   -0.011 -0.02329  0.04412  -0.27243  0.546159 -0.129813  0.00254797  0.00111335 -0.00909194 0.0270271 -0.034064  0.131138 -0.155951 -0.144806  -9.80669 
             77.8083  -2.8725 -10.5419  47.3898  1.56022 -1.73525 0.622689 0 0 0   -0.011 -0.02329  0.04412 -0.202328  0.597816 -0.177897  0.00258868  0.00102854 -0.00899296  0.0266983 -0.0343532   0.130852 -0.156345 -0.144753  -9.80669 
             77.9042 -4.84277 -10.2125  45.1705  1.54854 -1.69009  0.62812 0 0 0   -0.011 -0.02329  0.04412 -0.0994106   0.543178  -0.192013  0.00288307 0.000902125 -0.00891913  0.0278312 -0.0337114   0.129285 -0.155347 -0.145259  -9.80669 
             78.0124 -5.14742 -8.86329  40.0118  1.53939  -1.6413 0.610463 0 0 0   -0.011 -0.02329  0.04412  -0.04397  0.451367 -0.147362  0.00285317 0.000708347 -0.00856655  0.0288283 -0.0337443   0.129065 -0.154791 -0.145949  -9.80669 
             78.1039 -4.88574 -9.55426  31.2765  1.54692 -1.60192 0.606449 0 0 0   -0.011 -0.02329  0.04412   0.116108   0.434472 -0.0609128  0.00277282 0.000890267 -0.00864393  0.0297385 -0.0325052   0.128574 -0.153477 -0.145852  -9.80671 
             78.2009 -5.98364 -8.74802  21.5459  1.56158 -1.56297  0.61223 0 0 0   -0.011 -0.02329  0.04412    0.229477    0.421661 -0.00553716  0.00280671 0.000801932 -0.00844007  0.0303349 -0.0331864   0.127859 -0.153602 -0.146731   -9.8067 
             78.2999 -7.58561 -4.42082  13.4812   1.5762 -1.52608 0.629706 0 0 0   -0.011 -0.02329  0.04412    0.167426    0.412794 -0.00191535  0.00286799 0.000684662 -0.00846936  0.0313946 -0.0342645   0.126315 -0.153823  -0.14826  -9.80667 
             78.4031 -10.0972 -2.82896  7.84633   1.5848  -1.4905 0.639794 0 0 0   -0.011 -0.02329  0.04412 0.0808028  0.406337 0.0579213  0.00292823 0.000877157 -0.00854659   0.032517 -0.0348212   0.125603 -0.153679 -0.149423  -9.80666 
             78.5082 -10.2733 -6.62214  6.05973  1.58083 -1.45375 0.655899 0 0 0   -0.011 -0.02329  0.04412 -0.0266494   0.428177  0.0882262  0.00278031  0.00103192 -0.00869413  0.0328678 -0.0356142   0.124611 -0.154253 -0.150157  -9.80664 
             78.5991   -9.679 -12.3158  6.41443  1.57178 -1.41238 0.691697 0 0 0   -0.011 -0.02329  0.04412 -0.110323  0.431879   0.20686  0.00260211  0.00132057 -0.00872328  0.0327994 -0.0354333   0.122723 -0.154542 -0.150167  -9.80663 
             78.7049 -6.97669  -17.479  6.67798  1.55017   -1.364 0.712665 0 0 0   -0.011 -0.02329  0.04412 -0.260583  0.530724  0.127753  0.00242356  0.00124491 -0.00872762  0.032862 -0.035825  0.122365 -0.154933 -0.150365  -9.80662 
             78.8038 -5.89565   -21.43  6.06479  1.51794 -1.30675 0.715138 0 0 0   -0.011 -0.02329  0.04412   -0.352783    0.639515 -0.00332934  0.00248973  0.00121053 -0.00868773  0.0330692 -0.0360652   0.122644 -0.154987 -0.150567  -9.80662 
                78.9 -6.43785  -23.883  5.14478  1.48943 -1.23867  0.70667 0 0 0   -0.011 -0.02329  0.04412 -0.397923  0.745929 -0.125253  0.00261301  0.00116911 -0.00872768  0.0326797 -0.0352892   0.123093 -0.154293 -0.150093  -9.80664 
             79.0017 -9.20787  -21.912  4.99478  1.45049 -1.15781 0.690061 0 0 0   -0.011 -0.02329  0.04412  -0.49053  0.821373 -0.221078    0.002593  0.00102223 -0.00876538  0.0319966 -0.0353987   0.123171 -0.154462 -0.149593  -9.80664 
             79.0931 -12.9584 -17.7685  5.50803  1.39333 -1.06555 0.675664 0 0 0   -0.011 -0.02329  0.04412 -0.597284  0.852506 -0.212122  0.00283798 0.000811682 -0.00887882  0.031254 -0.035011  0.122558 -0.154547 -0.149116  -9.80665 
             79.2056 -15.1067 -13.3123  6.39648     1.332 -0.986835  0.664269 0 0 0   -0.011 -0.02329  0.04412 -0.571171   0.84569 -0.164079  0.00269242 0.000685274 -0.00890706  0.0314775 -0.0351391   0.121871 -0.154935 -0.149418  -9.80664 
             79.2995 -14.8947 -8.90786  8.01184   1.28275 -0.906429  0.643777 0 0 0   -0.011 -0.02329  0.04412 -0.475698  0.913369 -0.204645  0.00270195 0.000752897 -0.00897441   0.031655 -0.0345866   0.122292 -0.154323  -0.14944  -9.80665 
             79.3996 -12.7695 -3.64338   10.985   1.24658 -0.811555  0.621887 0 0 0   -0.011 -0.02329  0.04412 -0.286792   1.00556 -0.249558  0.00260827 0.000688014 -0.00905805  0.0314471 -0.0343302   0.122337 -0.154152 -0.149265  -9.80665 
             79.5006 -12.6708  2.11693  15.8791   1.21507 -0.698914   0.58537 0 0 0   -0.011 -0.02329  0.04412 -0.153392   1.06569 -0.239949   0.0027304 0.000596215 -0.00915169  0.0322988 -0.0357026   0.122881 -0.154716 -0.149959  -9.80663 
              79.599 -12.7466  5.29322  20.5184   1.20214 -0.590928  0.562967 0 0 0   -0.011 -0.02329  0.04412 -0.0366339     1.1695  -0.119552  0.00274604 0.000588359 -0.00901793  0.0327555 -0.0361237   0.123136 -0.154832  -0.15035  -9.80663 
             79.6996 -11.8151  2.47303  24.7814    1.1902 -0.466498   0.56232 0 0 0   -0.011 -0.02329  0.04412 0.0963683     1.236 0.0402535  0.00272347 0.000939429 -0.00902354  0.0333966 -0.0375505   0.122397  -0.15594 -0.151147   -9.8066 
             79.7995 -12.0247 -2.34638  28.1815   1.21066 -0.338438  0.591779 0 0 0   -0.011 -0.02329  0.04412 0.259615  1.22216 0.290894  0.00282646  0.00119744 -0.00902566  0.0331522 -0.0370895   0.121579 -0.155868 -0.150808   -9.8066 
                79.9 -8.94248 -6.69331  28.5818   1.25013 -0.208473  0.625678 0 0 0   -0.011 -0.02329  0.04412 0.360353  1.31912 0.193684  0.00272389  0.00109576 -0.00888468  0.0325018 -0.0362132   0.121111 -0.155545 -0.149972  -9.80662 
             80.0005 -7.86585 -8.99691  25.8875    1.29041 -0.0696728   0.625055 0 0 0   -0.011 -0.02329  0.04412  0.370816   1.36225 -0.100676  0.00276566 0.000973531 -0.00871967   0.031703 -0.0361998   0.121588 -0.155765 -0.149366  -9.80663 
             80.0995 -9.96936 -10.5827  21.0573   1.33036 0.0678836   0.62632 0 0 0   -0.011 -0.02329  0.04412  0.400818   1.40999 -0.191254  0.00285993 0.000946855 -0.00860344  0.0317226 -0.0354067   0.120329 -0.155392 -0.149003  -9.80664 
             80.1999 -12.1289 -12.4607  16.7986  1.37193 0.216879 0.630708 0 0 0   -0.011 -0.02329  0.04412  0.371185   1.51035 -0.074041   0.0029978  0.00108509 -0.00861802  0.0312167 -0.0350519   0.119076 -0.155553 -0.148465  -9.80664 
                80.3 -13.0427 -12.6857  10.5134  1.40263  0.37011 0.645776 0 0 0   -0.011 -0.02329  0.04412 0.295287  1.48049 0.119485  0.00280125 0.000944448 -0.00849005  0.0306545 -0.0352676   0.118169   -0.1561 -0.148167  -9.80664 
             80.3995 -13.8686 -15.1351  1.39385  1.42741 0.516439 0.687631 0 0 0   -0.011 -0.02329  0.04412 0.206401  1.42587 0.274583  0.00273684  0.00121356 -0.00826645  0.0303265 -0.0350104   0.116657 -0.156356  -0.14789  -9.80664 
             80.4995 -11.5124 -15.1136  -4.4639  1.44435 0.654006 0.721638 0 0 0   -0.011 -0.02329  0.04412 0.124963  1.44444 0.221172 0.00252834 0.00109783  -0.008368  0.0307435 -0.0346699   0.116117 -0.156083 -0.148106  -9.80664 
              80.603 -9.82948 -15.0469 -7.66062  1.44713  0.80015 0.738802 0 0 0   -0.011 -0.02329  0.04412 0.0203649   1.44876  0.147818  0.00253727   0.0011477 -0.00855043   0.030803 -0.0352031   0.116104 -0.156489 -0.148311  -9.80663 
             80.7106 -8.94006 -16.0499 -9.82497  1.43947  0.94049 0.751164 0 0 0   -0.011 -0.02329  0.04412 -0.093743   1.35681  0.100033  0.00251991  0.00120255 -0.00865064   0.031824 -0.0350093   0.116073 -0.156106 -0.148995  -9.80663 
              80.822 -6.90748 -16.9935 -11.4162  1.42797  1.08349 0.757706 0 0 0   -0.011 -0.02329  0.04412 -0.189513   1.34247  0.129194  0.00258712  0.00124967 -0.00867534  0.0310433 -0.0355629    0.11629 -0.156565 -0.148518  -9.80663 
             80.8996 -4.60332 -17.3465 -10.9663  1.39766  1.20566 0.769556 0 0 0   -0.011 -0.02329  0.04412 -0.319585   1.25358  0.177549  0.00258409  0.00124334 -0.00884454    0.03185 -0.0355038   0.116453  -0.15644 -0.148999  -9.80662 
                  81 -2.96892  -16.934 -9.06795  1.34406  1.32137 0.789841 0 0 0   -0.011 -0.02329  0.04412 -0.427153   1.18753 0.0999655   0.0026845  0.00110742 -0.00900338  0.0327691 -0.0352751   0.115831 -0.156823 -0.149361  -9.80661 
             81.0992 -1.39213 -17.9401 -6.12088  1.30066  1.43028 0.784615 0 0 0   -0.011 -0.02329  0.04412  -0.426506    1.18051 -0.0896922  0.00267458  0.00113692 -0.00905734  0.0332605 -0.0351324   0.116171 -0.156617  -0.14967  -9.80661 
             81.2109  -2.29155  -17.0996 -0.885406  1.26172  1.54867 0.770318 0 0 0   -0.011 -0.02329  0.04412 -0.421529   1.22026 -0.208642  0.00278255  0.00107523 -0.00922029  0.0329694 -0.0349652   0.116146 -0.156486  -0.14961  -9.80661 
             81.3022 -5.38328 -15.1602  6.84401 1.21834 1.68217 0.75097 0 0 0   -0.011 -0.02329  0.04412    -0.455   1.26558 -0.143534  0.00289478 0.000949224 -0.00940996  0.0329237 -0.0350569   0.116143 -0.156514 -0.149558  -9.80661 
             81.4021 -13.0757 -11.4258   15.675  1.17494  1.79152 0.786821 0 0 0   -0.011 -0.02329  0.04412 -0.447883    1.1754  0.135874  0.00326234 0.000751231 -0.00946441   0.031624 -0.0344765   0.114059 -0.157167 -0.149292   -9.8066 
             81.4993 -15.7404 -11.0473  22.3409  1.13853  1.90837 0.837768 0 0 0   -0.011 -0.02329  0.04412 -0.376347   1.16701  0.330444  0.00306102  0.00103011 -0.00934441  0.0303934 -0.0340182   0.112565 -0.157507 -0.148876  -9.80661 
             81.5995 -16.7411  -10.255  25.2419  1.11091  2.02116 0.875374 0 0 0   -0.011 -0.02329  0.04412 -0.299846   1.16897  0.352358  0.00306371 0.000966561 -0.00904811  0.0300087 -0.0331608   0.112696  -0.15695 -0.148586  -9.80662 
             81.6998 -15.2212 -10.8504  25.2199  1.09204  2.13315 0.904051 0 0 0   -0.011 -0.02329  0.04412 -0.28969    1.112  0.25217  0.00295298  0.00112101 -0.00883097  0.0293215 -0.0323555   0.113143 -0.156378 -0.147843  -9.80664 
             81.8005 -12.8391  -12.192  24.9248  1.06473  2.23249 0.924808 0 0 0   -0.011 -0.02329  0.04412 -0.296427  0.994988  0.212739  0.00298684  0.00108123 -0.00881597  0.0297156 -0.0316316   0.113397 -0.155735 -0.147975  -9.80665 
             81.9038 -7.10071 -16.7964  26.3329  1.03427   2.3315 0.930983 0 0 0   -0.011 -0.02329  0.04412 -0.377992   1.05141  0.167793  0.00268237  0.00163937 -0.00899805  0.0297624 -0.0318761   0.114193 -0.155676 -0.147943  -9.80665 
             81.9933 -6.13777 -19.6656  28.6031 0.984256  2.44762 0.953236 0 0 0   -0.011 -0.02329  0.04412 -0.442124   1.04708  0.155923   0.0029257  0.00149398 -0.00904368  0.0294411 -0.0333638   0.113643 -0.156924 -0.148304  -9.80662 
             82.1038 -7.78039 -21.2356  31.7415 0.922851  2.56561 0.977017 0 0 0   -0.011 -0.02329  0.04412 -0.536463   1.05216 0.0658348  0.00296758  0.00137701 -0.00906986  0.0289428 -0.0347927    0.11256 -0.158332 -0.148708  -9.80659 
             82.2008 -10.6162 -22.0104  35.9192  0.8685 2.66647 0.97605 0 0 0   -0.011 -0.02329  0.04412 -0.572461   1.00336 -0.035738  0.00311836  0.00142574 -0.00920412   0.029075 -0.0347015   0.112699 -0.158182 -0.148732   -9.8066 
             82.2997 -11.9854 -22.5492  39.7639 0.808073  2.77076 0.978147 0 0 0   -0.011 -0.02329  0.04412  -0.615755    1.03472 -0.0234222  0.00296192  0.00132907 -0.00912854  0.0286721 -0.0349443   0.112311 -0.158614 -0.148666  -9.80659 
             82.4006 -14.629 -21.776  43.088 0.750266  2.85801 0.980549 0 0 0   -0.011 -0.02329  0.04412 -0.521781  0.997236 0.0242473  0.00313295  0.00120161 -0.00911427  0.0302444 -0.0343384   0.111993 -0.157486 -0.149499   -9.8066 
             82.4995 -15.9421 -19.4712  45.6982 0.699366   2.9569 0.995844 0 0 0   -0.011 -0.02329  0.04412  -0.509891    1.00003 -0.0468194  0.00290062  0.00105174 -0.00908728  0.0295991 -0.0339449   0.110957 -0.157778 -0.149205   -9.8066 
             82.5995 -14.4917 -15.7348  47.9771  0.64302  3.04655 0.986608 0 0 0   -0.011 -0.02329  0.04412 -0.540635  0.937099 -0.294722    0.002912  0.00109263 -0.00909231  0.0305638 -0.0341121   0.110243  -0.15749 -0.150126  -9.80659 
             82.7001 -12.2404 -13.8533  49.7011 0.588025  3.12824 0.949115 0 0 0   -0.011 -0.02329  0.04412 -0.527068  0.814224 -0.527895  0.00283727  0.00118019 -0.00902939  0.0312673 -0.0340153    0.10982 -0.157113 -0.150642  -9.80658 
             82.8047 -7.69947 -15.4358  50.3511 0.536916  3.20916 0.891855 0 0 0   -0.011 -0.02329  0.04412 -0.508246  0.850878 -0.689845  0.00270823  0.00136036 -0.00893809  0.0307712 -0.0343988   0.109697 -0.157654 -0.150591  -9.80658 
             82.8999 -3.75327 -16.0487  49.8508 0.483416  3.30576 0.812635 0 0 0   -0.011 -0.02329  0.04412  -0.47358  0.848469 -0.797789  0.00285029  0.00119424 -0.00887376  0.0301277 -0.0344223   0.109733 -0.158047 -0.150211  -9.80658 
             83.0017 -5.66821 -13.4757   49.165 0.446134  3.39407 0.739659 0 0 0   -0.011 -0.02329  0.04412  -0.37755  0.822952 -0.796822  0.00298168  0.00113702 -0.00884474  0.0287605 -0.0338018    0.10973 -0.158512  -0.14905  -9.80659 
             83.0989 -6.00463 -9.81199  47.3092 0.411809  3.47643 0.654356 0 0 0   -0.011 -0.02329  0.04412 -0.289015  0.817344 -0.786993  0.00295238  0.00105594 -0.00880954  0.0292766 -0.0336477   0.109867  -0.15809 -0.149221  -9.80659 
             83.2065 -6.71642 -6.21015  44.4116  0.38849  3.54038 0.588168 0 0 0   -0.011 -0.02329  0.04412 -0.130051  0.731594  -0.73048  0.00288808 0.000963425 -0.00867841  0.0311497 -0.0337552    0.10889  -0.15708 -0.150603  -9.80659 
             83.2995 -7.17021 -2.94289  41.3467 0.379125  3.61113 0.518732 0 0 0   -0.011 -0.02329  0.04412 -0.0923537   0.615538  -0.593408  0.00285999  0.00103006 -0.00864553  0.0317361 -0.0331096   0.108482 -0.156365 -0.150645   -9.8066 
             83.4094  -6.8683 -3.72663  37.8879 0.378753  3.65345 0.476426 0 0 0   -0.011 -0.02329  0.04412 0.0203297  0.516142  -0.47687  0.00289103  0.00124556 -0.00863163  0.0327452 -0.0323636   0.108025 -0.155336  -0.15088  -9.80661 
             83.5027 -6.22371 -7.36012  35.5698 0.395574   3.6918  0.43832 0 0 0   -0.011 -0.02329  0.04412  0.167415  0.426407 -0.321362  0.00295094  0.00143923 -0.00874764  0.0334989 -0.0309296    0.10807 -0.154013 -0.150494  -9.80664 
             83.5921 -5.40642 -9.81158  32.3609 0.409633  3.71399 0.410141 0 0 0   -0.011 -0.02329  0.04412  0.243313  0.288375 -0.235571  0.00295648  0.00132977 -0.00864984  0.0356092 -0.0319767   0.107729 -0.153459 -0.152417  -9.80662 
             83.6996 -5.24498 -10.2768  28.3888 0.425326  3.74216 0.397445 0 0 0   -0.011 -0.02329  0.04412  0.254211  0.221618 -0.205538  0.00300677  0.00123698 -0.00866064  0.0354754 -0.0333119    0.10703 -0.154426 -0.153137  -9.80659 
             83.7995  -7.386 -9.9229 24.4772 0.450103  3.74369 0.388475 0 0 0   -0.011 -0.02329  0.04412  0.250315  0.104758 -0.171307  0.00300959  0.00125629 -0.00860508  0.0370943 -0.0330298   0.106199 -0.153421 -0.154104  -9.80659 
             83.8994 -10.1461 -9.97897  21.0472 0.470712  3.73942 0.392878 0 0 0   -0.011 -0.02329  0.04412 0.215355 0.013387 -0.06528  0.00312582  0.00127192 -0.00869401  0.0381968 -0.0331075   0.104925 -0.153002  -0.15499  -9.80658 
             83.9999 -11.3389 -10.8285  17.8967 0.486928   3.7286 0.419833 0 0 0   -0.011 -0.02329  0.04412   0.142042 -0.0278088  0.0375847   0.0029941   0.0013525 -0.00873112  0.0389943 -0.0326222   0.103038 -0.15247 -0.15549 -9.80658 
             84.0993 -11.8171 -11.8013  15.5013 0.495173  3.73848 0.447189 0 0 0   -0.011 -0.02329  0.04412  0.0476655 -0.0464466   0.113425  0.00281219  0.00132354 -0.00859879  0.0376255 -0.0330539    0.10191 -0.15353 -0.15487 -9.80658 
             84.1996 -11.8679 -13.4191  14.6482 0.498135  3.74091 0.470883 0 0 0   -0.011 -0.02329  0.04412  -0.034881 -0.0376286     0.2045  0.00288171  0.00137042 -0.00874763 0.0368166  -0.03295  0.101534 -0.153846  -0.15432  -9.80658 
             84.3024 -10.2303 -14.7392   14.805  0.49432  3.73485 0.506569 0 0 0   -0.011 -0.02329  0.04412  -0.128458 0.00929023   0.246756   0.0027606  0.00140645 -0.00874058  0.0367921 -0.0323457   0.100905 -0.153536 -0.154168  -9.80659 
             84.3993 -9.23832 -14.5503  15.8891 0.479147  3.75677 0.532455 0 0 0   -0.011 -0.02329  0.04412 -0.237241    0.1488  0.188094 0.00272348 0.00139521 -0.0088164  0.0355774 -0.0325986   0.100795 -0.154144 -0.153423  -9.80659 
             84.5265 -7.65042 -14.8276  15.7573 0.447461   3.7732 0.534408 0 0 0   -0.011 -0.02329  0.04412 -0.339855  0.238686 0.0600365  0.00265174  0.00137205 -0.00869279   0.036073 -0.0329587   0.101379 -0.154111 -0.153796  -9.80658 
             84.6058 -7.26999 -14.3735  16.3422 0.415174   3.7914 0.522997 0 0 0   -0.011 -0.02329  0.04412  -0.358712   0.335746 -0.0812493  0.00270601  0.00136268 -0.00874673  0.036722 -0.032786     0.102  -0.15364 -0.154153  -9.80659 
             84.7049 -8.33842 -12.5105  18.0673 0.378905  3.83487  0.48951 0 0 0   -0.011 -0.02329  0.04412 -0.393607  0.441646 -0.272559  0.00283605  0.00128192 -0.00883777  0.0366867 -0.0327882   0.102885 -0.153388 -0.154046  -9.80659 
             84.8031 -9.34951 -9.52438  20.5436 0.342757  3.87382 0.458011 0 0 0   -0.011 -0.02329  0.04412   -0.4263  0.541818 -0.368595   0.0028587  0.00122148 -0.00882623   0.036933 -0.0321667   0.102949 -0.152884 -0.154104   -9.8066 
             84.8995  -10.911 -7.31239  22.1435 0.294799  3.92047 0.438928 0 0 0   -0.011 -0.02329  0.04412 -0.451454  0.510678 -0.145132  0.00289873  0.00111807 -0.00873816  0.0374613 -0.0319497   0.102221 -0.152828 -0.154528  -9.80659 
              85.003 -12.2225 -6.66422  20.1804 0.253402  3.95553  0.42546 0 0 0   -0.011 -0.02329  0.04412  -0.388557   0.483596 -0.0519716 0.00283766 0.00116538 -0.0085424  0.0382092 -0.0313928   0.102573 -0.152197 -0.154906   -9.8066 
             85.0995 -11.1188 -7.78051  24.5163 0.223219   3.9923 0.414354 0 0 0   -0.011 -0.02329  0.04412  -0.337432   0.484846 -0.0952104  0.00278092  0.00132753 -0.00885905  0.0386304 -0.0308518   0.102935 -0.15165 -0.15505  -9.8066 
              85.192 -11.3344 -7.26188  27.5539 0.191977   4.0154  0.41015 0 0 0   -0.011 -0.02329  0.04412  -0.315619   0.393019 -0.0740773   0.0028986  0.00127118 -0.00884691    0.03965 -0.0294774   0.102695 -0.150541 -0.155487  -9.80661 
             85.2993 -10.1111  -8.9284  30.4873 0.169746  4.05595 0.398259 0 0 0   -0.011 -0.02329  0.04412 -0.256272  0.395375 -0.104357  0.00284032  0.00132138 -0.00878229 0.0392814 -0.028962  0.103053 -0.150221 -0.155049  -9.80662 
             85.3996 -9.50239 -10.2175  33.5687 0.151989  4.09906 0.399506 0 0 0   -0.011 -0.02329  0.04412 -0.251505  0.371879  -0.10748  0.00290629    0.001348 -0.00881268  0.0384327 -0.0282886   0.102397 -0.150158 -0.154291  -9.80664 
              85.498 -9.51165 -10.2607  37.0005 0.128154   4.1449 0.399209 0 0 0   -0.011 -0.02329  0.04412  -0.269324   0.369193 -0.0797763  0.00292309  0.00127578 -0.00879451  0.0375657 -0.0282847   0.101875 -0.150549  -0.15372  -9.80664 
             85.5995 -10.4629 -9.99951  41.8838 0.0999104   4.17242  0.399309 0 0 0   -0.011 -0.02329  0.04412  -0.288996   0.296357 -0.0291807  0.00295956  0.00124884 -0.00884421  0.0378896 -0.0282418   0.101426  -0.15047 -0.153973  -9.80664 
             85.6947 -10.5771 -9.89003  47.8089 0.0644596   4.20078   0.41125 0 0 0   -0.011 -0.02329  0.04412 -0.316884   0.24766 0.0589651  0.00289883  0.00125608 -0.00892221  0.0381719 -0.0281225   0.100652 -0.150393 -0.154197  -9.80663 
             85.7995 -9.39922 -9.67487  53.8161 0.0305224   4.23158   0.43047 0 0 0   -0.011 -0.02329  0.04412 -0.279462  0.219745 0.0443396 0.00278341 0.00121652 -0.0089063  0.0372831 -0.0285939  0.0997145 -0.151245 -0.153928  -9.80663 
             85.8997 -8.23694 -9.87192  57.4808 -0.00968267     4.25407     0.43902 0 0 0   -0.011 -0.02329  0.04412  -0.280497   0.237304 -0.0934725  0.00274364  0.00114826 -0.00876359  0.0374332 -0.0297542    0.09872 -0.152025 -0.154738   -9.8066 
             86.0063 -8.65497 -8.64293  61.7757 -0.0427177    4.26843   0.431085 0 0 0   -0.011 -0.02329  0.04412 -0.297243  0.242152 -0.219519   0.0027645 0.000999369 -0.00874941   0.038555 -0.0299117  0.0979672 -0.151586 -0.155616  -9.80659 
             86.0994 -9.47962 -7.34933  64.3847 -0.078771   4.28733  0.421693 0 0 0   -0.011 -0.02329  0.04412 -0.326911  0.231124 -0.204146   0.0027902  0.00108544 -0.00869653    0.03925 -0.0300376    0.09673 -0.151361 -0.156269  -9.80659 
             86.1999  -11.608 -5.82904  70.3443 -0.0908866    4.30768   0.404349 0 0 0   -0.011 -0.02329  0.04412  -0.182179   0.196543 -0.0566458  0.00281906 0.000882201 -0.00885197  0.0393354 -0.0280871  0.0971338 -0.150189 -0.155046  -9.80662 
             86.2979 -11.0308  -7.8555  76.7944 -0.116191   4.33912  0.403279 0 0 0   -0.011 -0.02329  0.04412  -0.169079   0.348404 -0.0494134  0.00266989 0.000993756 -0.00898105  0.0385498 -0.0293215  0.0969206 -0.151365 -0.155451   -9.8066 
             86.3996 -9.89291 -7.88007   79.747 -0.125391   4.37383  0.397849 0 0 0   -0.011 -0.02329  0.04412  -0.104441   0.403058 -0.0460282  0.00275127 0.000868095 -0.00873605  0.0390016 -0.0286278  0.0969452 -0.150708 -0.155216  -9.80661 
             86.4995 -9.52527 -6.16211  81.7422 -0.14201  4.41431 0.402856 0 0 0   -0.011 -0.02329  0.04412 -0.0809392   0.458477 -0.0410183  0.00267151 0.000727905 -0.00878647  0.0389981 -0.0296594  0.0961762 -0.151255 -0.156024  -9.80659 
              86.604    -8.22 -5.33124  82.8723 -0.151396   4.46954   0.41134 0 0 0   -0.011 -0.02329  0.04412 -0.118016  0.488172 -0.115786  0.00269311  0.00080178 -0.00870418   0.037786 -0.0291428  0.0951081 -0.151884 -0.155222   -9.8066 
             86.6974  -7.6324 -6.00506  84.2477 -0.164721   4.51287  0.402143 0 0 0   -0.011 -0.02329  0.04412 -0.114765  0.485843 -0.146619  0.00271042 0.000869653  -0.0087196  0.0383638 -0.0293707  0.0946591 -0.151592 -0.155703  -9.80659 
             86.7997 -7.45857 -9.88351  85.9316 -0.179972   4.57058  0.393973 0 0 0   -0.011 -0.02329  0.04412 -0.119748  0.581137 -0.155644 0.00282624 0.00110226  -0.008719  0.0375518 -0.0296682  0.0941068 -0.152318 -0.155627  -9.80658 
                86.9 -6.9096 -11.862 87.6878 -0.193783   4.62679  0.384768 0 0 0   -0.011 -0.02329  0.04412 -0.176454  0.659922 -0.245859  0.00278626 0.000998223 -0.00871843  0.0386591 -0.0297791  0.0931455 -0.151572 -0.156295  -9.80658 
             87.0182 -8.42721 -10.4816  88.8834 -0.211955   4.69711  0.356551 0 0 0   -0.011 -0.02329  0.04412 -0.179108  0.690743 -0.240478  0.00291951 0.000887443 -0.00870083  0.0379379 -0.0295651  0.0934385 -0.152007 -0.155799  -9.80658 
             87.0991 -10.9814 -9.72828  88.5525 -0.229984   4.75172  0.331319 0 0 0   -0.011 -0.02329  0.04412 -0.153253  0.705461 -0.127593  0.00294235 0.000881993 -0.00863828   0.040649 -0.0306142  0.0934816 -0.150459 -0.157683  -9.80658 
             87.2001 -12.1606 -10.0942  85.1539 -0.236282   4.81596  0.322785 0 0 0   -0.011 -0.02329  0.04412  -0.116815   0.729803 -0.0357222  0.00286465 0.000813924 -0.00859373  0.0425088 -0.0300543  0.0933581 -0.148847 -0.158041   -9.8066 
             87.2995 -12.3987 -12.0959  78.8264 -0.239758   4.87276  0.317892 0 0 0   -0.011 -0.02329  0.04412 -0.0962426   0.755128 -0.0171987 0.00299804 0.00102692 -0.0085811  0.0434541 -0.0296158  0.0935846 -0.147966 -0.158066  -9.80661 
             87.4068 -11.8034 -12.8756  71.9125 -0.248948   4.95034  0.306348 0 0 0   -0.011 -0.02329  0.04412 -0.0576149   0.728457  -0.189711  0.00298983 0.000800209 -0.00807523  0.0449299 -0.0298301  0.0933847 -0.146963 -0.158855  -9.80661 
             87.5006 -10.8423 -13.6702  65.2354 -0.252702    5.0219  0.288376 0 0 0   -0.011 -0.02329  0.04412 0.0563072  0.840034 -0.238436  0.00296754  0.00084529 -0.00824883    0.04555 -0.0305391  0.0929799 -0.146807 -0.159699   -9.8066 
             87.5996 -6.77406 -10.6676    60.23 -0.24021  5.10539 0.255677 0 0 0   -0.011 -0.02329  0.04412  0.180677  0.851174 -0.300903   0.0026834 0.000422527  -0.0081607 0.0456548 -0.030592 0.0933558 -0.146749 -0.159713   -9.8066 
             87.6992 -3.84325 -7.20298  56.4334 -0.230526   5.20033  0.229961 0 0 0   -0.011 -0.02329  0.04412  0.220651  0.898824 -0.374832  0.00264185 0.000451551 -0.00818421  0.0443237 -0.0314678  0.0928384 -0.148103 -0.159825  -9.80658 
             87.8007 -4.55683 -5.75714  54.2086 -0.226989   5.27766  0.192953 0 0 0   -0.011 -0.02329  0.04412  0.240836  0.969362 -0.390517  0.00282688 0.000582418  -0.0083395  0.0451705 -0.0340527   0.092344 -0.148698 -0.162095  -9.80653 
             87.9001 -7.07338 -4.53261  53.0283 -0.203177   5.37328  0.140464 0 0 0   -0.011 -0.02329  0.04412  0.268559   0.95965 -0.311069  0.00282648 0.000433855 -0.00835293  0.0456112 -0.0346261  0.0932208 -0.148642 -0.162536  -9.80653 
             88.0047 -10.4713 -5.65063  52.3523 -0.178558   5.45899  0.117692 0 0 0   -0.011 -0.02329  0.04412  0.215507  0.852343 -0.316457  0.00293467 0.000700534  -0.0083955  0.0452996 -0.0343459  0.0928034 -0.148726 -0.162265  -9.80653 
             88.0998 -14.3873 -4.55215   68.058 -0.153905   5.51728  0.107235 0 0 0   -0.011 -0.02329  0.04412  0.179455  0.779908 -0.238095  0.00273857 0.000593573 -0.00919493   0.046531 -0.0332742  0.0919152 -0.147383 -0.162417  -9.80655 
             88.2045  -17.173 -5.24124  79.8856 -0.140551   5.60048 0.0956226 0 0 0   -0.011 -0.02329  0.04412  0.199485  0.696989 -0.173346  0.00282039 0.000701949 -0.00942358  0.0464053 -0.0340844  0.0912198 -0.147926 -0.162928  -9.80653 
             88.3017 -18.5499 -10.0871  88.6944 -0.120207   5.66777  0.105295 0 0 0   -0.011 -0.02329  0.04412   0.172439   0.729008 -0.0675159  0.00296279 0.000818117 -0.00914923  0.0462991 -0.0334973  0.0900966 -0.147748 -0.162651  -9.80654 
             88.4056 -16.4799 -14.1063  91.7155 -0.103971   5.73557  0.140265 0 0 0   -0.011 -0.02329  0.04412  0.187273  0.804833 0.0581097  0.00282524 0.000874997  -0.0090277  0.0467993 -0.0328398  0.0881485  -0.14721 -0.162725  -9.80655 
             88.4997 -14.2009 -11.8185  89.4307 -0.0901844    5.80901   0.173267 0 0 0   -0.011 -0.02329  0.04412 0.189985 0.765153 0.224543  0.00282892 0.000559364 -0.00878497 0.0468222 -0.033103 0.0870489 -0.147409 -0.163045  -9.80654 
             88.6026 -10.9027 -9.12148  84.5323 -0.0793428    5.87567   0.210965 0 0 0   -0.011 -0.02329  0.04412 0.201007  0.71835 0.455702  0.00274093 0.000484076 -0.00853342   0.047246 -0.0338008  0.0865616 -0.147502 -0.163788  -9.80652 
             88.7032 -11.2915 -8.21806  79.3312 -0.0500297    5.94125   0.264488 0 0 0   -0.011 -0.02329  0.04412 0.308879  0.67995 0.661662  0.00318186 0.000675198 -0.00860527 0.0481395 -0.033482  0.086718 -0.146719 -0.163949  -9.80653 
             88.8024 -9.52361 -8.25365  72.5706 -0.016385   6.00507  0.346907 0 0 0   -0.011 -0.02329  0.04412 0.375676 0.629123 0.693454  0.00292055 0.000647483 -0.00853069 0.0482443 -0.033509 0.0859245 -0.146707 -0.164132  -9.80653 
             88.8998 -8.40109 -9.96469  64.1335 0.0068072    6.0518  0.402677 0 0 0   -0.011 -0.02329  0.04412 0.296925 0.654868 0.605578  0.00323023 0.000876906 -0.00853442  0.0492764 -0.0348494  0.0860904 -0.146572 -0.165504  -9.80651 
             89.0018  -10.124 -12.0143  55.4213 0.0270542   6.12759  0.468049 0 0 0   -0.011 -0.02329  0.04412 0.179325 0.818999 0.588818  0.00341971 0.000918835 -0.00835066  0.0493802 -0.0353408  0.0857922 -0.146735 -0.165941   -9.8065 
             89.0996 -12.9453 -18.6481  52.7295  0.03637  6.19804 0.543127 0 0 0   -0.011 -0.02329  0.04412 0.146145 0.801818  0.57334  0.00325483  0.00142083 -0.00861454  0.0499218 -0.0358227  0.0846925 -0.146634 -0.166685  -9.80649 
             89.1995 -13.0564 -25.1328  51.1995 0.0505023   6.27906   0.61598 0 0 0   -0.011 -0.02329  0.04412 0.117751 0.777788 0.486548   0.0031742  0.00160553 -0.00869689  0.0497003 -0.0353756  0.0837635  -0.14663 -0.166432  -9.80649 
             89.3002 -11.8996 -23.5153   44.486 0.0701808   6.34645  0.656594 0 0 0   -0.011 -0.02329  0.04412 0.108192 0.706984 0.350844  0.00353096 0.000772666 -0.00866223  0.0500559 -0.0344764  0.0837451 -0.145946 -0.166033  -9.80651 
             89.3991 -8.94074 -20.4768  35.1181 0.0896491   6.41249  0.682462 0 0 0   -0.011 -0.02329  0.04412 0.0907917  0.669936  0.113628  0.00340098 0.000694687 -0.00838457  0.0507361 -0.0336366  0.0837994 -0.145044 -0.165861  -9.80653 
             89.4996 -6.49854 -15.7021  22.6088 0.0905306     6.464  0.675483 0 0 0   -0.011 -0.02329  0.04412  0.0759998   0.556587 -0.0447542   0.0033225 0.000606938 -0.00823581  0.0515003 -0.0345684  0.0840586 -0.145047 -0.166719  -9.80651 
             89.5947 -5.50646 -11.8843  12.1112 0.0919637   6.53947  0.672068 0 0 0   -0.011 -0.02329  0.04412 0.0895919  0.475689 -0.105729  0.00330933 0.000637284 -0.00827999  0.0500306 -0.0353037  0.0838109 -0.146503 -0.166247   -9.8065 
             89.6996 -4.80512 -6.95659  4.66873 0.0873334   6.58416  0.649931 0 0 0   -0.011 -0.02329  0.04412  0.103214  0.462185 -0.180776  0.00332584 0.000522753 -0.00853159  0.0509526 -0.0370523  0.0836418 -0.147285   -0.1674  -9.80647 
             89.8032  -5.59857  -3.28238 0.0218087 0.0910889   6.65104  0.595338 0 0 0   -0.011 -0.02329  0.04412  0.161622  0.450026 -0.233152  0.00320391 0.000510075 -0.00863822  0.0510748 -0.0385608  0.0852959  -0.14819 -0.167459  -9.80645 
              89.902 -7.68105 -2.27265 -2.15134 0.105749  6.70066 0.585391 0 0 0   -0.011 -0.02329  0.04412  0.168171  0.332498 -0.130731  0.00287245 0.000691464 -0.00872844  0.0503956 -0.0386173  0.0848648 -0.148628 -0.167023  -9.80645 
             89.9994 -9.07002  -3.6914  -3.3378  0.12262  6.70632 0.577114 0 0 0   -0.011 -0.02329  0.04412  0.197606  0.245726 -0.133371   0.0029778  0.00081611 -0.00875867  0.0515113 -0.0380833   0.084543 -0.148122 -0.167807  -9.80645 
             90.0992 -9.51698 -6.25572  -5.4646 0.154311  6.71519 0.574549 0 0 0   -0.011 -0.02329  0.04412   0.21128  0.200595 -0.175046  0.00284188 0.000968051  -0.0086588  0.0505666 -0.0372127  0.0838464 -0.147411 -0.167973  -9.80645 
             90.1991 -11.7119 -10.0754 -10.5523 0.179242  6.73297 0.568836 0 0 0   -0.011 -0.02329  0.04412  0.236992  0.170099 -0.155821   0.0030079  0.00102515 -0.00848683   0.050124 -0.0370387  0.0831436 -0.147321 -0.167897  -9.80646 
             90.3014 -11.4747 -12.3813 -17.9899 0.214485  6.75083 0.562239 0 0 0   -0.011 -0.02329  0.04412   0.25012  0.169418 -0.128177  0.00271628 0.000904041 -0.00832561  0.0490198 -0.0370496  0.0826777 -0.146954 -0.167892  -9.80646 
             90.3995 -11.9616 -11.9775 -23.7824 0.234681  6.75735 0.550927 0 0 0   -0.011 -0.02329  0.04412   0.188808  0.0852002 -0.0948548  0.00275723  0.00080221 -0.00842171  0.0491573 -0.0367434  0.0827392 -0.146933 -0.168036  -9.80646 
             90.5017 -11.9196 -11.7752 -28.5708 0.251711  6.75633 0.541659 0 0 0   -0.011 -0.02329  0.04412   0.141779 0.00674615 -0.0812866  0.00271401 0.000831006 -0.00846917  0.0492044 -0.0364413  0.0827772 -0.146927 -0.168168  -9.80646 
             90.5996 -12.5687 -11.8124 -35.5248 0.265264  6.76322 0.551084 0 0 0   -0.011 -0.02329  0.04412   0.0958682 -0.00673482  -0.0505819  0.00274026 0.000878273 -0.00831725  0.0490114 -0.0365396  0.0816642 -0.146892 -0.167921  -9.80646 
             90.7005  -13.168 -11.9346 -40.8636 0.272459   6.7502 0.566316 0 0 0   -0.011 -0.02329  0.04412  0.0489109 -0.0319316 -0.0189132  0.00277707  0.00095792 -0.00842887  0.0485876 -0.0356685  0.0806178 -0.147042 -0.168041  -9.80646 
             90.8042 -12.0386 -12.5853 -45.3963 0.278433  6.75001 0.551152 0 0 0   -0.011 -0.02329  0.04412  0.0504565 -0.0298035 -0.0496689  0.00257002 0.000987287 -0.00837615  0.0487294 -0.0361547  0.0813255 -0.146903 -0.168149  -9.80646 
             90.9017 -11.9157  -12.999 -48.2891  0.28817  6.74152 0.532408 0 0 0   -0.011 -0.02329  0.04412  0.0374421 -0.0640106 -0.0820453  0.00259568  0.00105005 -0.00846768  0.0484455 -0.0367083  0.0821206 -0.146774 -0.168646  -9.80645 
             90.9996 -11.6509  -12.336  -51.093 0.289542  6.74404  0.52353 0 0 0   -0.011 -0.02329  0.04412  0.0218824   -0.03117 -0.0692622  0.00256009 0.000955098 -0.00850133  0.0490072 -0.0367836   0.081978 -0.146574  -0.16828  -9.80646 
             91.0995 -11.5771 -11.7491  -53.053 0.290466  6.74498 0.522108 0 0 0   -0.011 -0.02329  0.04412  0.0257468 -0.0334843 -0.0480676  0.00260356 0.000967652 -0.00857591  0.0492776 -0.0366086  0.0816473 -0.146504  -0.16799  -9.80647 
             91.2015 -11.0494 -11.2955 -54.1942 0.291159  6.74366 0.537995 0 0 0   -0.011 -0.02329  0.04412  0.0299018 -0.0477952 -0.0374696  0.00257255 0.000963013 -0.00856683  0.0493447 -0.0359711  0.0804301 -0.146521  -0.16748  -9.80648 
             91.2995 -10.2815 -10.7769 -55.1783 0.295178  6.73896 0.557998 0 0 0   -0.011 -0.02329  0.04412   0.0364158  -0.0472958 -0.00712943  0.00254902 0.000979229 -0.00860086   0.049129 -0.0355246  0.0790883 -0.146513 -0.167197  -9.80648 
             91.3993 -9.59483 -10.8177 -55.8817 0.298935  6.73572  0.56823 0 0 0   -0.011 -0.02329  0.04412    0.0344026   -0.0304778 -0.000382866   0.0025335 0.000981235 -0.00862555  0.0491041 -0.0352469  0.0784525 -0.146502 -0.166986  -9.80648 
             91.4996 -9.49398  -11.648 -56.0232  0.30656  6.72376 0.576326 0 0 0   -0.011 -0.02329  0.04412  0.0437261  -0.049924 -0.0134442  0.00254442  0.00104578 -0.00855776  0.0481549 -0.0356172  0.0781644 -0.146732 -0.167632  -9.80647 
             91.6033 -9.45591 -12.4087 -55.5569 0.314201  6.71291 0.585983 0 0 0   -0.011 -0.02329  0.04412  0.0475788 -0.0750936 -0.0191585  0.00254183  0.00109469 -0.00859711 0.0475802 -0.035804  0.077587 -0.146802 -0.167954  -9.80646 
             91.6996 -9.51492  -11.717 -55.3439 0.317584  6.70935 0.581487 0 0 0   -0.011 -0.02329  0.04412  0.0438167 -0.0584208 -0.0242584  0.00256699  0.00101267 -0.00863141  0.0479477 -0.0356608  0.0776265 -0.146684 -0.167701  -9.80647 
             91.7996 -9.70554 -11.0375 -55.2454 0.325127   6.6977 0.574311 0 0 0   -0.011 -0.02329  0.04412  0.0491137 -0.0681254 -0.0268078  0.00257739  0.00100613 -0.00861945  0.0474136 -0.0362569  0.0780623 -0.146792 -0.168342  -9.80646 
             91.8995  -10.022 -10.9367 -54.9899 0.330598  6.69518 0.582677 0 0 0   -0.011 -0.02329  0.04412   0.0390762   -0.054104 -0.00340105  0.00260341  0.00103284 -0.00861959  0.0476552 -0.0361206  0.0772978 -0.146554 -0.168067  -9.80647 
             91.9997 -9.67179 -11.1242 -54.7955  0.34018   6.6936 0.585791 0 0 0   -0.011 -0.02329  0.04412  0.0446897 -0.0345293 -0.0125607  0.00254507  0.00104696 -0.00860962  0.0479029 -0.0366588   0.076935 -0.146082  -0.16822  -9.80647 
             92.0996 -9.28584 -11.5262 -54.5131 0.345399  6.69881 0.591118 0 0 0   -0.011 -0.02329  0.04412   0.0157512 -0.00746946  -0.0269184  0.00249624  0.00104784 -0.00859266  0.0486045 -0.0366967  0.0761758  -0.14552 -0.167828  -9.80648 
             92.1995 -9.31911 -11.7924 -54.2773 0.343081  6.70334  0.58914 0 0 0   -0.011 -0.02329  0.04412 -0.0118275  0.0227548 -0.0460708  0.00249831  0.00104506 -0.00855284  0.0489758 -0.0362731  0.0759548 -0.145477 -0.167389  -9.80649 
             92.2996  -9.5307 -12.0707 -53.6801 0.346042  6.70527   0.5809 0 0 0   -0.011 -0.02329  0.04412 -0.0081141   0.021487 -0.0495056  0.00252485   0.0010335 -0.00858976  0.0489492 -0.0368818  0.0761488 -0.145233 -0.167764  -9.80649 
             92.4001  -9.6607 -11.6906 -53.3139 0.344726  6.71377 0.575558 0 0 0   -0.011 -0.02329  0.04412 -0.0171366  0.0389038 -0.0513207  0.00247982 0.000974992  -0.0085531  0.0494951 -0.0368124  0.0759959 -0.144941 -0.167448   -9.8065 
             92.4995 -9.60621 -11.0018 -53.0276 0.345647  6.73296 0.571036 0 0 0   -0.011 -0.02329  0.04412 -0.0135076  0.0618426 -0.0540483  0.00241722  0.00090089 -0.00856388  0.0507585 -0.0370096  0.0755017 -0.144068 -0.166892  -9.80652 
              92.604 -9.78855 -10.9873 -52.6687 0.347703  6.73172 0.571977 0 0 0   -0.011 -0.02329  0.04412 -0.00244381   0.0410654  -0.0489259  0.00242279  0.00095261 -0.00855256  0.0500784 -0.0373605  0.0752798 -0.144214 -0.167381  -9.80651 
             92.6994  -9.9302 -11.0678  -52.518 0.349642  6.72887  0.57865 0 0 0   -0.011 -0.02329  0.04412 -0.00283752   0.0191895  -0.0250351  0.00242776 0.000982441  -0.0085412 0.0494493 -0.037539  0.074772 -0.144362 -0.167718   -9.8065 
             92.8066 -9.75479 -11.0673 -52.7804 0.347825  6.72885 0.581049 0 0 0   -0.011 -0.02329  0.04412 -0.0105217  0.0113956 -0.0336991  0.00243094   0.0009477 -0.00849603  0.0492844 -0.0373023   0.074499 -0.144515 -0.167639   -9.8065 
                92.9 -9.90128 -11.2689 -53.0633 0.348163  6.71223  0.58742 0 0 0   -0.011 -0.02329  0.04412 -0.0138916 -0.0139884 -0.0417933  0.00249606  0.00101572 -0.00853639   0.047696 -0.0374295    0.07433 -0.145239 -0.168466  -9.80648 
             92.9998 -9.84932 -11.3886 -53.3648 0.345943  6.71386 0.595722 0 0 0   -0.011 -0.02329  0.04412  -0.0202008 -0.00564286  -0.0252426  0.00248755 0.000988096 -0.00853756  0.0478843 -0.0371768  0.0734902 -0.145113 -0.168136  -9.80649 
             93.0996  -9.8761 -11.5433 -53.6771 0.344429  6.70457  0.60488 0 0 0   -0.011 -0.02329  0.04412  -0.0244668  -0.0189395 -0.00644102  0.00249432    0.001041 -0.00851912  0.0470503 -0.0370856  0.0730446 -0.145497 -0.168449  -9.80647 
             93.1985 -10.0807 -11.4364 -53.8559 0.347979  6.69358 0.611455 0 0 0   -0.011 -0.02329  0.04412  -0.0106242  -0.0310559 -0.00292801  0.00255371  0.00108122 -0.00855395  0.0461717 -0.0375968  0.0727915 -0.145636 -0.169121  -9.80646 
             93.2995 -10.0255 -11.2239 -54.1942 0.347285  6.68804 0.606962 0 0 0   -0.011 -0.02329  0.04412 -0.0140258 -0.0432699 -0.0243466 0.00253154 0.00107351 -0.0085164  0.0460411 -0.0376967   0.073033 -0.145698 -0.169267  -9.80646 
             93.3993 -10.1404  -11.239 -54.4076 0.347818  6.69246 0.614543 0 0 0   -0.011 -0.02329  0.04412 -0.0134256 -0.0273699 -0.0190716  0.00254704  0.00106669 -0.00850259  0.0466611 -0.0376933     0.0722 -0.145229 -0.168858  -9.80647 
             93.5014 -10.1811 -11.2502 -54.7702 0.349614   6.6931 0.614758 0 0 0   -0.011 -0.02329  0.04412 -0.00391125  -0.0145046 -0.00920141  0.00251575  0.00105961 -0.00849369 0.0468543 -0.037975 0.0719951 -0.144954 -0.168885  -9.80647 
             93.5981 -10.0695 -11.5149 -55.0849   0.3544  6.69017 0.601527 0 0 0   -0.011 -0.02329  0.04412  0.0117792 -0.0122147 -0.0276368  0.00249149  0.00110121 -0.00849417  0.0467375 -0.0387519  0.0727416 -0.144783 -0.169437  -9.80647 
             93.7015 -10.1325 -11.4989 -55.1686 0.354524  6.68961 0.604994 0 0 0   -0.011 -0.02329  0.04412 -0.000729644  -0.00908056   -0.0281875  0.00251024  0.00108138 -0.00854462  0.0467626 -0.0385679  0.0723503 -0.144781 -0.169284  -9.80647 
             93.7977 -10.0683 -11.3004 -55.2662 0.354428  6.69025 0.594401 0 0 0   -0.011 -0.02329  0.04412  -0.0112489 -0.00101136   -0.051606 0.00249426 0.00109128 -0.0085294  0.0469102 -0.0387548  0.0726968 -0.144686 -0.169349  -9.80647 
             93.8995 -9.94863 -11.2261 -55.2096 0.353045  6.68968 0.600151 0 0 0   -0.011 -0.02329  0.04412  -0.0190966 -0.00132753   -0.035321  0.00250864  0.00109039 -0.00853249  0.0468158 -0.0385946  0.0721206 -0.144695 -0.169247  -9.80647 
             93.9996 -9.80975 -11.2683 -55.0237 0.348866  6.69748 0.583376 0 0 0   -0.011 -0.02329  0.04412 -0.0270111  0.0116389 -0.0633081  0.00247187  0.00106414 -0.00854597  0.0475074 -0.0385643  0.0725985 -0.144453 -0.168947  -9.80648 
             94.1053 -10.0132 -11.1858 -54.8586 0.346057  6.69704 0.588859 0 0 0   -0.011 -0.02329  0.04412 -0.0289119 0.00878452 -0.0473913  0.00251749  0.00104134 -0.00855296  0.0473255 -0.0384051  0.0720389 -0.14451 -0.16889 -9.80648 
             94.1996 -9.81183 -11.1667 -54.7859 0.339926  6.71441 0.571552 0 0 0   -0.011 -0.02329  0.04412 -0.0340553  0.0376106 -0.0667269  0.00245598 0.000980848 -0.00852719   0.048618 -0.0382229  0.0723096 -0.143993   -0.1682   -9.8065 
             94.3003 -9.79306 -11.0467 -54.7465 0.334808  6.71147 0.568443 0 0 0   -0.011 -0.02329  0.04412 -0.0367001  0.0181997 -0.0775096  0.00250809 0.000961474 -0.00854654  0.0481437 -0.0380342  0.0722501 -0.144312 -0.168322  -9.80649 
             94.3993 -9.79169 -10.8104 -54.8116 0.327308  6.70716 0.573674 0 0 0   -0.011 -0.02329  0.04412 -0.0400438 0.00964921 -0.0719901  0.00253275 0.000950311 -0.00853739  0.0476484 -0.0374927  0.0717371 -0.144721  -0.16822  -9.80649 
             94.4994 -9.66853 -10.5823 -54.8106 0.319773  6.70768 0.570821 0 0 0   -0.011 -0.02329  0.04412   -0.036351 -0.00111903  -0.0761921  0.00256752 0.000900999  -0.0085406  0.0476672 -0.0370465   0.071483 -0.144876 -0.167951  -9.80649 
                94.6 -9.69484  -10.417 -54.7384 0.328864   6.7115 0.573832 0 0 0   -0.011 -0.02329  0.04412   0.00235986 -2.41409e-05   -0.0619863  0.00251632 0.000914297 -0.00852422  0.0478572 -0.0379158  0.0707965 -0.144231 -0.168239   -9.8065 
             94.7046  -9.8656 -10.3767 -54.6427 0.338927  6.70819 0.580278 0 0 0   -0.011 -0.02329  0.04412  0.0287296 -0.0136041 -0.0480643  0.00250082 0.000936821 -0.00851786  0.0475502 -0.0385865  0.0701879 -0.143947  -0.16867  -9.80649 
             94.7997 -9.85012 -10.5051 -54.5401 0.350055  6.70431 0.583328 0 0 0   -0.011 -0.02329  0.04412   0.0579096 -0.00264962  -0.0423564  0.00252544 0.000949602 -0.00852735  0.0472401 -0.0391688  0.0698144 -0.143751 -0.169081  -9.80649 
             94.8999 -9.99508 -10.8917 -54.4702 0.364148  6.69892 0.569395 0 0 0   -0.011 -0.02329  0.04412  0.0932886 -0.0133228 -0.0617503  0.00250561  0.00100105 -0.00850413  0.0468067 -0.0400623  0.0704606 -0.143659 -0.169813  -9.80648 
             95.0007 -9.72745 -10.9955 -53.9019 0.37883 6.70336 0.56996 0 0 0   -0.011 -0.02329  0.04412     0.11386 -0.00174167  -0.0564681  0.00244851 0.000966469 -0.00851815  0.0471908 -0.0404215  0.0699383 -0.143198 -0.169758  -9.80649 
             95.1013 -9.54116 -10.7928 -52.9472 0.394399  6.69456 0.575503 0 0 0   -0.011 -0.02329  0.04412   0.0905748 -0.00469896  -0.0563584  0.00244263  0.00100861 -0.00855997 0.0464139  -0.04066 0.0695013 -0.143383  -0.17021  -9.80647 
             95.1997   -9.337 -10.9629 -51.4009 0.401313  6.69319  0.57623 0 0 0   -0.011 -0.02329  0.04412  0.0291378  0.0118528 -0.0617179  0.00241361  0.00105317 -0.00855156  0.0462716 -0.0405914  0.0691717 -0.143424  -0.17021  -9.80647 
             95.3004  -9.0483 -11.9562 -49.3504 0.401243  6.68932 0.551225 0 0 0   -0.011 -0.02329  0.04412 -0.0729763  0.0282346  -0.118454  0.00234708  0.00115278 -0.00856752  0.0458483 -0.0410142  0.0702283 -0.143614 -0.170736  -9.80646 
             95.3994 -9.40496 -13.4274 -46.4623 0.374714  6.69808 0.544473 0 0 0   -0.011 -0.02329  0.04412 -0.245154 0.0694404 -0.115636 0.00239366 0.00112182 -0.0085591  0.0462793 -0.0398367  0.0699095 -0.143939 -0.169924  -9.80647 
             95.4995 -9.27818 -15.0397 -42.6498 0.344188  6.69588 0.551889 0 0 0   -0.011 -0.02329  0.04412  -0.373151  0.0997101 -0.0909645  0.00240918  0.00119153 -0.00865798  0.0454068 -0.0395527  0.0691942 -0.144359 -0.170136  -9.80646 
             95.6118 -9.20184 -15.5557 -38.2842 0.303583  6.70897 0.551184 0 0 0   -0.011 -0.02329  0.04412  -0.453816   0.149522 -0.0745032  0.00238731  0.00118836 -0.00866022  0.0454309 -0.0395262  0.0687523 -0.144288 -0.170053  -9.80646 
             95.6998 -9.36704 -14.3653 -32.8258  0.26075  6.72801 0.535419 0 0 0   -0.011 -0.02329  0.04412  -0.455563   0.170196 -0.0929505  0.00243331  0.00107576 -0.00875093  0.0455113 -0.0400736   0.069075 -0.144001  -0.17027  -9.80646 
             95.7993 -9.77068 -12.0681 -26.2669 0.217812  6.74137 0.532592 0 0 0   -0.011 -0.02329  0.04412 -0.397314  0.146303 -0.125237  0.00239251 0.000999796 -0.00888219  0.0452333 -0.0400553   0.068748 -0.144061 -0.170344  -9.80646 
             95.9002  -10.183 -8.41727 -20.8689  0.18817  6.77029 0.519779 0 0 0   -0.011 -0.02329  0.04412 -0.305871  0.152387 -0.175927  0.00236019  0.00083777 -0.00884815  0.0458838 -0.0405837  0.0683806  -0.14349 -0.170047  -9.80648 
             95.9996  -10.326 -4.91233 -17.5401 0.164058  6.78659 0.522083 0 0 0   -0.011 -0.02329  0.04412 -0.288753   0.17414 -0.114054  0.00237331 0.000853327 -0.00872093  0.0453791 -0.0408081  0.0676089 -0.143338 -0.170118  -9.80648 
             96.0993 -11.0355 -5.33968 -14.8883 0.138426   6.7961 0.531807 0 0 0   -0.011 -0.02329  0.04412  -0.242327   0.139016 -0.0905516  0.00228713 0.000904391 -0.00862693  0.0448502 -0.0404673  0.0667761 -0.143539 -0.170183  -9.80647 
             96.2005  -12.395 -8.39812 -12.7316 0.115936  6.82033 0.525067 0 0 0   -0.011 -0.02329  0.04412  -0.248775    0.14691 -0.0982665  0.00256779  0.00112886 -0.00862137 0.0448972 -0.040823 0.0664979 -0.143294 -0.170016  -9.80648 
             96.3076 -12.4343 -11.5994 -10.2142 0.0977874   6.82945  0.512489 0 0 0   -0.011 -0.02329  0.04412  -0.230583   0.124159 -0.0947242  0.00240187  0.00112153 -0.00859774 0.0445589  -0.04089 0.0667477 -0.143189 -0.170114  -9.80648 
                96.4 -13.5583 -13.1056 -8.29704 0.0782135   6.84522  0.515628 0 0 0   -0.011 -0.02329  0.04412  -0.225081    0.14499 -0.0592361  0.00269236  0.00108034 -0.00861541  0.0445524 -0.0409285  0.0662351 -0.14317 -0.16999 -9.80648 
              96.517 -13.4314 -12.5062 -6.48405 0.0596093   6.86164  0.503471 0 0 0   -0.011 -0.02329  0.04412  -0.218962   0.155089 -0.0740505  0.00250823 0.000907858 -0.00869242   0.044205 -0.0410427  0.0665214 -0.143001 -0.170011  -9.80648 
             96.6005 -13.1203 -11.6297 -4.22845 0.042747   6.8591 0.502871 0 0 0   -0.011 -0.02329  0.04412  -0.222519   0.112137 -0.0674349  0.0023171 0.00088531 -0.0086014   0.043531 -0.0405241  0.0664667 -0.142933 -0.170201  -9.80648 
             96.6975 -13.2129 -11.6139 -1.60179 0.0166791   6.85095  0.497621 0 0 0   -0.011 -0.02329  0.04412  -0.234695  0.0720362 -0.0547403  0.00221479 0.000904603 -0.00868553 0.0433734 -0.039929 0.0665924 -0.142994 -0.170473  -9.80648 
             96.8025 -13.9631 -12.0813 0.781692 -0.020284    6.8533  0.519149 0 0 0   -0.011 -0.02329  0.04412   -0.265847   0.0689402 -0.00274922 0.00233224 0.00089445 -0.0086861   0.043877 -0.0395201  0.0653902 -0.143367 -0.170537  -9.80647 
             96.9028 -14.0307 -11.8315  2.61483 -0.047127   6.85877  0.526772 0 0 0   -0.011 -0.02329  0.04412 -0.280607 0.0907743 0.0135899   0.0024484 0.000826159 -0.00872595  0.0438905 -0.0393684  0.0650888 -0.143412 -0.170548  -9.80647 
             96.9979 -13.4146  -11.523  4.23057 -0.079137   6.86894  0.518663 0 0 0   -0.011 -0.02329  0.04412   -0.287251   0.0916859 -0.00768328  0.00218496 0.000786919 -0.00869021  0.0440465 -0.0395166  0.0654075 -0.143433 -0.170601  -9.80647 
             97.0995 -14.5754 -11.5182  7.58855 -0.110806   6.89842  0.541675 0 0 0   -0.011 -0.02329  0.04412  -0.296869   0.153917 0.00314035  0.00266143 0.000735521 -0.00885741  0.0439691 -0.0398635     0.0642 -0.143715 -0.170297  -9.80647 
             97.1996 -14.5256 -10.9028  10.3045 -0.141022   6.93383  0.540561 0 0 0   -0.011 -0.02329  0.04412  -0.325274   0.205856 -0.0123934  0.00281946 0.000670109 -0.00889659  0.0437879 -0.0404463   0.064059 -0.143857 -0.170049  -9.80647 
              97.316  -14.293 -10.5625  12.9548 -0.170428   6.97781   0.53184 0 0 0   -0.011 -0.02329  0.04412   -0.323474    0.251599 -0.00530032  0.00276004 0.000693734 -0.00886898  0.0434776 -0.0412973  0.0642963 -0.144016 -0.169739  -9.80647 
             97.3975 -13.6563 -9.37828  15.8104 -0.207079   7.02388  0.522394 0 0 0   -0.011 -0.02329  0.04412  -0.335466   0.268949 -0.0194142   0.0029192 0.000500216 -0.00893647   0.043642 -0.0424844  0.0643609 -0.144516 -0.169637  -9.80647 
             97.5037 -11.4206 -8.70928  17.3908 -0.237728   7.05067  0.509732 0 0 0   -0.011 -0.02329  0.04412  -0.318061   0.227778 -0.0203149  0.00282412 0.000552466 -0.00888872  0.0434851 -0.0425995  0.0649732 -0.144395 -0.169569  -9.80647 
             97.5993 -9.60434 -9.18166   20.133 -0.263926   7.06469  0.517134 0 0 0   -0.011 -0.02329  0.04412  -0.271985   0.254484 -0.0954041  0.00277291 0.000659798 -0.00889925  0.0433704 -0.0417808  0.0645099 -0.144091 -0.169542  -9.80648 
             97.6995 -9.98295 -8.30598  22.8418 -0.287922    7.0955  0.500944 0 0 0   -0.011 -0.02329  0.04412 -0.231966  0.294198 -0.183721  0.00290413 0.000588143  -0.0089263   0.04311 -0.041672 0.0646295 -0.143993 -0.169383  -9.80648 
             97.8017 -11.0468 -7.66798  23.2505   -0.305  7.12016 0.495054 0 0 0   -0.011 -0.02329  0.04412 -0.181794  0.309515 -0.199133  0.00297887 0.000587555 -0.00881846  0.0429582 -0.0409896  0.0640462  -0.14374 -0.169277  -9.80649 
             97.8995 -12.1217 -7.38362  21.9344 -0.318349   7.14472   0.49602 0 0 0   -0.011 -0.02329  0.04412 -0.150792  0.299755  -0.16822  0.00298432 0.000558287 -0.00867453  0.0427913 -0.0408517  0.0631942 -0.143826 -0.169183  -9.80649 
             97.9814   -12.86 -8.07579  20.4233 -0.333193   7.17324  0.485712 0 0 0   -0.011 -0.02329  0.04412 -0.104405  0.247074  -0.10837  0.00293063 0.000646893 -0.00857303   0.042887 -0.0404925  0.0628142 -0.143684  -0.16923  -9.80649 
             98.0998 -14.0193 -9.86338  16.4187 -0.336497   7.20342  0.471034 0 0 0   -0.011 -0.02329  0.04412 -0.0545291   0.271144 -0.0819514  0.00292499 0.000699479 -0.00850054 0.0423418 -0.040338 0.0632572 -0.143557 -0.168843   -9.8065 
             98.2002 -14.9911 -11.2069  13.4769 -0.339499   7.23157  0.464228 0 0 0   -0.011 -0.02329  0.04412 -0.0310088   0.282509 -0.0496675   0.0029366 0.000741263 -0.00858053  0.0421623 -0.0401588  0.0632998 -0.143456 -0.168713   -9.8065 
                98.3  -16.335 -11.3021  11.5264 -0.343344   7.27906  0.469004 0 0 0   -0.011 -0.02329  0.04412 0.000101586    0.366506   -0.027167  0.00328543 0.000604684  -0.0087029  0.0415394 -0.0410591  0.0627095 -0.144143 -0.168376   -9.8065 
             98.4027 -15.9531 -10.4749  9.31122 -0.343501   7.33069   0.47445 0 0 0   -0.011 -0.02329  0.04412  0.0174608   0.427722 -0.0454443  0.00309978  0.00054521 -0.00867349 0.0412157 -0.041362 0.0621329 -0.144454 -0.168181  -9.80649 
             98.5005 -15.7789 -9.36368  7.25671 -0.347152   7.37499  0.480676 0 0 0   -0.011 -0.02329  0.04412 0.00735071   0.483283 -0.0528741  0.00296629 0.000577362 -0.00870015   0.041484 -0.0414824  0.0613986 -0.144687 -0.168296  -9.80649 
             98.5997 -15.3259 -9.32602  6.12415 -0.347673   7.42587  0.495606 0 0 0   -0.011 -0.02329  0.04412   0.023237   0.539669 -0.0375809  0.00281947 0.000653956 -0.00867589  0.0413812 -0.0412642  0.0602975 -0.144805  -0.16818  -9.80649 
             98.6994 -15.1533 -9.70717  5.44892 -0.346865   7.46553  0.492051 0 0 0   -0.011 -0.02329  0.04412  0.00926345    0.621723 -0.00236535  0.00281568 0.000685255 -0.00869131  0.0421643 -0.0405729  0.0604385  -0.14439 -0.168658  -9.80649 
             98.8001 -13.9454 -9.62811  4.98117 -0.347093   7.51959  0.498626 0 0 0   -0.011 -0.02329  0.04412 0.0223249  0.570381 0.0708866  0.00255809 0.000654491 -0.00866211  0.0424166 -0.0403643  0.0602979 -0.144324 -0.168788  -9.80649 
             98.9062  -11.213 -9.54942  3.69848 -0.343336   7.58684  0.505689 0 0 0   -0.011 -0.02329  0.04412 0.0304277    0.5567  0.119826 0.00253828 0.00064116 -0.0086467  0.0421301 -0.0407753  0.0603484 -0.144516 -0.168598  -9.80649 
             99.0004 -9.57792 -8.53797  2.59844 -0.340075   7.62906  0.512172 0 0 0   -0.011 -0.02329  0.04412 0.0398244  0.497639 0.0738473  0.00226104 0.000552743 -0.00857698  0.0424051 -0.0404615  0.0606243 -0.144311 -0.168817  -9.80649 
             99.0996  -9.3752 -8.91954  2.00182 -0.328353   7.66427    0.5316 0 0 0   -0.011 -0.02329  0.04412   0.10157  0.470778 0.0597126  0.00227174 0.000660674 -0.00853737  0.0421887 -0.0396695  0.0601794  -0.14398 -0.168824  -9.80649 
             99.1996 -9.68658  -8.8825  1.07597 -0.307352   7.67764  0.524716 0 0 0   -0.011 -0.02329  0.04412   0.147363   0.436818 -0.0534375   0.0025658 0.000634885 -0.00855345  0.0422766 -0.0382688  0.0609685 -0.143166 -0.169301  -9.80649 
             99.3001 -10.8482 -8.96303 -1.49797 -0.296951   7.68635  0.510435 0 0 0   -0.011 -0.02329  0.04412  0.142543  0.386831 -0.124039  0.00270221 0.000671061  -0.0084667  0.0431781 -0.0370326  0.0615057 -0.142761 -0.170029  -9.80649 
             99.3982 -11.9919 -9.72067 -4.00005 -0.283622   7.73141  0.515062 0 0 0   -0.011 -0.02329  0.04412   0.153001   0.433786 -0.0879675  0.00266815 0.000717394 -0.00841767   0.043178 -0.0369678  0.0605183 -0.142919 -0.169899  -9.80649 
             99.4998  -13.302 -10.7087 -7.98785 -0.267006    7.7928  0.533297 0 0 0   -0.011 -0.02329  0.04412  0.141426  0.476019 0.0471578  0.00283171 0.000760274 -0.00838315  0.0425811 -0.0374011  0.0592407  -0.14309 -0.169387  -9.80649 
             99.5996 -12.9964 -12.1344 -12.5592 -0.254783    7.8328   0.53861 0 0 0   -0.011 -0.02329  0.04412  0.152439  0.383051 0.0156264  0.00284289  0.00087948 -0.00829645  0.0429488 -0.0371224  0.0591477 -0.143151  -0.16955  -9.80649 
             99.7001 -11.2812 -10.8807 -17.2748 -0.242536   7.88008  0.538165 0 0 0   -0.011 -0.02329  0.04412   0.145194   0.383617 -0.0697516  0.00270661 0.000706659 -0.00828145  0.0431383 -0.0377143  0.0588173 -0.143364 -0.169321  -9.80649 
                99.8 -10.4763 -9.00214 -20.6912 -0.235697   7.91329  0.529741 0 0 0   -0.011 -0.02329  0.04412  0.127863  0.344927 -0.135119  0.00273367  0.00070407 -0.00828833  0.0437197 -0.0373793  0.0586684 -0.143558 -0.169423  -9.80649 
             99.9045 -11.3247 -7.60165 -22.0864 -0.227706   7.95066  0.525818 0 0 0   -0.011 -0.02329  0.04412  0.147111  0.335659 -0.121932  0.00276582 0.000721129 -0.00836601  0.0441301 -0.0373338  0.0579164 -0.143738 -0.169216  -9.80649 
             99.9994  -12.228 -6.77697  -21.813 -0.207767   7.98641  0.513989 0 0 0   -0.011 -0.02329  0.04412   0.188502     0.3424 -0.0495547  0.00277069 0.000758374 -0.00841418  0.0440225 -0.0374153  0.0580442 -0.143694 -0.169246  -9.80649 
               100.1 -12.3614 -6.68814 -23.7252 -0.182907   8.02596  0.516259 0 0 0   -0.011 -0.02329  0.04412   0.190475    0.34048 -0.0211371  0.00272144 0.000791478 -0.00835295  0.0437765 -0.0378824  0.0576182 -0.143514 -0.169104  -9.80649 
             100.197 -11.0658 -7.16132 -24.4774 -0.160122   8.06156  0.518945 0 0 0   -0.011 -0.02329  0.04412   0.167567   0.280276 -0.0120777  0.00268064 0.000823502 -0.00839503   0.043471 -0.0383301  0.0572712 -0.143302 -0.169052   -9.8065 
               100.3 -10.4535 -8.75271 -23.4848 -0.136868   8.08464  0.504897 0 0 0   -0.011 -0.02329  0.04412   0.262778   0.274174 -0.0201347  0.00277257 0.000935246 -0.00846911  0.0431736 -0.0384283  0.0581644 -0.143302 -0.169343  -9.80649 
               100.4 -11.6252 -8.61325 -24.0978 -0.105997   8.11902  0.499914 0 0 0   -0.011 -0.02329  0.04412    0.29473   0.234011 -0.0997986  0.00279115 0.000834632  -0.0084344  0.0434671 -0.0387361  0.0579461 -0.143207 -0.169148   -9.8065 
             100.507 -12.6098 -7.67667 -26.6908 -0.0723019    8.14576   0.487785 0 0 0   -0.011 -0.02329  0.04412  0.304628   0.20017 -0.123304  0.00279634 0.000797128 -0.00836132  0.0433169 -0.0395337  0.0579396 -0.142878 -0.169134   -9.8065 
             100.599  -12.382 -7.29699 -29.6128 -0.0412921    8.17173    0.46379 0 0 0   -0.011 -0.02329  0.04412   0.31888  0.221969 -0.176775   0.0027179  0.00081092 -0.00831648  0.0436681 -0.0398458  0.0583715 -0.142839 -0.169043   -9.8065 
               100.7 -13.4114  -7.7291 -35.3244 -0.00728454     8.19186    0.456501 0 0 0   -0.011 -0.02329  0.04412  0.323636  0.200161 -0.145592  0.00273573 0.000825716 -0.00815995  0.0434878 -0.0396153  0.0577999 -0.142849 -0.169032   -9.8065 
             100.802 -14.1996 -8.95198 -42.7952 0.0154383   8.21623  0.458807 0 0 0   -0.011 -0.02329  0.04412   0.277733   0.170423 -0.0618217  0.00277986 0.000907406 -0.00815138  0.0440803 -0.0392479  0.0569536 -0.142899 -0.168605  -9.80651 
             100.901 -13.6632 -9.37415 -51.5021 0.0484282   8.24626  0.447939 0 0 0   -0.011 -0.02329  0.04412    0.19068   0.147253 -0.0639881  0.00260488 0.000791019 -0.00811504  0.0445037 -0.0405093  0.0568885 -0.142255 -0.168508  -9.80652 
                 101 -13.2142 -9.27911 -61.2996 0.0549859   8.24584  0.458108 0 0 0   -0.011 -0.02329  0.04412   0.135177   0.080581 -0.0184012  0.00268869 0.000750484  -0.0079918  0.0439298 -0.0392205  0.0563107 -0.142885 -0.168434  -9.80651 
               101.1   -10.86 -8.71072 -68.1176 0.0689913   8.24742  0.462839 0 0 0   -0.011 -0.02329  0.04412    0.118362 -0.00270172 -0.00027998  0.00250733 0.000750016 -0.00811228  0.0435997 -0.0390453  0.0560286 -0.143015 -0.168516  -9.80651 
             101.197 -11.4129 -7.76852 -70.9261 0.0848529   8.24841  0.456237 0 0 0   -0.011 -0.02329  0.04412   0.087512 -0.0436445 -0.0115721  0.00251203 0.000773848 -0.00831607  0.0439569 -0.0397761  0.0562199 -0.142577 -0.168709  -9.80651 
             101.297 -10.2659 -7.79562 -74.9436 0.083794  8.23378 0.458729 0 0 0   -0.011 -0.02329  0.04412 0.00619478  -0.120736  0.0285889  0.00252169 0.000777584 -0.00826599  0.0430142 -0.0391612  0.0564072 -0.143395 -0.168756   -9.8065 
               101.4 -8.59885  -8.6616 -78.6432 0.0862812    8.2192  0.461527 0 0 0   -0.011 -0.02329  0.04412 -0.0419701  -0.112338  0.0348807  0.00245619 0.000816115 -0.00827824  0.042669 -0.039847 0.0564744 -0.143389 -0.169292  -9.80649 
             101.499 -8.32366 -9.94777  -82.557 0.0766974   8.20641   0.46237 0 0 0   -0.011 -0.02329  0.04412  -0.073541 -0.0751297 -0.0228519  0.00254197 0.000842813 -0.00826491   0.042112 -0.0393021  0.0566294 -0.143949 -0.169129  -9.80649 
             101.603 -8.84955  -11.275 -85.1058 0.0630664   8.19658  0.475268 0 0 0   -0.011 -0.02329  0.04412  -0.107058 -0.0312831  0.0251368  0.00257947 0.000883771 -0.00831125  0.0410605 -0.0386771  0.0557478 -0.144644 -0.169074  -9.80648 
               101.7 -8.18314 -12.7817 -87.9212 0.0637354   8.20272  0.478683 0 0 0   -0.011 -0.02329  0.04412 -0.100896 0.0260557 0.0189299  0.00241783 0.000914142 -0.00828478   0.042838 -0.0396668   0.055154 -0.143063 -0.169266   -9.8065 
               101.8 -7.51534   -12.44 -89.9616 0.0527259   8.20574  0.480098 0 0 0   -0.011 -0.02329  0.04412 -0.0390222  0.0278261 -0.0530816  0.00246835 0.000850563 -0.00831056   0.042791 -0.0390758   0.055024 -0.143213 -0.168874   -9.8065 
             101.901 -8.34133 -10.6691 -89.7122 0.0596571   8.20645  0.471558 0 0 0   -0.011 -0.02329  0.04412 0.0484585 0.0323406 -0.133682  0.00244391 0.000826639 -0.00840417   0.042786 -0.0402923  0.0548258 -0.142916 -0.169738  -9.80649 
             101.999 -9.61072  -9.3377  -89.575 0.067549  8.20878 0.470171 0 0 0   -0.011 -0.02329  0.04412  0.103977 0.0292559 -0.141693  0.00251891 0.000839192 -0.00841165  0.0425728 -0.0400187  0.0537555 -0.142944 -0.169616  -9.80649 
             102.099 -9.85875 -8.60563 -89.6765 0.0780517    8.2152  0.454852 0 0 0   -0.011 -0.02329  0.04412   0.12457 0.0520656 -0.155378 0.00245007 0.00084451 -0.0084265  0.0428909 -0.0395468  0.0536966  -0.1428 -0.16921  -9.8065 
             102.206 -11.1305 -9.03032 -90.1556 0.0845503   8.22061  0.442605 0 0 0   -0.011 -0.02329  0.04412  0.112351 0.0228625 -0.108884  0.00254482 0.000886818 -0.00838875 0.0426549 -0.038675 0.0537498 -0.143147  -0.16863  -9.80651 
             102.299 -12.5379 -10.0095 -90.6851 0.0983914    8.2192  0.436453 0 0 0   -0.011 -0.02329  0.04412   0.108022 -0.0178908 -0.0741817  0.00252455 0.000918093 -0.00838291  0.0425771 -0.0392293  0.0534313 -0.143045 -0.169057   -9.8065 
             102.394  -12.889 -10.1262 -92.1004 0.111647  8.21745 0.426301 0 0 0   -0.011 -0.02329  0.04412   0.104215 -0.0380022 -0.0558109  0.00247644 0.000862009 -0.00835587  0.0431137 -0.0394982  0.0536532 -0.142646  -0.16913   -9.8065 
             102.499 -12.9781 -9.76485 -94.2077 0.123816  8.21181 0.424358 0 0 0   -0.011 -0.02329  0.04412   0.115042 -0.0175106 -0.0287419  0.00236892 0.000826699 -0.00831579 0.0427917 -0.039822 0.0534372 -0.14278 -0.16944  -9.8065 
             102.599 -13.4185   -10.05 -95.5686 0.133337  8.21233 0.429463 0 0 0   -0.011 -0.02329  0.04412   0.102258 0.00605984  0.0461574  0.00247035 0.000873867 -0.00834374  0.0427445 -0.0393443  0.0530322 -0.142827  -0.16913   -9.8065 
               102.7 -12.4438 -10.9399 -95.9781 0.149142  8.21308 0.441061 0 0 0   -0.011 -0.02329  0.04412   0.136425 -0.0152638  0.0680019  0.00230041 0.000921437  -0.0083656  0.0433004 -0.0395348  0.0523488 -0.142266 -0.169204  -9.80651 
             102.798 -11.9852  -10.495 -96.4041 0.156391  8.21311 0.449816 0 0 0   -0.011 -0.02329  0.04412   0.0717038 -0.00369527   0.0540881   0.0023649 0.000852045 -0.00838282  0.0431395 -0.0386391  0.0522122 -0.142502 -0.168596  -9.80652 
               102.9 -10.6896 -9.60852 -96.9118 0.164006  8.21522 0.454354 0 0 0   -0.011 -0.02329  0.04412 0.0660192 0.0169576 0.0258836  0.00232516 0.000832843  -0.0083742   0.043592 -0.0385422  0.0520592  -0.14216 -0.168453  -9.80652 
             102.999 -9.63905 -9.50551 -97.1113 0.164442  8.21843 0.464651 0 0 0   -0.011 -0.02329  0.04412 0.0371565 0.0274116 0.0273264  0.00233292 0.000862666 -0.00837951  0.0432571 -0.0374762   0.051482 -0.142457 -0.167781  -9.80653 
               103.1 -9.47601 -10.1337 -97.0895 0.171268  8.21729 0.465999 0 0 0   -0.011 -0.02329  0.04412    0.0461139 -0.000182087   0.00681761  0.00236397 0.000936382 -0.00837197  0.0430835 -0.0382021  0.0514884 -0.142473 -0.168341  -9.80652 
             103.204 -9.35782 -10.0516  -97.137 0.169335  8.21719  0.46368 0 0 0   -0.011 -0.02329  0.04412   0.0166163 -0.00338982   0.0058543  0.00241773 0.000901347 -0.00839381   0.042686 -0.0376581  0.0519174 -0.142919 -0.167984  -9.80652 
             103.299 -9.09709  -9.4276 -97.4424  0.17656  8.21811 0.462995 0 0 0   -0.011 -0.02329  0.04412   0.0375034  0.00821803 -0.00806522  0.00240392 0.000863133 -0.00837028 0.0432567 -0.038118 0.0518369 -0.142423 -0.168226  -9.80652 
               103.4 -8.56449 -9.12356 -97.4769   0.1813  8.22156 0.463062 0 0 0   -0.011 -0.02329  0.04412  0.0168828  0.0266466 -0.0288671  0.00231534 0.000859662 -0.00837496  0.0437496 -0.0380578  0.0515309 -0.142026 -0.168116  -9.80653 
             103.497 -8.32292 -9.51314 -97.2232 0.186827  8.22347 0.469283 0 0 0   -0.011 -0.02329  0.04412 0.0172222 0.0165924  -0.02069  0.00231253  0.00092102 -0.00837787  0.0440047 -0.0382878  0.0505964  -0.14166 -0.168295  -9.80653 
               103.6 -8.37584 -9.69896 -96.9302 0.182769   8.2246  0.46259 0 0 0   -0.011 -0.02329  0.04412 0.00244126 0.00818641  -0.039161  0.00237999 0.000902722 -0.00837749  0.0435082 -0.0378003  0.0511271 -0.142174 -0.167995  -9.80653 
             103.697 -8.39062 -9.33158   -96.76 0.182573  8.22808 0.460088 0 0 0   -0.011 -0.02329  0.04412 -0.000546201     0.018594   -0.0398155  0.00235181 0.000852987 -0.00839191  0.0438518 -0.0374572  0.0509229 -0.141949 -0.167696  -9.80654 
               103.8 -8.61645 -9.05876 -96.5461 0.186609  8.22978 0.461291 0 0 0   -0.011 -0.02329  0.04412  0.0109686  0.0213436 -0.0205072  0.00238388 0.000864411 -0.00839136  0.0441073 -0.0377941  0.0504128 -0.141639 -0.167923  -9.80654 
             103.903 -8.80347 -9.10604 -96.2506 0.187441  8.23139   0.4615 0 0 0   -0.011 -0.02329  0.04412   0.0126089   0.0227427 -0.00250003  0.00233719 0.000883406 -0.00838485   0.043991 -0.0378104   0.050305 -0.141705 -0.167961  -9.80654 
             104.001 -8.92964 -9.12484 -95.8786 0.198322  8.23616 0.463723 0 0 0   -0.011 -0.02329  0.04412    0.041724   0.0130226 -0.00396403  0.00238277 0.000879832  -0.0083962  0.0451834 -0.0383246  0.0497364 -0.140686 -0.168152  -9.80655 
             104.103 -9.12343 -8.88212 -95.9033 0.198168   8.2339 0.469391 0 0 0   -0.011 -0.02329  0.04412   0.0192077 -0.00246044  0.00839905  0.00237322 0.000854069 -0.00836308  0.0444819 -0.0381647  0.0493504 -0.141161 -0.168182  -9.80654 
             104.208  -8.8015 -8.37915 -96.3705 0.200027  8.23224 0.467069 0 0 0   -0.011 -0.02329  0.04412   0.0185866   -0.023576 -0.00162206  0.00232778  0.00086095 -0.00835306  0.0444037 -0.0382774  0.0496612 -0.141242 -0.168261  -9.80654 
               104.3 -8.36092 -8.36058 -97.0141 0.194701  8.22952 0.474271 0 0 0   -0.011 -0.02329  0.04412   -0.014455  -0.0155263 0.000211605  0.00235861 0.000890821 -0.00832828  0.0438055 -0.0375327  0.0491611 -0.141723 -0.167862  -9.80654 
             104.401 -8.44144 -8.65896 -97.2604 0.193961  8.23164 0.471605 0 0 0   -0.011 -0.02329  0.04412 -0.0222361 0.00367157 -0.0318087  0.00234253 0.000911366 -0.00835026 0.0442926 -0.037401 0.0491971 -0.141402 -0.167677  -9.80655 
             104.499 -8.41438 -9.34804 -97.0823 0.189005  8.23176 0.470296 0 0 0   -0.011 -0.02329  0.04412 -0.0303024 0.00901088 -0.0461637  0.00234173 0.000933724 -0.00836578  0.0439974 -0.0371761  0.0490483 -0.141629 -0.167579  -9.80655 
               104.6 -8.47668 -9.89832 -96.6294 0.185679  8.23426 0.468193 0 0 0   -0.011 -0.02329  0.04412 -0.0191136   0.012232  -0.025832  0.00234428 0.000927888 -0.00837688  0.0440861 -0.0369077  0.0488959 -0.141589  -0.16738  -9.80655 
               104.7 -8.79809 -9.80234 -96.2299 0.187359  8.23565 0.470141 0 0 0   -0.011 -0.02329  0.04412 0.00304301  0.0135345 -0.0147234  0.00235784 0.000902916 -0.00837311  0.0442915 -0.0370732  0.0485335 -0.141365 -0.167481  -9.80655 
             104.803 -9.16499 -9.31836 -96.1829 0.188307  8.23487 0.469297 0 0 0   -0.011 -0.02329  0.04412 0.00341846 0.00780232 -0.0201371  0.00236417  0.00087365 -0.00836033  0.0440318 -0.0372985  0.0484629 -0.141503 -0.167693  -9.80655 
               104.9 -9.38182 -8.75408 -96.0708 0.186243  8.23699 0.472966 0 0 0   -0.011 -0.02329  0.04412   0.0059437  0.00445367 -0.00813213  0.00235588 0.000863717 -0.00836473  0.0440981 -0.0367528  0.0480597 -0.141489 -0.167313  -9.80655 
             105.002 -9.34644 -8.26032 -95.8473 0.185495  8.23783  0.47055 0 0 0   -0.011 -0.02329  0.04412   0.0052835  -0.0210109 1.73794e-05  0.00235698 0.000865428 -0.00837294  0.0441929 -0.0364421  0.0482186 -0.141496 -0.167067  -9.80656 
             105.104 -9.32918 -8.10302 -95.7472 0.177891  8.23538 0.473531 0 0 0   -0.011 -0.02329  0.04412 -0.0232799 -0.0221398 0.00194649  0.00234969 0.000901255 -0.00834941  0.0437278 -0.0356924  0.0481526 -0.141939 -0.166627  -9.80656 
               105.2 -9.15943 -8.58708 -96.0682 0.176415  8.23159 0.472487 0 0 0   -0.011 -0.02329  0.04412 -0.0271141 -0.0247447 -0.0130529  0.00233247 0.000951979 -0.00831233  0.0435876 -0.0359833  0.0482061 -0.141996 -0.166855  -9.80655 
               105.3 -8.79125 -9.80446 -96.3803 0.183346  8.23046 0.464779 0 0 0   -0.011 -0.02329  0.04412  -0.010265  -0.020583 -0.0379271  0.00228036  0.00097627 -0.00830129 0.0443541 -0.036932 0.0484424 -0.141332 -0.167364  -9.80655 
               105.4 -8.92722 -10.1909 -96.5962 0.183324   8.2327 0.463186 0 0 0   -0.011 -0.02329  0.04412 -0.00504409  0.00519228  -0.0354946  0.00229324 0.000896528 -0.00832113 0.0449326 -0.036648 0.0481179  -0.14093 -0.167075  -9.80656 
               105.5 -8.98355 -9.64857 -96.8014 0.177473  8.23525 0.465115 0 0 0   -0.011 -0.02329  0.04412  -0.016569  0.0284752 -0.0305686  0.00230734 0.000864996 -0.00832981  0.0446821 -0.0359188  0.0477692 -0.141179  -0.16663  -9.80657 
             105.599 -9.18567 -9.18288 -96.6754 0.177487  8.23788 0.459206 0 0 0   -0.011 -0.02329  0.04412 -0.00776517   0.0325266  -0.0361058  0.00229623 0.000880087 -0.00833388  0.0447061 -0.0361805  0.0479641 -0.141146 -0.166799  -9.80657 
               105.7 -9.19915 -9.17593 -96.2654 0.176637  8.24372 0.456194 0 0 0   -0.011 -0.02329  0.04412 -0.00405657   0.0306116  -0.0286252  0.00229576 0.000874191 -0.00835301  0.0450266 -0.0358764  0.0478792 -0.140961 -0.166531  -9.80657 
               105.8 -9.25819 -9.22677  -95.901 0.180191  8.24457 0.456582 0 0 0   -0.011 -0.02329  0.04412 0.0028761 0.0222527 -0.030242  0.00228766 0.000895058 -0.00834094  0.0450463 -0.0363523  0.0475382 -0.140819 -0.166877  -9.80657 
               105.9 -9.31654 -9.07276 -95.6501 0.175735   8.2478 0.457248 0 0 0   -0.011 -0.02329  0.04412 -0.00992677   0.0244846  -0.0341941  0.00232362 0.000869789 -0.00834653  0.0448849 -0.0357378   0.047261 -0.140994 -0.166493  -9.80657 
             105.999 -9.10124 -9.17193 -95.4648 0.179728  8.24804 0.451305 0 0 0   -0.011 -0.02329  0.04412 0.00395472 0.00671126 -0.0385916  0.00225829 0.000874235 -0.00833049  0.0450071 -0.0364173  0.0473927 -0.140813 -0.166936  -9.80657 
             106.099 -9.26099 -9.28287 -95.3314 0.179503   8.2471 0.455714 0 0 0   -0.011 -0.02329  0.04412   0.00158646 -0.000402226   -0.0200156  0.00229773 0.000896683 -0.00832506 0.0447753 -0.036306 0.0467531   -0.1409 -0.166936  -9.80657 
             106.199 -9.21874 -9.09066 -95.3029 0.177947  8.24744 0.456605 0 0 0   -0.011 -0.02329  0.04412 -0.000504985   0.00139353   -0.0169421  0.00229165 0.000879899 -0.00832347  0.0446932 -0.0360173   0.046525 -0.140974 -0.166763  -9.80657 
             106.301  -9.1498  -9.1173 -95.2341 0.171259  8.25014 0.459671 0 0 0   -0.011 -0.02329  0.04412  -0.0172809  0.00949391 -0.00566906  0.00225922 0.000883452 -0.00832011   0.044587 -0.0350452  0.0462324 -0.141176 -0.166128  -9.80658 
             106.401  -8.9834 -9.29769 -95.1871 0.171712  8.24868  0.46097 0 0 0   -0.011 -0.02329  0.04412 -0.00944289 -0.00241465 -0.00251959  0.00227374 0.000903858 -0.00830453  0.0444421 -0.0353796   0.046074 -0.141193 -0.166394  -9.80657 
             106.499 -8.74601 -9.27971 -95.1549 0.172863  8.24788 0.464899 0 0 0   -0.011 -0.02329  0.04412  -0.0111181 -0.00621865  -0.0060867  0.00222113 0.000901041 -0.00830565   0.044545 -0.0355404  0.0456132 -0.141028 -0.166507  -9.80657 
             106.603  -8.7626 -9.02992 -95.2054 0.167239  8.25234 0.464755 0 0 0   -0.011 -0.02329  0.04412 -0.0220438 0.00722655 -0.0154863  0.00228193 0.000874241 -0.00831005  0.0448701 -0.0346384  0.0455273 -0.140958  -0.16583  -9.80659 
               106.7 -8.83721 -8.99701 -95.2349 0.168351    8.252 0.465483 0 0 0   -0.011 -0.02329  0.04412  -0.0116302  0.00662446 -0.00965292  0.00229011 0.000898745 -0.00830696  0.0449232 -0.0350358  0.0452759 -0.140814 -0.166103  -9.80658 
             106.804 -8.73336 -9.05355 -95.2485 0.170217  8.25292 0.467423 0 0 0   -0.011 -0.02329  0.04412 -0.00538593  0.00404778 -0.00430797  0.00225657 0.000904699 -0.00829093  0.0451699 -0.0352219  0.0449394 -0.140567 -0.166197  -9.80658 
             106.898 -8.79372 -8.96433 -95.2025 0.175071  8.25175 0.462982 0 0 0   -0.011 -0.02329  0.04412   0.0085178 -0.00425566  -0.0187916  0.00225221 0.000891147 -0.00830472  0.0453439 -0.0359108  0.0451637 -0.140355  -0.16662  -9.80658 
             106.999 -8.79945 -8.85143 -95.1663 0.171877  8.25423 0.461624 0 0 0   -0.011 -0.02329  0.04412 -0.000781611   0.00430163   -0.0194961  0.00225711 0.000886143 -0.00829711  0.0454587 -0.0352765  0.0451367 -0.140389 -0.166168  -9.80659 
               107.1 -8.77041 -8.95095 -95.0966 0.170171  8.25177 0.459269 0 0 0   -0.011 -0.02329  0.04412 -0.00220701 -0.00639133  -0.0230959  0.00228003 0.000900867  -0.0082919  0.0450268 -0.0353401  0.0452653 -0.140686 -0.166291  -9.80658 
             107.199 -8.66617  -9.1093 -95.0496 0.171859  8.25174  0.46129 0 0 0   -0.011 -0.02329  0.04412 -0.00217135 -0.00710027  -0.0194992  0.00222366 0.000897786 -0.00828989  0.0452324 -0.0353759  0.0448145  -0.14048 -0.166296  -9.80658 
               107.3 -8.65156 -9.20029 -95.0349 0.168579  8.25175 0.468237 0 0 0   -0.011 -0.02329  0.04412  -0.0109125 -0.00565688 -0.00903129  0.00223684 0.000914596 -0.00828727  0.0450917 -0.0348741  0.0441001 -0.140569  -0.16602  -9.80659 
             107.404 -8.61798 -9.13481 -95.1063 0.166605   8.2528 0.468654 0 0 0   -0.011 -0.02329  0.04412 -0.00961568 -0.00185749 -0.00936101  0.00224935 0.000911206 -0.00827788   0.045209 -0.0346384  0.0439578 -0.140515 -0.165844  -9.80659 
               107.5  -8.6053 -9.08804  -95.221  0.16962  8.25372 0.463921 0 0 0   -0.011 -0.02329  0.04412 -0.00247951 -0.00488085  -0.0232336  0.00223844 0.000908037 -0.00827899  0.0455949 -0.0349417  0.0441264 -0.140224 -0.165963  -9.80659 
               107.6 -8.92637 -8.96811 -95.3973  0.16637  8.25366 0.462965 0 0 0   -0.011 -0.02329  0.04412 -0.00740268 -0.00848369  -0.0245308  0.00227111 0.000906607  -0.0082592  0.0454826 -0.0346271  0.0440569 -0.140348 -0.165778  -9.80659 
             107.702 -9.00842 -8.78072   -95.56 0.164154  8.24907 0.465867 0 0 0   -0.011 -0.02329  0.04412 -0.0075683 -0.0193999 -0.0167046  0.00223988 0.000912908 -0.00826672  0.0449749 -0.0346624  0.0437572 -0.140638 -0.165917  -9.80659 
             107.814 -9.28002 -8.75396 -95.7025 0.165315  8.24884 0.462335 0 0 0   -0.011 -0.02329  0.04412  0.0101386  -0.010239 -0.0168539  0.00228828  0.00091454 -0.00827038  0.0452396 -0.0346521  0.0438276 -0.140474 -0.165854  -9.80659 
               107.9 -9.24228 -8.96056 -95.7945 0.161603  8.24627 0.465277 0 0 0   -0.011 -0.02329  0.04412 -0.00025747  -0.0102464 -0.00266621  0.00227554 0.000940446 -0.00826477  0.0448273 -0.0343347  0.0436315 -0.140779 -0.165734  -9.80659 
             108.003 -9.16428 -9.07329 -95.6909  0.16524  8.25065 0.469132 0 0 0   -0.011 -0.02329  0.04412  0.0140791 0.00883588 0.00604033  0.00226536 0.000908752 -0.00827981  0.0454844 -0.0341695  0.0432048 -0.140315 -0.165515   -9.8066 
             108.101  -9.0621 -9.14961 -95.5047 0.161723  8.25145 0.470636 0 0 0   -0.011 -0.02329  0.04412 -0.00344004  0.00370188 -0.00271249  0.00227728 0.000919161 -0.00827229  0.0452492 -0.0338056  0.0432006 -0.140536 -0.165321   -9.8066 
             108.199 -8.97919 -9.09057 -95.2449 0.158391  8.25562 0.474018 0 0 0   -0.011 -0.02329  0.04412  -0.0116779   0.0111871 -0.00407918  0.00228411 0.000895477  -0.0082958  0.0454954 -0.0332356  0.0428899 -0.140434  -0.16491  -9.80661 
               108.3 -9.01756 -8.99622 -95.1588  0.15953  8.25473 0.470841 0 0 0   -0.011 -0.02329  0.04412  -0.00426783 -0.000384241   -0.0130342  0.00227232 0.000886201 -0.00826852  0.0454391 -0.0335636  0.0430529 -0.140434  -0.16513   -9.8066 
             108.399 -9.01503 -8.87845 -95.1362  0.16019  8.25498 0.463446 0 0 0   -0.011 -0.02329  0.04412  0.00429788 -0.00605713  -0.0211047   0.0022472 0.000884006 -0.00825179  0.0455364 -0.0337106  0.0435122 -0.140406 -0.165186   -9.8066 
             108.501 -9.01221 -8.88819  -95.089 0.163158  8.25251 0.463907 0 0 0   -0.011 -0.02329  0.04412  0.0105476 -0.0122144 -0.0206779  0.00224845 0.000878775 -0.00826286  0.0454491 -0.0340288  0.0432944 -0.140375 -0.165423   -9.8066 
             108.602 -8.99905  -8.9834 -95.0751 0.166455  8.25221 0.465887 0 0 0   -0.011 -0.02329  0.04412   0.0152521 -0.00723038  -0.0184146  0.00221283 0.000883532 -0.00825462  0.0456788 -0.0340375  0.0428482 -0.140163 -0.165403   -9.8066 
               108.7 -9.04952 -9.02565 -95.0607 0.169464  8.25175 0.461716 0 0 0   -0.011 -0.02329  0.04412   0.0212168 -0.00525665  -0.0205687  0.00223312 0.000884528 -0.00824595  0.0457954 -0.0342034  0.0430126 -0.140079  -0.16548   -9.8066 
               108.8 -8.96849 -8.91043 -95.0147 0.170914  8.25003  0.45942 0 0 0   -0.011 -0.02329  0.04412   0.0199763 -0.00367691  -0.0278033  0.00221836  0.00088899 -0.00824078   0.045593 -0.0342551  0.0430476 -0.140205 -0.165553   -9.8066 
             108.901 -8.95326 -8.81855 -94.8289 0.176629  8.25354 0.456802 0 0 0   -0.011 -0.02329  0.04412   0.023023 0.00544311  -0.031046  0.00220944 0.000875994 -0.00826402 0.0462373 -0.034289 0.0428614 -0.139757 -0.165452  -9.80661 
             109.012 -8.96683 -8.68534 -94.6545 0.171829  8.25094  0.46274 0 0 0   -0.011 -0.02329  0.04412   0.0133601 -0.00110856  -0.0110636  0.00223809 0.000877784 -0.00825203 0.0454691 -0.033733 0.0423578 -0.140289 -0.165272   -9.8066 
             109.099 -8.86878 -8.52936 -94.4466 0.176951  8.25255 0.466366 0 0 0   -0.011 -0.02329  0.04412   0.0235602  0.00867034 -0.00512825  0.00221431 0.000879195 -0.00825848  0.0458131 -0.0338651  0.0418687 -0.139978 -0.165308  -9.80661 
             109.199 -8.82612 -8.67434 -94.2235  0.17801  8.25016 0.467738 0 0 0   -0.011 -0.02329  0.04412   0.0167523 -0.00531922  -0.0114767  0.00223505 0.000905443 -0.00825425  0.0454151 -0.0339203  0.0417501 -0.140206 -0.165432   -9.8066 
               109.3 -8.88252 -8.75639 -93.9894  0.18046  8.25332 0.466065 0 0 0   -0.011 -0.02329  0.04412  0.0204255 0.00382756 -0.0221453  0.00221742 0.000881679 -0.00825198  0.0458266 -0.0337292  0.0416726 -0.139971 -0.165227  -9.80661 
             109.406 -9.03353 -8.57525 -93.8604 0.177888  8.25358 0.464033 0 0 0   -0.011 -0.02329  0.04412 0.00972484 0.00141914 -0.0252105  0.00224415 0.000872738 -0.00824897  0.0455979 -0.0333472  0.0417229 -0.140198 -0.165029  -9.80661 
             109.498 -9.15522 -8.39772 -93.7292 0.175454  8.25517 0.458175 0 0 0   -0.011 -0.02329  0.04412  0.00245129 -0.00406767  -0.0275777  0.00222457 0.000866303 -0.00825194  0.0456236 -0.0330299  0.0420136 -0.140282 -0.164809  -9.80661 
             109.605 -9.25376 -8.37675 -93.6001 0.180439  8.25518 0.459639 0 0 0   -0.011 -0.02329  0.04412  0.0117058 -0.0094268 -0.0216061  0.00224612  0.00087381 -0.00824391   0.045903 -0.0332964  0.0415975 -0.139999 -0.164936  -9.80661 
               109.7 -9.29897 -8.40588 -93.5759 0.180714  8.25197  0.46063 0 0 0   -0.011 -0.02329  0.04412 0.00327095  -0.022428  -0.021052  0.00220779 0.000871625 -0.00822854  0.0456867 -0.0333347  0.0413943   -0.1401 -0.165016  -9.80661 
             109.802 -9.21918 -8.50722 -93.6264 0.181989  8.25201 0.456027 0 0 0   -0.011 -0.02329  0.04412 0.00468939 -0.0172498 -0.0275323  0.00221314 0.000891333 -0.00822316  0.0459693 -0.0333085  0.0414992 -0.139943 -0.164933  -9.80661 
             109.899 -9.30135 -8.59608 -93.7666  0.18045  8.24941 0.454946 0 0 0   -0.011 -0.02329  0.04412 -0.00174931   -0.018421   -0.021721  0.00224378 0.000877508 -0.00821939  0.0458043 -0.0332014  0.0414414  -0.14006 -0.164905  -9.80661 
             109.999 -9.22392 -8.67449 -93.9095 0.179843  8.25102 0.460427 0 0 0   -0.011 -0.02329  0.04412 -0.00645331 -0.00356925  -0.0077449  0.00222939 0.000878236  -0.0082234  0.0461109 -0.0328239  0.0408156 -0.139864 -0.164632  -9.80662 
             110.108 -9.23145 -8.69963 -94.0718 0.175811  8.24858 0.459139 0 0 0   -0.011 -0.02329  0.04412  -0.0160402 -0.00606189  -0.0115851  0.00219564 0.000868439 -0.00821086  0.0457224 -0.0327319  0.0409566 -0.140142 -0.164654  -9.80662 
             110.199  -9.1979 -8.69703 -94.1921 0.173683  8.25078 0.456303 0 0 0   -0.011 -0.02329  0.04412 -0.0179843 0.00598977 -0.0193313  0.00223264 0.000865981 -0.00819965  0.0459704 -0.0325339  0.0410293 -0.140039 -0.164473  -9.80662 
               110.3 -9.21154 -8.64649   -94.17 0.172872  8.25263 0.458542 0 0 0   -0.011 -0.02329  0.04412 -0.0151036  0.0108686 -0.0161461   0.0022331 0.000857012 -0.00821438   0.046137 -0.0324276  0.0406259 -0.139903 -0.164389  -9.80662 
               110.4 -9.14704 -8.62021 -94.1323 0.175154  8.25242 0.460005 0 0 0   -0.011 -0.02329  0.04412 -0.00285009  0.00543104 -0.00921176   0.0022123 0.000866908 -0.00820046  0.0461686 -0.0327734  0.0403304 -0.139775 -0.164609  -9.80662 
               110.5 -9.11446 -8.58019 -94.0549  0.17181  8.25118 0.462053 0 0 0   -0.011 -0.02329  0.04412  -0.00769467 -0.000978811  -0.00924596  0.00224683 0.000871804 -0.00821903 0.0458097 -0.032564 0.0401697 -0.140017 -0.164565  -9.80662 
             110.607 -9.16836 -8.60728 -94.0674  0.17605  8.25091 0.455618 0 0 0   -0.011 -0.02329  0.04412  0.00485381 -0.00361575  -0.0251264  0.00225747 0.000871645 -0.00820245  0.0460546 -0.0330885    0.04049 -0.139803 -0.164821  -9.80662 
               110.7 -9.11334  -8.7306 -94.0616 0.180364  8.25283 0.454502 0 0 0   -0.011 -0.02329  0.04412  0.0155305 0.00470859 -0.0214896  0.00223051 0.000870996 -0.00821239  0.0464732 -0.0332291  0.0402632 -0.139489 -0.164827  -9.80662 
               110.8 -9.03987 -8.84529 -94.1354  0.18012  8.25259 0.458949 0 0 0   -0.011 -0.02329  0.04412  0.0138251  0.0116399 -0.0131787  0.00220239 0.000883251 -0.00819341  0.0462396 -0.0330312  0.0397706 -0.139607 -0.164778  -9.80662 
             110.899 -9.02248 -8.85561 -94.1197 0.188587  8.25131 0.459195 0 0 0   -0.011 -0.02329  0.04412  0.0280614 0.00697413 -0.0105994  0.00216678 0.000886893 -0.00819257  0.0463149 -0.0337438  0.0395421 -0.139388 -0.165208  -9.80662 
             111.004 -9.05202 -8.61433 -93.9523 0.186341   8.2576  0.45894 0 0 0   -0.011 -0.02329  0.04412   0.0172441   0.0184053 -0.00984004  0.00219475 0.000859423 -0.00820703  0.0466819 -0.0329266  0.0394734  -0.13932 -0.164631  -9.80663 
             111.101 -9.09399 -8.37121  -93.792 0.181982  8.26175 0.463266 0 0 0   -0.011 -0.02329  0.04412 -0.000591392    0.0185652  -0.00633914  0.00219198 0.000852949 -0.00819336  0.0466452 -0.0322018  0.0391035 -0.139441 -0.164212  -9.80663 
               111.2 -9.04611 -8.40541 -93.6166 0.183336   8.2611 0.459848 0 0 0   -0.011 -0.02329  0.04412 0.000374903  0.00689401  -0.0216292  0.00217143 0.000869045 -0.00820337  0.0464985 -0.0324869  0.0392786 -0.139494 -0.164411  -9.80663 
               111.3 -9.15181    -8.66 -93.5391 0.181299  8.26128 0.456723 0 0 0   -0.011 -0.02329  0.04412  0.00231402 0.000372871  -0.0242177  0.00221298  0.00087846 -0.00819261  0.0463807 -0.0323425  0.0394066 -0.139611 -0.164344  -9.80663 
             111.399 -9.13592 -8.85602 -93.5267  0.17708  8.26158 0.455137 0 0 0   -0.011 -0.02329  0.04412 -0.0070934  0.0014903 -0.0280536   0.0022032  0.00087894 -0.00818125  0.0462409 -0.0319691  0.0393943 -0.13977 -0.16415 -9.80663 
               111.5 -9.26821 -8.81522 -93.5406 0.178254  8.25793  0.46011 0 0 0   -0.011 -0.02329  0.04412 -0.00580184 -0.00388775  -0.0146129  0.00219444 0.000882029 -0.00818059  0.0458975 -0.0322324  0.0388058 -0.139845 -0.164408  -9.80663 
               111.6 -9.29147 -8.83849 -93.4801 0.180509  8.25859 0.458354 0 0 0   -0.011 -0.02329  0.04412   0.0090052 0.000472167  -0.0157241  0.00217198 0.000884786 -0.00817317  0.0460848 -0.0323632  0.0387748 -0.139703 -0.164446  -9.80663 
               111.7 -9.31978 -8.93123 -93.3389 0.180226  8.25936  0.46055 0 0 0   -0.011 -0.02329  0.04412  0.00425259   -0.002361 -0.00876066  0.00217553 0.000890574 -0.00817304  0.0461326 -0.0321597  0.0384837 -0.139679 -0.164325  -9.80663 
               111.8 -9.40674 -8.77098 -93.2577 0.179992  8.26298 0.456539 0 0 0   -0.011 -0.02329  0.04412 0.00255006 0.00438026 -0.0172772  0.00218504 0.000875047 -0.00817443  0.0465035 -0.0319351  0.0386594  -0.13953 -0.164102  -9.80663 
             111.906 -9.29814 -8.63265 -93.2152 0.176988  8.26421 0.457915 0 0 0   -0.011 -0.02329  0.04412 -0.00844327 -0.00108973   -0.010683  0.00216504 0.000862605 -0.00817422  0.0464646 -0.0315937  0.0384671 -0.139599 -0.163915  -9.80664 
                 112 -9.33211   -8.701 -93.2166 0.176769   8.2644 0.457816 0 0 0   -0.011 -0.02329  0.04412 -0.00902458 -0.00380183  -0.0092726   0.0021938 0.000873564 -0.00816712  0.0465442 -0.0315841  0.0383775 -0.139543 -0.163895  -9.80664 
               112.1 -9.23309 -8.67387 -93.3364 0.173785  8.26636 0.457972 0 0 0   -0.011 -0.02329  0.04412 -0.0142949 0.00457466 -0.0053252  0.00219529 0.000856677 -0.00817532  0.0466732 -0.0312949  0.0383017 -0.139518 -0.163699  -9.80664 
               112.2 -9.04198 -8.78407 -93.4223 0.173423  8.27141 0.460708 0 0 0   -0.011 -0.02329  0.04412  -0.0123545   0.0203027 -0.00899545  0.00219932 0.000846657 -0.00816117 0.0471414 -0.031049 0.0379164 -0.139247 -0.163463  -9.80665 
             112.305  -8.9391 -8.87622 -93.4043 0.174796  8.26663 0.463301 0 0 0   -0.011 -0.02329  0.04412 -0.00706317 -0.00121709  -0.0133225  0.00214277 0.000862194 -0.00815082   0.046571 -0.0316006  0.0376686  -0.13943 -0.163924  -9.80664 
             112.406 -8.96833 -8.68203 -93.2898   0.1731  8.25977 0.459403 0 0 0   -0.011 -0.02329  0.04412 -0.00506643  -0.0282723  -0.0253983  0.00215661 0.000870879 -0.00815952   0.04586 -0.031913 0.0379995  -0.13982 -0.164255  -9.80663 
             112.503 -9.09549 -8.35621 -93.1974  0.17735  8.25784 0.459949 0 0 0   -0.011 -0.02329  0.04412   0.018453 -0.0316071 -0.0135149  0.00218943 0.000858053 -0.00816755  0.0461523 -0.0321225  0.0376692 -0.139564 -0.164323  -9.80663 
               112.6 -9.14436 -8.18288  -93.194  0.17694   8.2583 0.460057 0 0 0   -0.011 -0.02329  0.04412   0.0296562  -0.0220715 -0.00658234   0.0021979 0.000875375 -0.00815447 0.0463546 -0.031688 0.0375871 -0.139529 -0.164028  -9.80664 
               112.7 -9.08421 -8.29166 -93.1786 0.181917  8.25579 0.454074 0 0 0   -0.011 -0.02329  0.04412  0.0462599 -0.0231509 -0.0294652  0.00216362 0.000901535 -0.00813483  0.0464096 -0.0318845  0.0379215 -0.139497 -0.164117  -9.80663 
             112.799 -9.24899 -8.45361 -93.1545 0.186695   8.2574  0.45809 0 0 0   -0.011 -0.02329  0.04412  0.0591949 -0.0162377 -0.0326504  0.00217093 0.000893208  -0.0081426  0.0467325 -0.0314993  0.0372917 -0.139317 -0.163845  -9.80664 
               112.9 -9.66249 -8.58598 -93.2325 0.187678  8.25597 0.457908 0 0 0   -0.011 -0.02329  0.04412  0.0660532 -0.0183546 -0.0374541  0.00216504 0.000903436 -0.00812699  0.0465604 -0.0310109  0.0370955 -0.139495 -0.163612  -9.80664 
             112.999 -10.1449  -8.4575 -93.5677 0.194409  8.25649 0.458592 0 0 0   -0.011 -0.02329  0.04412   0.0976395 -0.00301311  -0.0289538   0.0021366 0.000879751 -0.00810463  0.0466815 -0.0307651  0.0367493 -0.139435 -0.163457  -9.80665 
             113.104  -10.713 -8.79363 -93.8977 0.211204  8.25756 0.451783 0 0 0   -0.011 -0.02329  0.04412    0.145479 -0.00781175  -0.0440344  0.00216628  0.00090148 -0.00809719  0.0470605 -0.0311049  0.0369015 -0.139166 -0.163559  -9.80665 
             113.198 -11.2749 -9.22133 -94.7097 0.233968  8.25406 0.447079 0 0 0   -0.011 -0.02329  0.04412   0.181725 -0.0164543  -0.059566  0.00213961 0.000908528 -0.00807446  0.0470554 -0.0317722  0.0367624 -0.139012 -0.163946  -9.80664 
               113.3 -11.7858 -9.33535 -96.1239 0.242778  8.25256 0.447943 0 0 0   -0.011 -0.02329  0.04412   0.147729 -0.0323268 -0.0371473  0.00215678 0.000884343 -0.00804697  0.0467896 -0.0310562  0.0364275 -0.139264 -0.163611  -9.80665 
             113.401  -12.178 -9.28486 -97.8882 0.254139  8.24499 0.444675 0 0 0   -0.011 -0.02329  0.04412   0.126801 -0.0588339 -0.0393206  0.00218671 0.000889756 -0.00800977 0.0463524 -0.030888 0.0364548 -0.139554 -0.163609  -9.80664 
               113.5 -12.1951 -8.68331  -98.681 0.260935  8.23421 0.443319 0 0 0   -0.011 -0.02329  0.04412  0.0985912 -0.0900794 -0.0210625  0.00213621 0.000880443 -0.00806798 0.0457736 -0.030718 0.0364626 -0.139925 -0.163631  -9.80664 
             113.599 -12.2264 -8.58625 -97.1854 0.280738  8.22534 0.444888 0 0 0   -0.011 -0.02329  0.04412   0.130024 -0.0570698 0.00386131  0.00208997 0.000935745  -0.0081712  0.0461085 -0.0313488  0.0360437 -0.139551 -0.163954  -9.80664 
             113.708 -12.4004 -9.54121 -94.7768 0.289392   8.2255 0.453142 0 0 0   -0.011 -0.02329  0.04412   0.101942 -0.0168916  0.0759121  0.00211571 0.000988397 -0.00820991  0.0462585 -0.0308611  0.0356515 -0.139482 -0.163665  -9.80664 
               113.8 -11.2007 -11.3813 -92.3506 0.295703  8.22189 0.462274 0 0 0   -0.011 -0.02329  0.04412  0.100864  -0.01447 0.0454867  0.00208008  0.00105944 -0.00818939  0.0459302 -0.0303724  0.0354802 -0.139729 -0.163453  -9.80664 
             113.902 -10.4129 -10.6355 -89.8182 0.300405  8.22672 0.460965 0 0 0   -0.011 -0.02329  0.04412     0.1028 -0.0219847  0.0177292  0.00201429 0.000900158 -0.00824732  0.0464962 -0.0296605   0.035819 -0.139585 -0.162904  -9.80665 
             113.999 -8.76687 -9.12184 -87.0829 0.315464  8.22552 0.454248 0 0 0   -0.011 -0.02329  0.04412    0.137973  -0.0454053 -0.00315538   0.0019841 0.000858888 -0.00826548  0.0468811 -0.0300578  0.0363729 -0.139379 -0.163028  -9.80665 
               114.1 -8.81666 -7.69694 -85.1862 0.334327  8.21482 0.452909 0 0 0   -0.011 -0.02329  0.04412   0.218331 -0.0749622 -0.0816866  0.00213473 0.000829799  -0.0082261  0.0464755 -0.0302395  0.0362466 -0.139535 -0.163231  -9.80665 
             114.199 -9.86663 -6.93268 -83.8193 0.356103  8.21121 0.437763 0 0 0   -0.011 -0.02329  0.04412   0.250974 -0.0845174  -0.177117  0.00220235 0.000859129 -0.00816971  0.0467799 -0.0299599  0.0363638 -0.139468 -0.162997  -9.80665 
               114.3 -10.3792  -7.5737 -82.0082 0.379288  8.19503 0.417317 0 0 0   -0.011 -0.02329  0.04412  0.290952 -0.139081 -0.206446  0.00217879 0.000917936 -0.00817417   0.046128 -0.0298166  0.0365868 -0.139846 -0.163102  -9.80665 
               114.4 -8.63659 -6.14308 -79.9915 0.416521   8.1809 0.404739 0 0 0   -0.011 -0.02329  0.04412  0.303833  -0.16319 -0.154426  0.00202586 0.000804685 -0.00820963  0.0463672 -0.0302768  0.0359316 -0.139525 -0.163266  -9.80665 
             114.499 -6.07176 -3.62892 -78.5683 0.448898  8.16258  0.39748 0 0 0   -0.011 -0.02329  0.04412  0.223296 -0.184827 -0.100664   0.0019746 0.000726469 -0.00817573  0.0465366 -0.0307419  0.0355042 -0.139259 -0.163434  -9.80665 
               114.6 -1.51724 -1.65716 -77.0562 0.479735  8.14513 0.388588 0 0 0   -0.011 -0.02329  0.04412   0.246856  -0.196682 -0.0956311  0.00184616 0.000739859 -0.00817418  0.0468083 -0.0313525  0.0351963 -0.138917 -0.163613  -9.80665 
               114.7 0.390831 -2.71179 -74.5203  0.50243  8.12836 0.394191 0 0 0   -0.011 -0.02329  0.04412  0.261095  -0.19645 -0.037318  0.00206201 0.000892865 -0.00822652  0.0472306 -0.0309742   0.034131 -0.138813 -0.163336  -9.80666 
             114.799 -0.770444  -3.81681  -72.8668  0.51972  8.10885 0.398408 0 0 0   -0.011 -0.02329  0.04412   0.202918  -0.179499 0.00842829  0.00227167 0.000892562 -0.00817007  0.0470103 -0.0303821  0.0337144 -0.139088 -0.163208  -9.80666 
               114.9 -2.83249 -6.39005 -74.7826 0.542379  8.08347 0.395686 0 0 0   -0.011 -0.02329  0.04412   0.205867  -0.210413 -0.0216206 0.00230466 0.00102948 -0.0079465  0.0462327 -0.0306452  0.0341184 -0.139234 -0.163582  -9.80665 
                 115 -3.73933 -7.56932 -79.0861 0.562322  8.06384 0.386117 0 0 0   -0.011 -0.02329  0.04412   0.184058  -0.179661 -0.0811148  0.00225332 0.000931571 -0.00783704  0.0461764 -0.0306447  0.0344838 -0.139249 -0.163592  -9.80665 
             115.105 -4.41705 -7.02311 -83.8275 0.57803 8.05673 0.37669 0 0 0   -0.011 -0.02329  0.04412     0.1705  -0.095416 -0.0893013  0.00224742  0.00082644 -0.00783846  0.0469058 -0.0304796  0.0344405 -0.139085 -0.163253  -9.80666 
               115.2 -4.50777 -6.79982  -87.898 0.596794  8.05483 0.360671 0 0 0   -0.011 -0.02329  0.04412   0.168788 -0.0427569  -0.143454  0.00216317 0.000834613 -0.00788644  0.0474702 -0.0305449  0.0346878 -0.138862 -0.163051  -9.80666 
             115.299  -5.5221 -6.13547 -89.9237 0.607854  8.05521 0.346407 0 0 0   -0.011 -0.02329  0.04412    0.105724 -0.00121406   -0.148536  0.00216369 0.000810253 -0.00800249 0.0476959 -0.030273 0.0346092 -0.138863 -0.162873  -9.80666 
             115.399 -5.16851 -5.38679 -90.0757  0.60926  8.05667 0.332273 0 0 0   -0.011 -0.02329  0.04412 0.0826318 0.0189435 -0.151598  0.00203756 0.000796957  -0.0081038  0.0476958 -0.0295242  0.0345479  -0.13911 -0.162575  -9.80667 
               115.5 -5.14853 -4.39261 -89.0935  0.61642  8.05107 0.331175 0 0 0   -0.011 -0.02329  0.04412  0.0676879 -0.0198963  -0.106627   0.0021244 0.000806182 -0.00816166  0.0471071 -0.0296546  0.0336331 -0.139315 -0.162843  -9.80666 
             115.598 -5.57461 -3.75842 -88.0422 0.622062   8.0428 0.327998 0 0 0   -0.011 -0.02329  0.04412  0.0462446 -0.0406685 -0.0767665  0.00211517 0.000833796 -0.00816536    0.04658 -0.0298044  0.0331456 -0.139515 -0.163081  -9.80665 
             115.704 -5.74174 -3.07411  -86.921 0.626734   8.0371 0.320152 0 0 0   -0.011 -0.02329  0.04412  0.0287908 -0.0643012 -0.0650212  0.00211448 0.000847792 -0.00815488  0.0464911 -0.0299631  0.0332635 -0.139524 -0.163175  -9.80665 
             115.801 -5.59852 -2.46999 -85.4276 0.625886  8.03153 0.318741 0 0 0   -0.011 -0.02329  0.04412 -0.00250959  -0.0350581  -0.0109848  0.00210686 0.000843429 -0.00815425  0.0464042 -0.0297364   0.033034 -0.139617 -0.163101  -9.80665 
             115.905 -5.33719 -2.30482 -83.0264 0.619101  8.02986 0.322441 0 0 0   -0.011 -0.02329  0.04412 -0.0141632 -0.0125724 -0.0218576  0.00210312 0.000905113 -0.00821211  0.0463202 -0.0292309  0.0327099 -0.139782 -0.162899  -9.80665 
             116.006 -5.28905 -3.57556 -81.0603 0.612194  8.02801  0.31685 0 0 0   -0.011 -0.02329  0.04412  -0.0588114 -0.00806382  -0.0309503  0.00212773 0.000964115 -0.00817878  0.0461182 -0.0289667  0.0329617 -0.139957 -0.162818  -9.80665 
               116.1 -4.99823 -4.23941 -80.0508 0.603403  8.03283 0.310125 0 0 0   -0.011 -0.02329  0.04412 -0.0514736 0.00389946 -0.0481632   0.0021048 0.000908873 -0.00813695  0.0465517 -0.0286305  0.0331935 -0.139877 -0.162519  -9.80666 
             116.199 -4.90093 -3.93492 -79.6982  0.60375  8.03155 0.297757 0 0 0   -0.011 -0.02329  0.04412 -0.0240637 0.00278427 -0.0917328   0.0021221 0.000858621 -0.00811907   0.046424 -0.0290103  0.0335825 -0.139819 -0.162702  -9.80665 
               116.3 -5.21949 -3.87049 -79.4555 0.600894  8.02774 0.292536 0 0 0   -0.011 -0.02329  0.04412 -0.0329351 -0.0486671 -0.0719786  0.00215116 0.000893096 -0.00809897  0.0462109 -0.0290248  0.0334244 -0.139893 -0.162789  -9.80665 
               116.4 -4.29564 -3.89666 -79.0408 0.604592  8.02612 0.288089 0 0 0   -0.011 -0.02329  0.04412 -0.0341098 -0.0684454 -0.0447081  0.00204135 0.000861505 -0.00810244  0.0467626 -0.0295126  0.0331512 -0.139517 -0.162797  -9.80666 
             116.498 -3.38613 -2.89816 -79.0445 0.605982  8.01684 0.279993 0 0 0   -0.011 -0.02329  0.04412 -0.00927432  -0.0711566  -0.0530622  0.00201115 0.000819268 -0.00808809  0.0466515 -0.0299055  0.0333179 -0.139427 -0.162972  -9.80665 
             116.599 -1.90415 -1.59975 -78.7124 0.602602  8.01504 0.277677 0 0 0   -0.011 -0.02329  0.04412  0.0236565 -0.0367019 -0.0484106   0.0020287 0.000773208 -0.00810257  0.0469805 -0.0295049   0.033137 -0.139445 -0.162723  -9.80666 
               116.7  -1.84868 -0.611481  -78.5273 0.606796  8.00863 0.271086 0 0 0   -0.011 -0.02329  0.04412  0.0300213 -0.0644963 -0.0454211  0.00204126 0.000821427 -0.00807472  0.0467851 -0.0296155  0.0332478 -0.139476 -0.162824  -9.80666 
             116.807 -2.12464 0.687187 -78.1328 0.609193  8.00404 0.273926 0 0 0   -0.011 -0.02329  0.04412 -0.00222564  -0.0137723  -0.0109273  0.00208364 0.000804104 -0.00807991  0.0468865 -0.0297107  0.0327506 -0.139404 -0.162851  -9.80666 
               116.9 -1.91981  1.45729  -78.149 0.608546  8.00336 0.273512 0 0 0   -0.011 -0.02329  0.04412   0.0107138 -0.00476051 -0.00148993  0.00208642 0.000817713  -0.0080533  0.0468134 -0.0296252  0.0327456 -0.139458 -0.162849  -9.80666 
             117.006 -1.92233  1.27906 -78.1585 0.613954  8.00418 0.273147 0 0 0   -0.011 -0.02329  0.04412   0.0188215 -0.00931283 -0.00448233  0.00207694 0.000883968  -0.0080449  0.0470278 -0.0299372  0.0326758 -0.139278 -0.162881  -9.80666 
             117.104 -1.85569  1.43668 -78.1872 0.615254  8.00637 0.276049 0 0 0   -0.011 -0.02329  0.04412   0.0200683    0.018178 0.000290365  0.00205706 0.000871419  -0.0080326 0.0472355  -0.02991 0.0323993 -0.139223 -0.162827  -9.80666 
             117.205 -1.81543  1.37247 -78.1551 0.614289  8.01137 0.273122 0 0 0   -0.011 -0.02329  0.04412   0.0127068  0.00966025 -0.00674463  0.00204213 0.000869287 -0.00803886  0.0475665 -0.0296847  0.0326005 -0.139192 -0.162617  -9.80666 
               117.3 -1.87529  1.43244 -78.1441 0.613876  8.00628 0.279496 0 0 0   -0.011 -0.02329  0.04412 0.00922749 0.00616122 0.00490655  0.00206878 0.000887314 -0.00803663  0.0470648 -0.0296316  0.0321275 -0.139383 -0.162832  -9.80666 
               117.4 -1.77723  1.43724 -78.1259 0.604888  8.00517 0.292505 0 0 0   -0.011 -0.02329  0.04412 -0.0190245 0.00408624  0.0316597  0.00200851  0.00090986 -0.00804598  0.0471044 -0.0290422  0.0312311 -0.139599 -0.162744  -9.80666 
             117.497 -1.86915  1.48505 -78.1239 0.602778  7.99954 0.293208 0 0 0   -0.011 -0.02329  0.04412   -0.0255599 -0.000201435    0.0232279  0.00208202 0.000923147 -0.00804072   0.046393 -0.0290736  0.0314792 -0.139813 -0.162974  -9.80665 
               117.6  -1.7752  1.26246 -78.1144 0.603892  8.00475 0.285863 0 0 0   -0.011 -0.02329  0.04412 -0.00962918  0.00489581 -0.00204598  0.00203316 0.000932613 -0.00804179  0.0467348 -0.0292472  0.0321647 -0.139624 -0.162818  -9.80665 
              117.71 -1.71117 0.875793 -78.0644 0.602216  7.99707 0.295889 0 0 0   -0.011 -0.02329  0.04412 0.000228698  -0.0380643   0.0155413  0.00204376 0.000985099 -0.00804045  0.0462381 -0.0292615  0.0313839 -0.139799   -0.1631  -9.80665 
             117.799 -1.69654 0.990945  -78.051 0.607512  7.99059 0.302504 0 0 0   -0.011 -0.02329  0.04412 0.00521477 -0.0332908  0.0269595  0.00200947 0.000984435 -0.00805113  0.0461653 -0.0297113  0.0309232 -0.139676 -0.163322  -9.80665 
               117.9 -1.81534  1.61522 -78.1054 0.624292  7.98882 0.307968 0 0 0   -0.011 -0.02329  0.04412   0.0432493 -0.00840408   0.0359681  0.00201754 0.000956433 -0.00803566  0.0462313 -0.0310194  0.0305294 -0.139208 -0.163746  -9.80665 
             117.999 -1.80913  1.34744 -78.0903 0.626141  7.98983  0.31565 0 0 0   -0.011 -0.02329  0.04412 0.0442574 -0.022344 0.0439656  0.00202776  0.00100403 -0.00803992  0.0465708 -0.0307932  0.0301494 -0.139188 -0.163605  -9.80665 
             118.101  -1.7484  1.42618 -78.0984 0.629683  7.99316 0.315099 0 0 0   -0.011 -0.02329  0.04412 0.0307709 0.0191821 0.0293838  0.00199385 0.000977257  -0.0080299  0.0469716 -0.0306825  0.0306774 -0.139087 -0.163365  -9.80665 
               118.2 -1.78964  1.58332 -78.1056 0.624463  7.99693 0.308332 0 0 0   -0.011 -0.02329  0.04412 0.00751628  0.0135021 -0.0020217   0.0020153 0.000965627 -0.00802773   0.046972 -0.0298139  0.0318226 -0.139361 -0.162962  -9.80666 
             118.304 -1.76593  1.43657 -78.0869 0.617156  7.99704 0.310338 0 0 0   -0.011 -0.02329  0.04412 -0.0214257  0.0197567  0.0021118  0.00201309 0.000978912 -0.00803197  0.0468471 -0.0290772  0.0316691 -0.139659 -0.162804  -9.80665 
             118.408 -1.79366  1.58642 -78.1312 0.612241  7.99439 0.313282 0 0 0   -0.011 -0.02329  0.04412 -0.0303727 0.00594329 0.00735692  0.00202109 0.000969975 -0.00801287   0.046386 -0.0288583   0.031396 -0.139886 -0.162933  -9.80665 
             118.501 -1.76332  1.46759 -78.0919 0.610598   7.9939 0.308825 0 0 0   -0.011 -0.02329  0.04412 -0.0269389 0.00171184 -0.0102293  0.00201188 0.000981018 -0.00802967  0.0462813 -0.0289416  0.0318791 -0.139878 -0.162934  -9.80665 
             118.601 -1.75059  1.56141 -78.0799 0.613224  7.99257 0.309396 0 0 0   -0.011 -0.02329  0.04412 -0.00968858 -0.00216061 -0.00608554  0.00201979 0.000959007 -0.00803144   0.046174 -0.0293877  0.0316761 -0.139763 -0.163129  -9.80665 
             118.699 -1.73422   1.5022 -78.0886 0.609638  7.99239 0.308675 0 0 0   -0.011 -0.02329  0.04412  -0.0194226 -0.00166529 -0.00835657  0.00201512 0.000966864 -0.00802512  0.0461775 -0.0291799  0.0316972 -0.139833 -0.163064  -9.80665 
               118.8 -1.72937  1.55275  -78.051  0.60996  7.99395 0.309999 0 0 0   -0.011 -0.02329  0.04412 -0.0103973 0.00302175 -0.0026137   0.0020217 0.000956953 -0.00804238  0.0463169 -0.0293615   0.031476 -0.139733 -0.163096  -9.80665 
             118.903 -1.68255  1.44226 -78.0636 0.610706  7.99384 0.305382 0 0 0   -0.011 -0.02329  0.04412 0.00316977 0.00695926 -0.0215888  0.00201675 0.000969513  -0.0080356   0.046243 -0.0294671   0.031842 -0.139711 -0.163107  -9.80665 
             118.998 -1.57726   1.4925 -78.0033 0.616069  7.99653 0.307019 0 0 0   -0.011 -0.02329  0.04412 -0.00813048   0.0239967   0.0046832  0.00202797 0.000948431 -0.00804267  0.0463708 -0.0299201  0.0314632 -0.139527 -0.163241  -9.80665 
             119.106 -1.90032   1.2213 -77.7108 0.615346  7.99464 0.304435 0 0 0   -0.011 -0.02329  0.04412  0.00773556  -0.0126356 -0.00912403  0.00205078 0.000962814 -0.00804773  0.0461582 -0.0298525  0.0316431  -0.13961 -0.163273  -9.80665 
             119.199 -1.92126   1.2122 -77.6857 0.618161  7.99822 0.305479 0 0 0   -0.011 -0.02329  0.04412   0.0100872   0.0262641 -0.00378464  0.00202461 0.000939871 -0.00804438  0.0464722 -0.0300091  0.0314525 -0.139467 -0.163233  -9.80665 
               119.3 -1.92828  1.21174 -77.6913 0.615347  7.99819 0.301525 0 0 0   -0.011 -0.02329  0.04412 -0.00198768 0.000436635    -0.01719  0.00201989  0.00094985 -0.00802674  0.0462856 -0.0296873  0.0318039 -0.139624 -0.163165  -9.80665 
               119.4 -1.91661  1.21266 -77.6644 0.613451  8.00169 0.303975 0 0 0   -0.011 -0.02329  0.04412 -0.00952033   0.0236942 -0.00632124  0.00200575 0.000935201 -0.00804102  0.0465576 -0.0295582  0.0314066 -0.139596 -0.163082  -9.80665 
             119.507 -1.95604   1.1751 -77.6819 0.614586  8.00027 0.305487 0 0 0   -0.011 -0.02329  0.04412 0.000106137  0.00681661 -0.00174505  0.00202386 0.000954857 -0.00802656  0.0462857 -0.0297654  0.0311644 -0.139609  -0.16326  -9.80665 
               119.6  -1.9337  1.22829 -77.6714 0.615815  7.99911 0.304597 0 0 0   -0.011 -0.02329  0.04412  0.00420016  0.00523251 -0.00565793  0.00201078 0.000951496 -0.00803011  0.0460298 -0.0298958  0.0312137 -0.139638 -0.163378  -9.80665 
             119.701 -1.96247  1.19018 -77.6754 0.618339  7.99769 0.306943 0 0 0   -0.011 -0.02329  0.04412  0.0119242 0.00130593 0.00191493  0.00202507 0.000946048 -0.00802524  0.0459104 -0.0301079  0.0308898 -0.139607 -0.163514  -9.80664 
             119.799 -1.96299  1.21471  -77.672 0.614741  7.99709 0.302516 0 0 0   -0.011 -0.02329  0.04412 -0.00267517 -0.00364457  -0.0148188  0.00201459 0.000947803 -0.00802116  0.0457557 -0.0296808  0.0313913 -0.139786 -0.163392  -9.80664 
             119.901 -1.94623  1.19039  -77.655 0.613605  7.99826 0.301928 0 0 0   -0.011 -0.02329  0.04412 -0.00593396  0.00944134  -0.0138257  0.00200118 0.000949056 -0.00803046  0.0458842 -0.0296122  0.0313006 -0.139774  -0.16334  -9.80664 
             119.997 -1.97184  1.20501 -77.6403 0.613658  7.99558 0.304073 0 0 0   -0.011 -0.02329  0.04412 -0.00304372 -0.00402743 -0.00506014  0.00201065 0.000951985 -0.00803411  0.0456004 -0.0297127  0.0309209 -0.139827 -0.163507  -9.80664 
             120.099 -1.97782   1.2139  -77.646 0.614988  7.99731 0.305238 0 0 0   -0.011 -0.02329  0.04412 0.000224317  0.00851675 -0.00123338  0.00200928 0.000938325 -0.00802965  0.0458225 -0.0298679  0.0307122 -0.139716 -0.163498  -9.80664 
             120.195 -1.95677  1.20551 -77.6462 0.615461  7.99637 0.306695 0 0 0   -0.011 -0.02329  0.04412 0.000804272   0.0014541   0.0017134  0.00199063 0.000951538 -0.00802713  0.0456832 -0.0299248  0.0305287 -0.139739 -0.163581  -9.80664 
             120.298 -1.98026  1.20039 -77.6571  0.61641  7.99623 0.305185 0 0 0   -0.011 -0.02329  0.04412  0.00259622  0.00411958 -0.00500958  0.00200028 0.000957446 -0.00801552  0.0456059 -0.0299956  0.0306871 -0.139735 -0.163607  -9.80664 
             120.404 -1.96092  1.20233  -77.635  0.61766  7.99713 0.307326 0 0 0   -0.011 -0.02329  0.04412  0.0063972 0.00655538 0.00129367  0.00198291 0.000951987 -0.00802863  0.0456947 -0.0300955  0.0303791 -0.139681 -0.163639  -9.80664 
             120.504 -1.98342  1.21434 -77.6495  0.61588  7.99644 0.307204 0 0 0   -0.011 -0.02329  0.04412  0.00196631 0.000935316 -0.00183273  0.00199162 0.000951374 -0.00801907  0.0455368 -0.0298611  0.0304245 -0.139802 -0.163625  -9.80664 
             120.606 -2.00978  1.20615 -77.6324 0.615496  7.99569 0.308883 0 0 0   -0.011 -0.02329  0.04412  0.0010847 0.00113639 0.00234044  0.00199923  0.00095295 -0.00802612  0.0454662 -0.0298217  0.0302307 -0.139838 -0.163659  -9.80664 
               120.7 -1.99293  1.23206 -77.6254 0.617172  7.99817 0.308154 0 0 0   -0.011 -0.02329  0.04412   0.0059871  0.00831669 -0.00177234  0.00199026 0.000951417 -0.00802826  0.0456541 -0.0299462     0.0303 -0.139744 -0.163622  -9.80664 
             120.802 -2.02147  1.21982  -77.662 0.617136  7.99334 0.309903 0 0 0   -0.011 -0.02329  0.04412 0.00523018  -0.005192 0.00130965  0.00199904 0.000947533 -0.00800516  0.0452016 -0.0299297  0.0301238 -0.139876 -0.163787  -9.80663 
             120.901 -2.01786  1.21614 -77.6354 0.615881  7.99269 0.309857 0 0 0   -0.011 -0.02329  0.04412 9.89696e-05 -0.00381096  -0.0011206  0.00199127 0.000954364 -0.00801917  0.0451837 -0.0297957   0.030149 -0.139924 -0.163755  -9.80663 
                 121 -1.98287  1.21031 -77.6394  0.61834  7.99167 0.307772 0 0 0   -0.011 -0.02329  0.04412  0.00620389 -0.00349707 -0.00826111  0.00196902  0.00096052 -0.00801624 0.0451058 -0.030004 0.0303001 -0.139876 -0.163818  -9.80663 
             121.101 -2.01245  1.24214 -77.6302 0.612398  7.99751 0.307943 0 0 0   -0.011 -0.02329  0.04412  -0.0140316   0.0173823 -0.00703774  0.00198234 0.000941251 -0.00802152  0.0456749 -0.0293982  0.0302613 -0.139919 -0.163479  -9.80664 
             121.201 -2.01002  1.20914  -77.642  0.61115  7.99642 0.308136 0 0 0   -0.011 -0.02329  0.04412  -0.0143521   0.0118568 -0.00624187  0.00197909 0.000963582 -0.00801265  0.0454035 -0.0294283  0.0301637 -0.139984 -0.163587  -9.80664 
             121.302 -1.97575  1.24498 -77.6214 0.614121  7.99839 0.306202 0 0 0   -0.011 -0.02329  0.04412 -0.00206289   0.0146701  -0.0108796  0.00196027 0.000947211 -0.00802169  0.0454717 -0.0298256  0.0302369 -0.139836 -0.163658  -9.80664 
               121.4  -2.0053  1.21478 -77.6356 0.613659  7.99588 0.306071 0 0 0   -0.011 -0.02329  0.04412 -0.00269894  0.00287078  -0.0102328  0.00197393 0.000960221 -0.00801011 0.0451025 -0.029818 0.0301366 -0.139938 -0.163788  -9.80663 
             121.501 -1.98803  1.21417 -77.6284 0.617048  7.99637 0.307751 0 0 0   -0.011 -0.02329  0.04412  0.00908684  0.00613103 -0.00316556  0.00196435  0.00096143 -0.00801262  0.0451376 -0.0301521  0.0298185 -0.139826 -0.163896  -9.80663 
               121.6 -1.99749  1.21916 -77.6289  0.62038  7.99801 0.307893 0 0 0   -0.011 -0.02329  0.04412   0.0175013   0.0107314 -0.00327709  0.00197095 0.000949849 -0.00801146  0.0452458 -0.0303723  0.0297335 -0.139727 -0.163926  -9.80663 
             121.701 -1.99101   1.1901 -77.6382 0.618341  7.99789 0.309401 0 0 0   -0.011 -0.02329  0.04412   0.00639958    0.0100604 -0.000417118  0.00196481  0.00096872 -0.00800383  0.0451271 -0.0300454  0.0295784 -0.139866 -0.163899  -9.80663 
             121.802 -1.99623  1.21738 -77.6149 0.617059  8.00025 0.307139 0 0 0   -0.011 -0.02329  0.04412 -0.000843976    0.0164419   -0.0087638  0.00196495 0.000947931 -0.00801798  0.0452279 -0.0298585   0.029822 -0.139896 -0.163793  -9.80663 
             121.906 -2.00988   1.2476 -77.6248 0.614315  7.99859 0.303291 0 0 0   -0.011 -0.02329  0.04412 -0.0103071 0.00648324 -0.0198143    0.001969 0.000937889 -0.00801123 0.0448591 -0.029605 0.0301646 -0.140069 -0.163812  -9.80663 
             122.006 -1.99882  1.20604  -77.611 0.616832  7.99759 0.306041 0 0 0   -0.011 -0.02329  0.04412 0.000549906  0.00423823 -0.00706537  0.00196168 0.000959317 -0.00801679  0.0447628 -0.0299616  0.0296258 -0.139987  -0.16399  -9.80663 
             122.101 -2.00408  1.22847 -77.6163 0.617749  7.99537 0.306487 0 0 0   -0.011 -0.02329  0.04412  0.00313942 -0.00391557 -0.00569376  0.00196227 0.000945285 -0.00801248  0.0445387 -0.0300492   0.029491  -0.14002 -0.164098  -9.80663 
             122.203  -1.9811  1.20383 -77.6261 0.620626  7.99324 0.307551 0 0 0   -0.011 -0.02329  0.04412   0.0110006 -0.00878833 -0.00222376  0.00194808 0.000958367 -0.00800513  0.0443943 -0.0302818  0.0292966 -0.139986 -0.164222  -9.80663 
             122.303 -1.99485  1.21497 -77.6443  0.62007  7.99308 0.307711 0 0 0   -0.011 -0.02329  0.04412  0.00640369  -0.0061097 -0.00277609  0.00195265 0.000955812 -0.00799552  0.0444516 -0.0301366  0.0292673 -0.140017 -0.164171  -9.80663 
             122.399 -1.99338  1.20657 -77.6168 0.619172  7.99123 0.309207 0 0 0   -0.011 -0.02329  0.04412  0.00224474 -0.00660036 0.000356878  0.00194911 0.000959702 -0.00801292  0.0443323 -0.0300202  0.0291025 -0.140087 -0.164199  -9.80663 
               122.5 -1.98351   1.2064 -77.6089 0.620302  7.99391 0.306685 0 0 0   -0.011 -0.02329  0.04412  0.00607479  0.00462925 -0.00873004  0.00194109 0.000961081 -0.00801621 0.0446133 -0.030069 0.0293255 -0.139997 -0.164097  -9.80663 
             122.599  -1.9943  1.21297 -77.6254  0.61821   7.9947 0.304696 0 0 0   -0.011 -0.02329  0.04412 -0.00205578  0.00852004  -0.0140365  0.00194465 0.000957035 -0.00800458  0.0446138 -0.0298241  0.0294569 -0.140072 -0.164024  -9.80663 
             122.701 -1.97075  1.21632  -77.613  0.61782  8.00056 0.303107 0 0 0   -0.011 -0.02329  0.04412 -0.00384518   0.0263554  -0.0156941  0.00192732 0.000947303 -0.00801179  0.0450856 -0.0298019   0.029461 -0.139959 -0.163869  -9.80663 
             122.801 -1.99208  1.22909 -77.6289 0.615807  7.99975 0.303657 0 0 0   -0.011 -0.02329  0.04412 -0.00880336   0.0171673  -0.0117295   0.0019394 0.000942464 -0.00800148  0.0447858 -0.0296774  0.0292552 -0.140076 -0.163955  -9.80663 
             122.901 -1.98325  1.23125 -77.6107 0.620162  8.00161   0.3059 0 0 0   -0.011 -0.02329  0.04412  0.00503088   0.0192418 -0.00230008  0.00192624 0.000944723 -0.00800995  0.0448573 -0.0301669  0.0288394  -0.13991 -0.164094  -9.80663 
             122.999 -2.01345  1.22164 -77.6348 0.617483  7.99788 0.308565 0 0 0   -0.011 -0.02329  0.04412 -0.00440204  0.00263524    0.003454  0.00194159 0.000954986 -0.00799485   0.044355 -0.0299057  0.0285761 -0.140121 -0.164216  -9.80662 
             123.101 -1.97748  1.22596 -77.5967 0.617359  7.99848 0.307948 0 0 0   -0.011 -0.02329  0.04412  -0.00391589   0.00349533 -0.000663395  0.00191375 0.000954186 -0.00801758  0.0443722 -0.0299284  0.0286603 -0.140108 -0.164208  -9.80662 
             123.208 -2.00892  1.21825 -77.6215 0.619393  7.99552 0.307127 0 0 0   -0.011 -0.02329  0.04412  0.00343491 -0.00758694 -0.00458518  0.00192749 0.000958837 -0.00800218   0.044048 -0.0301501  0.0286996  -0.14012 -0.164358  -9.80662 
             123.303 -2.00137  1.21237 -77.5899 0.619428  7.99399 0.303799 0 0 0   -0.011 -0.02329  0.04412 0.00100201 -0.0120372 -0.0140494  0.00192154 0.000963634 -0.00801716  0.0439487 -0.0301111  0.0289643 -0.140154 -0.164352  -9.80662 
             123.414 -1.99373   1.2397 -77.6097 0.618794  7.99633 0.305646 0 0 0   -0.011 -0.02329  0.04412 -4.5976e-05 0.000278165 -0.00558227  0.00191726 0.000957379 -0.00801043  0.0442808 -0.0300503  0.0286618 -0.140094 -0.164266  -9.80662 
             123.501 -1.98369  1.22807 -77.6188 0.619719  7.99869 0.306815 0 0 0   -0.011 -0.02329  0.04412  0.00335637  0.00949821 -0.00140463  0.00191285 0.000972921 -0.00800354  0.0444754 -0.0301327  0.0284906 -0.140023 -0.164242  -9.80663 
             123.601 -1.98826  1.24037 -77.6104 0.616457  8.00153 0.306011 0 0 0   -0.011 -0.02329  0.04412  -0.0104797   0.0176376 -0.00567051  0.00190477  0.00097245 -0.00800821   0.044615 -0.0298621  0.0285698  -0.14007 -0.164128  -9.80663 
             123.701 -1.98158  1.22853 -77.6089 0.616656  7.99903 0.305507 0 0 0   -0.011 -0.02329  0.04412 -0.00747676  0.00539238 -0.00762698  0.00190242 0.000966542 -0.00800858  0.0442692 -0.0299757  0.0285492  -0.14012 -0.164263  -9.80662 
             123.801  -2.0144   1.2153 -77.6142 0.615517  7.99497 0.311225 0 0 0   -0.011 -0.02329  0.04412 -0.00788265 -0.00651505  0.00987228  0.00191348 0.000962037 -0.00800365  0.0439521 -0.0299814  0.0279668 -0.140201 -0.164421  -9.80662 
             123.904 -1.98764  1.23282 -77.6207 0.616037   7.9983   0.3155 0 0 0   -0.011 -0.02329  0.04412 -0.0043515 0.00603717  0.0189029  0.00189889 0.000954195 -0.00799614  0.0443448 -0.0300919  0.0276259 -0.140077 -0.164361  -9.80662 
             124.003 -2.00968  1.19669 -77.6243 0.617116  7.99801 0.309117 0 0 0   -0.011 -0.02329  0.04412 -0.00237238  0.00388325 -0.00668522  0.00191329 0.000975491 -0.00799191  0.0441546 -0.0301751   0.028399 -0.140089  -0.16436  -9.80662 
             124.103 -1.96782  1.20736 -77.6093 0.618626  7.99922 0.306343 0 0 0   -0.011 -0.02329  0.04412 0.00214793 0.00525611 -0.0139235  0.00188331 0.000967841 -0.00799984  0.0442102 -0.0303188   0.028583 -0.140031 -0.164357  -9.80662 
             124.205 -1.99864  1.20289 -77.6054 0.619793  7.99769 0.303251 0 0 0   -0.011 -0.02329  0.04412   0.00483341 -0.000983792    -0.020887 0.00189945 0.00096997 -0.0080018  0.0439855 -0.0304016  0.0287378 -0.140058 -0.164429  -9.80662 
               124.3 -1.97336   1.2042 -77.6049 0.622983  7.99833 0.308357 0 0 0   -0.011 -0.02329  0.04412    0.0148475    0.0039679 -0.000611466   0.0018789 0.000968077 -0.00800232  0.0441345 -0.0306842  0.0279546 -0.139946 -0.164526  -9.80662 
             124.399 -1.99955  1.19404 -77.6034 0.619448  7.99662 0.306117 0 0 0   -0.011 -0.02329  0.04412 -0.000528371  0.000198869  -0.00967033   0.0018946 0.000974641 -0.00800121 0.0438852  -0.03023 0.0282275 -0.140138 -0.164472  -9.80662 
             124.499 -1.98289  1.21257  -77.588 0.620502  7.99995 0.307242 0 0 0   -0.011 -0.02329  0.04412  0.00238045   0.0127018 -0.00430325  0.00188354 0.000959599 -0.00800993  0.0442338 -0.0303461  0.0279832 -0.140023 -0.164417  -9.80662 
             124.599  -2.0017    1.186 -77.6067  0.61764  7.99944 0.309053 0 0 0   -0.011 -0.02329  0.04412 -0.00772596  0.00962946 0.000281286  0.00189511 0.000973012 -0.00799681  0.0440832 -0.0300756   0.027776 -0.140141 -0.164422  -9.80662 
             124.699 -1.98823  1.20511 -77.6161 0.618065   8.0007 0.309644 0 0 0   -0.011 -0.02329  0.04412  -0.0056775   0.0115811 0.000478877  0.00188566 0.000957402 -0.00799136  0.0441287 -0.0301897  0.0276942 -0.140098 -0.164442  -9.80662 
               124.8  -1.9834  1.20216 -77.6059 0.618556  8.00064 0.309824 0 0 0   -0.011 -0.02329  0.04412  -0.00350169   0.00941335 -0.000810478  0.00188373 0.000961412 -0.00799769  0.0440094 -0.0302894  0.0276623 -0.140096 -0.164503  -9.80662 
               124.9 -1.99896  1.20401 -77.5983 0.617355  7.99747 0.309175 0 0 0   -0.011 -0.02329  0.04412 -0.00788157  -0.0013253 -0.00454506  0.00188965 0.000962117 -0.00800035  0.0436022 -0.0302133  0.0277208 -0.140213 -0.164602  -9.80662 
              125.01 -2.00492  1.20548 -77.5918 0.615642  7.99526 0.305356 0 0 0   -0.011 -0.02329  0.04412  -0.0119597 -0.00931729  -0.0164427   0.0018881 0.000959112  -0.0080028  0.0433637 -0.0301101  0.0280856 -0.140295 -0.164615  -9.80662 
             125.101  -2.0096  1.20497 -77.5987 0.613469  7.99398 0.305828 0 0 0   -0.011 -0.02329  0.04412 -0.0131002 -0.0100815 -0.0116849  0.00188611 0.000960682 -0.00799783  0.0433438 -0.0300286  0.0278784 -0.140325 -0.164623  -9.80661 
             125.199 -1.98831  1.22517 -77.5981 0.615125  7.99659 0.308671 0 0 0   -0.011 -0.02329  0.04412   -0.0031691   0.00319474 -0.000217526  0.00188169 0.000960085 -0.00799534  0.0436901 -0.0302995  0.0274468  -0.14017 -0.164622  -9.80662 
             125.301 -2.01572   1.1755 -77.6073 0.614937  7.99609 0.309311 0 0 0   -0.011 -0.02329  0.04412  -0.00172462   0.00189408 -0.000159133  0.00189538 0.000987716 -0.00798626  0.0436106 -0.0303196  0.0273735 -0.140183 -0.164657  -9.80662 
             125.401 -2.0125 1.17115  -77.61  0.62046  7.99462 0.311174 0 0 0   -0.011 -0.02329  0.04412   0.0163866 -0.00112569  0.00440541  0.00189645 0.000985292 -0.00798272  0.0434822 -0.0308433   0.027121 -0.140062 -0.164832  -9.80661 
             125.501 -1.98053  1.23504 -77.5867 0.621037  8.00046 0.310932 0 0 0   -0.011 -0.02329  0.04412   0.011704  0.0191157 0.00186958  0.00187604 0.000953705 -0.00799498  0.0440283 -0.0307524  0.0271792 -0.139964 -0.164646  -9.80662 
             125.601 -1.99262  1.20591  -77.597 0.619091  8.00194 0.309013 0 0 0   -0.011 -0.02329  0.04412 0.000980535   0.0199142 -0.00670525  0.00188701 0.000967381 -0.00798793   0.043966 -0.0304667  0.0274083 -0.140059 -0.164581  -9.80662 
             125.699 -1.99638  1.22301 -77.5861 0.619088  7.99927 0.307316 0 0 0   -0.011 -0.02329  0.04412 -0.000729292     0.005166   -0.0117353   0.0018909 0.000980487 -0.00799248  0.0435512 -0.0304581  0.0275012 -0.140154 -0.164692  -9.80662 
             125.799 -1.96442  1.22038 -77.6107 0.620701  7.99989 0.303468 0 0 0   -0.011 -0.02329  0.04412 0.00261064 0.00591093 -0.0206133  0.00186258 0.000984037 -0.00797663  0.0435262 -0.0305905  0.0277262  -0.14012 -0.164706  -9.80662 
             125.901 -1.97106  1.23576 -77.5902 0.622207  8.00163 0.304832 0 0 0   -0.011 -0.02329  0.04412 0.00950469 0.00749106 -0.0114042  0.00186081 0.000974288 -0.00798856  0.0436674 -0.0306948  0.0273789 -0.140061  -0.16472  -9.80662 
                 126 -2.00325  1.22479  -77.575 0.618751  8.00108 0.305861 0 0 0   -0.011 -0.02329  0.04412  -0.0048384  0.00516884 -0.00717725  0.00187389 0.000978335 -0.00799319   0.043562 -0.0303297  0.0272116 -0.140191 -0.164689  -9.80662 
             126.102 -1.99301  1.19478 -77.5996 0.617127  7.99823 0.309767 0 0 0   -0.011 -0.02329  0.04412 -0.00738088 -0.00400575  0.00491702  0.00186584 0.000984099 -0.00797888  0.0433184 -0.0302594  0.0267966 -0.140268 -0.164785  -9.80661 
             126.201 -1.99744  1.21265  -77.588 0.618221  7.99726 0.310624 0 0 0   -0.011 -0.02329  0.04412 -0.00159422 -0.00581676  0.00482412  0.00187067 0.000968555 -0.00798341  0.0432688 -0.0304075  0.0267427 -0.140237 -0.164835  -9.80661 
               126.3 -2.00856  1.19898  -77.579  0.62184  7.99792 0.312794 0 0 0   -0.011 -0.02329  0.04412   0.0106058 0.000198288  0.00811788  0.00188091 0.000975744 -0.00798566 0.0433808 -0.030721 0.0265465 -0.140125 -0.164886  -9.80661 
               126.4 -1.98396  1.20558 -77.5739 0.624506  7.99707  0.30785 0 0 0   -0.011 -0.02329  0.04412    0.0137339 -0.000442124   -0.0106392  0.00186883 0.000973558 -0.00798551  0.0432376 -0.0308402  0.0270546 -0.140118 -0.164905  -9.80661 
             126.509 -2.00081  1.18285 -77.5983 0.619197  7.99565 0.307197 0 0 0   -0.011 -0.02329  0.04412  -0.00582494 -0.000888547   -0.0122296  0.00187486 0.000987191 -0.00797277  0.0431047 -0.0302855  0.0270832 -0.140304 -0.164826  -9.80661 
             126.601  -1.9885  1.20699 -77.5843 0.619137   7.9973 0.309179 0 0 0   -0.011 -0.02329  0.04412 -0.00557529  0.00674352 -0.00425555  0.00186712 0.000975904 -0.00798105   0.043291 -0.0303427  0.0267674  -0.14025 -0.164813  -9.80661 
             126.702 -2.00736  1.20893 -77.5783 0.616155  7.99981 0.306571 0 0 0   -0.011 -0.02329  0.04412 -0.0144375   0.011269 -0.0129102  0.00187547 0.000978487 -0.00798052 0.0434319 -0.030131 0.0269855 -0.140277  -0.16471  -9.80661 
             126.803 -2.01178  1.21595 -77.5792 0.615924  7.99969 0.309613 0 0 0   -0.011 -0.02329  0.04412  -0.00920227   0.00778486 -0.000775908  0.00187813 0.000974017  -0.0079783  0.0433686 -0.0302389  0.0265597 -0.140264 -0.164789  -9.80661 
             126.901 -1.99962  1.20132 -77.5752 0.617175  8.00009 0.311556 0 0 0   -0.011 -0.02329  0.04412 -0.00172489   0.0108479  0.00459855   0.0018749 0.000979336 -0.00797911  0.0433348 -0.0304026  0.0263622 -0.140227  -0.16485  -9.80661 
             126.999 -2.00595  1.21009 -77.5704 0.618375  8.00071 0.308392 0 0 0   -0.011 -0.02329  0.04412  0.00262844  0.00997769 -0.00852221  0.00187953 0.000973139 -0.00798053  0.0432602 -0.0304915  0.0266424 -0.140216 -0.164863  -9.80661 
             127.101 -1.97539   1.2324 -77.5729 0.620244  8.00292  0.31124 0 0 0   -0.011 -0.02329  0.04412  0.0092766  0.0162279 0.00246028  0.00185704 0.000961114  -0.0079812   0.043364 -0.0306108  0.0263426 -0.140163 -0.164885  -9.80661 
             127.208 -2.00275  1.20142 -77.5741 0.617551   8.0002 0.310163 0 0 0   -0.011 -0.02329  0.04412 -0.000120663    0.0033099  -0.00381667  0.00187516 0.000984204 -0.00797693   0.043023 -0.0303381  0.0264804 -0.140308 -0.164914  -9.80661 
               127.3 -1.99476  1.21871 -77.5769 0.617147  8.00239 0.312626 0 0 0   -0.011 -0.02329  0.04412 -0.00169429   0.0111998  0.00303484  0.00186745 0.000967888 -0.00797343  0.0431992 -0.0303301  0.0262246 -0.140276 -0.164886  -9.80661 
             127.402 -2.02837  1.19999 -77.5767 0.615734  7.99719  0.31418 0 0 0   -0.011 -0.02329  0.04412 -0.0034504  -0.006194 0.00448684  0.00189074 0.000980977 -0.00797276  0.0426431 -0.0302265  0.0261375  -0.14042 -0.165029  -9.80661 
             127.499 -1.99261  1.21083 -77.5672 0.616907  8.00015 0.312012 0 0 0   -0.011 -0.02329  0.04412  0.00141296  0.00609366 -0.00366135  0.00187058 0.000969189 -0.00797775  0.0429498 -0.0303439  0.0263587 -0.140323 -0.164947  -9.80661 
             127.597 -1.97849  1.20607 -77.5601 0.621678  7.99758 0.303794 0 0 0   -0.011 -0.02329  0.04412   0.0136734 -0.00466504  -0.0279086  0.00185969 0.000970641 -0.00798104  0.0425523 -0.0307279  0.0270922 -0.140295 -0.165066  -9.80661 
             127.701 -1.99306  1.23591 -77.5627 0.618996  8.00076 0.304401 0 0 0   -0.011 -0.02329  0.04412 0.00132614  0.0096627 -0.0202582  0.00186448 0.000961224 -0.00797967  0.0429357 -0.0303627  0.0267718 -0.140318 -0.164918  -9.80661 
             127.803 -1.98656  1.24856 -77.5623 0.619464  8.00282 0.306101 0 0 0   -0.011 -0.02329  0.04412 0.00198775  0.0132406 -0.0104317  0.00185738 0.000960748 -0.00797956  0.0430822 -0.0304109  0.0263796 -0.140278 -0.164922  -9.80661 
             127.901 -1.98041  1.23294 -77.5735 0.621923  8.00273 0.304062 0 0 0   -0.011 -0.02329  0.04412 0.00928845 0.00576027 -0.0143436  0.00185517 0.000966564 -0.00797337  0.0429419 -0.0306135  0.0264504 -0.140251 -0.164993  -9.80661 
             127.998 -1.96211  1.23785 -77.5489 0.621919  8.00027 0.306494 0 0 0   -0.011 -0.02329  0.04412  0.00687747 -0.00286263 -0.00441149  0.00184511   0.0009646 -0.00798408  0.0426997 -0.0305475  0.0260756 -0.14032 -0.16508 -9.80661 
             128.101 -2.01231  1.21078 -77.5884 0.618207  7.99692  0.30401 0 0 0   -0.011 -0.02329  0.04412 -0.00696426  -0.0115233  -0.0128922  0.00186724 0.000979342 -0.00795706  0.0424117 -0.0301739   0.026298 -0.140477 -0.165068   -9.8066 
               128.2 -2.00079   1.2287 -77.5648  0.61721  7.99881 0.305207 0 0 0   -0.011 -0.02329  0.04412 -0.00836552 1.67818e-06 -0.00653819  0.00185745 0.000972449 -0.00796991 0.0426938 -0.030173 0.0260592 -0.140423 -0.165012  -9.80661 
             128.301 -1.99286  1.22586  -77.576 0.616435  7.99867 0.305602 0 0 0   -0.011 -0.02329  0.04412  -0.0089161  0.00208277 -0.00460844  0.00184969 0.000977467 -0.00796298  0.0426877 -0.0301889  0.0259562  -0.14042 -0.165025  -9.80661 
             128.399 -1.97213  1.20659 -77.5688 0.619805  8.00057 0.307924 0 0 0   -0.011 -0.02329  0.04412  0.0032962  0.0096346 0.00328127  0.00183473 0.000985391 -0.00796434   0.042855 -0.0305624   0.025646 -0.140289 -0.165078  -9.80661 
             128.501 -2.01555  1.21085 -77.5614 0.618582  7.99842 0.310885 0 0 0   -0.011 -0.02329  0.04412 -0.00155381  0.00159461  0.00946512  0.00186077 0.000986517 -0.00796683  0.0426068 -0.0304321  0.0254042 -0.140374 -0.165141  -9.80661 
             128.599 -1.99735  1.21615 -77.5621 0.619243  7.99945 0.308927 0 0 0   -0.011 -0.02329  0.04412   0.00127288   0.00300842 -0.000186788  0.00184563 0.000983648 -0.00796546  0.0426575 -0.0304885  0.0256713 -0.140347 -0.165115  -9.80661 
             128.695 -1.99843    1.218 -77.5667  0.61837  8.00011 0.311028 0 0 0   -0.011 -0.02329  0.04412 -0.00140666  0.00638339  0.00448072  0.00184451 0.000982706 -0.00796344  0.0426879 -0.0304125  0.0254657 -0.140363 -0.165111  -9.80661 
               128.8 -2.00333  1.19967 -77.5571 0.617406  7.99661 0.309761 0 0 0   -0.011 -0.02329  0.04412 -0.00369061 -0.00575194 -0.00311757  0.00184608 0.000991384 -0.00796785  0.0423016 -0.0303315  0.0256301 -0.140459 -0.165185   -9.8066 
               128.9 -2.00228  1.25223 -77.5476 0.619521  8.00149 0.308636 0 0 0   -0.011 -0.02329  0.04412  0.00526577   0.0124291 -0.00634643  0.00184545 0.000962653  -0.0079742  0.0427383 -0.0305317  0.0256754 -0.140321 -0.165101  -9.80661 
             129.007 -1.96991  1.21871 -77.5567  0.62333  7.99997 0.306055 0 0 0   -0.011 -0.02329  0.04412  0.0132424 0.00191465  -0.013226  0.00182615 0.000981361 -0.00796758  0.0424888 -0.0307987  0.0258134 -0.140298 -0.165205  -9.80661 
             129.101 -1.98249  1.23221 -77.5543 0.620429  8.00028 0.303851 0 0 0   -0.011 -0.02329  0.04412 -0.000313022   0.00523262   -0.0185268  0.00183174 0.000980937 -0.00796815  0.0424865 -0.0304595  0.0259298 -0.140387 -0.165134  -9.80661 
             129.199  -1.9756  1.26125 -77.5702 0.621621  8.00209 0.306999 0 0 0   -0.011 -0.02329  0.04412  0.00433385    0.010204 -0.00421612  0.00182364 0.000962552 -0.00795893  0.0426431 -0.0305824  0.0254466 -0.140327 -0.165156  -9.80661 
               129.3 -1.96832  1.22514 -77.5659 0.618149  7.99888 0.305378 0 0 0   -0.011 -0.02329  0.04412   -0.0105693 -0.000858138   -0.0095823   0.0018221 0.000987328 -0.00795751  0.0422692 -0.0302548  0.0255994 -0.140483 -0.165182   -9.8066 
             129.395 -1.97454  1.25617 -77.5474 0.617132  7.99873 0.308817 0 0 0   -0.011 -0.02329  0.04412   -0.010585 0.000636065  0.00252123  0.00182427 0.000974217 -0.00796703  0.0423124 -0.0302752  0.0251549 -0.140472 -0.165212   -9.8066 
               129.5 -1.97723  1.23352 -77.5312 0.617037  7.99961 0.306298 0 0 0   -0.011 -0.02329  0.04412 -0.00884875  0.00304919 -0.00703139   0.0018241 0.000986958 -0.00797507  0.0423609 -0.0303444  0.0254122 -0.140444  -0.16519   -9.8066 
               129.6 -1.95887   1.2339 -77.5684 0.618713  7.99987 0.310121 0 0 0   -0.011 -0.02329  0.04412 0.000693613  0.00223921  0.00636445  0.00181475 0.000988897  -0.0079541   0.042391 -0.0305793  0.0249245  -0.14038 -0.165265   -9.8066 
             129.698 -1.97741  1.21469 -77.5524 0.620468  7.99727 0.309381 0 0 0   -0.011 -0.02329  0.04412  0.00745917 -0.00705721 0.000820379  0.00182455 0.000994819 -0.00796221  0.042101 -0.030718  0.025043 -0.140398 -0.165356   -9.8066 
             129.795 -1.97741  1.24512 -77.5407 0.621397  7.99702 0.305457 0 0 0   -0.011 -0.02329  0.04412  0.00725362 -0.00583284  -0.0125799  0.00182196 0.000977178 -0.00796858  0.0420986 -0.0307272  0.0254303 -0.140394 -0.165326   -9.8066 
             129.901 -1.97385  1.21999 -77.5487 0.619685  7.99905 0.306616 0 0 0   -0.011 -0.02329  0.04412 -0.000136189   0.00348815  -0.00674364  0.00181565 0.000993785 -0.00796192  0.0423525 -0.0305402  0.0252001 -0.140396 -0.165246   -9.8066 
             130.006 -1.97799  1.23641 -77.5456 0.618885  8.00015 0.304718 0 0 0   -0.011 -0.02329  0.04412 -0.00266417  0.00810805  -0.0121093  0.00181719 0.000985654 -0.00796235  0.0424013 -0.0304827  0.0253208 -0.140401 -0.165213   -9.8066 
             130.099  -1.9888  1.23264 -77.5427 0.617044  8.00232 0.307716 0 0 0   -0.011 -0.02329  0.04412  -0.00631885    0.0167965 -0.000748965   0.0018212 0.000985294 -0.00796337  0.0425524 -0.0303742  0.0249314 -0.140402 -0.165187   -9.8066 
             130.203 -1.98865  1.20289 -77.5413  0.61461  8.00024 0.310364 0 0 0   -0.011 -0.02329  0.04412 -0.0119738 0.00698129 0.00581487  0.00182235  0.00099919 -0.00796276  0.0422597 -0.0302321  0.0246901 -0.140493 -0.165258   -9.8066 
             130.301 -1.96066  1.24124 -77.5495 0.619849  8.00114 0.307738 0 0 0   -0.011 -0.02329  0.04412  0.00703302  0.00804446 -0.00420688  0.00180402 0.000978808 -0.00795668 0.0422391 -0.030734 0.0249187 -0.140369 -0.165331   -9.8066 
             130.401 -2.00404  1.21412 -77.5598 0.618193  7.99938 0.307979 0 0 0   -0.011 -0.02329  0.04412 -0.000291179   0.00223803  -0.00421221   0.0018255  0.00099452 -0.00794898  0.0420408 -0.0305348  0.0248709 -0.140456 -0.165352   -9.8066 
             130.505 -1.98311  1.23421 -77.5313 0.617923  7.99845 0.309661 0 0 0   -0.011 -0.02329  0.04412 -0.000858551  -0.00139913  0.000810184  0.00181164 0.000984181 -0.00796353  0.0419676 -0.0305192  0.0246715 -0.140474 -0.165384   -9.8066 
             130.609 -1.98916   1.2095 -77.5544 0.616187  7.99926 0.306028 0 0 0   -0.011 -0.02329  0.04412 -0.00572006   0.0017084  -0.0119284  0.00181287 0.000998953  -0.0079499    0.04201 -0.0303567  0.0250473 -0.140505 -0.165315   -9.8066 
             130.697 -1.97402  1.22015 -77.5382 0.616859   7.9988 0.305623 0 0 0   -0.011 -0.02329  0.04412 -0.00121497 -0.00032652  -0.0107489  0.00180551  0.00099011 -0.00795834  0.0419474 -0.0304735  0.0249456 -0.140488 -0.165359   -9.8066 
             130.799 -1.94916  1.20877  -77.531 0.620523  7.99836 0.304541 0 0 0   -0.011 -0.02329  0.04412   0.0114541 0.000417677   -0.012105  0.00179394 0.000997554 -0.00796158  0.0418736 -0.0308081  0.0248961 -0.140417 -0.165438   -9.8066 
             130.901 -1.98531  1.22656  -77.533 0.615133  7.99847 0.302823 0 0 0   -0.011 -0.02329  0.04412 -0.00727436  0.00213841  -0.0161689   0.0018152  0.00098746 -0.00795977  0.0418894 -0.0302297  0.0250031 -0.140558 -0.165328   -9.8066 
             131.002 -1.94612    1.234 -77.5424 0.618026  7.99976  0.30463 0 0 0   -0.011 -0.02329  0.04412  0.00404786  0.00667957 -0.00625634  0.00178439 0.000983832 -0.00795347  0.0420025 -0.0305685  0.0246295 -0.140456 -0.165386   -9.8066 
             131.101 -1.96526  1.20405 -77.5425 0.616455  7.99692 0.307194 0 0 0   -0.011 -0.02329  0.04412  -0.0036641 -0.00238041   0.0021274  0.00179705  0.00100571 -0.00795101  0.0417212 -0.0304046   0.024331 -0.140547 -0.165453   -9.8066 
             131.204 -1.94932  1.21396 -77.5507 0.615702  7.99914  0.30866 0 0 0   -0.011 -0.02329  0.04412 -0.00533203  0.00785438   0.0049317  0.00178692 0.000998195 -0.00794588   0.041945 -0.0303862  0.0242051 -0.140513 -0.165404   -9.8066 
             131.301 -1.97814  1.21517 -77.5513 0.614145  7.99947 0.306514 0 0 0   -0.011 -0.02329  0.04412 -0.00964783  0.00567051 -0.00434766  0.00180416 0.000997158  -0.0079445 0.0418917 -0.030274 0.0244797 -0.140549 -0.165377   -9.8066 
             131.402 -1.95309  1.24093 -77.5183  0.61443   8.0008 0.309941 0 0 0   -0.011 -0.02329  0.04412 -0.00262659  0.00532873  0.00523946  0.00178822 0.000983481 -0.00796383  0.0419883 -0.0304232  0.0240679 -0.140497  -0.16541   -9.8066 
              131.51 -1.93909  1.25801 -77.5267 0.616323  8.00437 0.311209 0 0 0   -0.011 -0.02329  0.04412 0.00375512  0.0138381 0.00747078  0.00178386 0.000980052 -0.00796071   0.042273 -0.0306195  0.0239614  -0.1404 -0.16538  -9.8066 
             131.599 -1.96816  1.22084 -77.5523 0.616881  7.99936  0.31009 0 0 0   -0.011 -0.02329  0.04412   0.00596813  -0.00390571 -0.000398455  0.00179516 0.000984246  -0.0079472  0.0417626 -0.0306117  0.0241069 -0.140489 -0.165494   -9.8066 
               131.7 -1.94524  1.22442 -77.5141 0.621019  7.99939 0.312924 0 0 0   -0.011 -0.02329  0.04412  0.0195518 0.00122759 0.00814397  0.00179079 0.000981145 -0.00795812  0.0417885 -0.0308398  0.0238738  -0.14043 -0.165543   -9.8066 
             131.799 -1.95643  1.19823 -77.5318 0.623509  7.99597 0.306665 0 0 0   -0.011 -0.02329  0.04412   0.0213913 -0.00992183  -0.0161519  0.00179651 0.000993194 -0.00794939  0.0415236 -0.0308543  0.0243519  -0.14047 -0.165573   -9.8066 
             131.899 -1.97408  1.21989 -77.5313 0.619593  7.99609 0.304183 0 0 0   -0.011 -0.02329  0.04412  0.00207899 -0.00484426  -0.0209768  0.00179788 0.000984679 -0.00794936  0.0416009 -0.0304996   0.024442 -0.140542  -0.16549   -9.8066 
             132.001 -1.96941  1.25093 -77.5328 0.616781  8.00162 0.305093 0 0 0   -0.011 -0.02329  0.04412 -0.00820635   0.0163194  -0.0128109  0.00179134 0.000971694 -0.00794753  0.0420673 -0.0303254  0.0242281 -0.140506 -0.165365   -9.8066 
             132.097 -1.95006  1.22834 -77.5325  0.61753  7.99955 0.305813 0 0 0   -0.011 -0.02329  0.04412  -0.0042643  0.00599613 -0.00806667  0.00178014 0.000985066  -0.0079459  0.0417802 -0.0304506  0.0240447 -0.140525 -0.165469   -9.8066 
             132.199 -1.97142  1.24888 -77.5301 0.619188  8.00235 0.310784 0 0 0   -0.011 -0.02329  0.04412 0.00320312   0.013791 0.00801221  0.00179093 0.000973171 -0.00794525  0.0420381 -0.0306563  0.0234689 -0.140435 -0.165483   -9.8066 
             132.303 -1.98381  1.21408 -77.5474 0.620324  8.00118 0.311666 0 0 0   -0.011 -0.02329  0.04412 0.00736254 0.00527685 0.00720592  0.00179724 0.000995072 -0.00793291  0.0417909 -0.0307193  0.0234466 -0.140461 -0.165554   -9.8066 
             132.394 -1.95406  1.24014   -77.52 0.618931   8.0018 0.312357 0 0 0   -0.011 -0.02329  0.04412 -0.000314788   0.00617628   0.00537675  0.00177966  0.00098536 -0.00794883  0.0417948 -0.0305288  0.0234697 -0.140505 -0.165522   -9.8066 
               132.5 -1.98118  1.23101 -77.5171 0.619619  7.99748 0.314559 0 0 0   -0.011 -0.02329  0.04412 0.00334156 -0.0085565 0.00878522  0.00179745 0.000987042 -0.00794876 0.0413257 -0.030577   0.02329 -0.140572 -0.165655  -9.80659 
             132.607 -1.96633  1.21693 -77.5373 0.623872  7.99455  0.31137 0 0 0   -0.011 -0.02329  0.04412   0.0131619  -0.0147599 -0.00398114  0.00178718 0.000996068 -0.00793581  0.0410572 -0.0309232  0.0236686 -0.140533 -0.165745  -9.80659 
             132.704 -1.94707  1.21554 -77.5232  0.62232  7.99669 0.311418 0 0 0   -0.011 -0.02329  0.04412  0.00465382 -0.00226611 -0.00384445  0.00177782 0.000998575 -0.00794326    0.04141 -0.0306821  0.0236361 -0.140532 -0.165626  -9.80659 
               132.8 -1.96334  1.22693 -77.5346 0.622391  7.99676 0.309063 0 0 0   -0.011 -0.02329  0.04412   0.00255497 -0.000199537   -0.0111265  0.00178474 0.000991061 -0.00793477  0.0414157 -0.0306498  0.0238308 -0.140538 -0.165605  -9.80659 
               132.9  -1.9381  1.23614 -77.5203 0.620797  8.00108 0.311272 0 0 0   -0.011 -0.02329  0.04412 -0.00345708   0.0144478 -0.00219946  0.00176509 0.000988023  -0.0079424  0.0418602 -0.0305188  0.0235008 -0.140498 -0.165504   -9.8066 
             133.001 -1.95518  1.21589 -77.5187 0.619726  8.00066 0.310813 0 0 0   -0.011 -0.02329  0.04412 -0.00584128  0.00978874 -0.00419656  0.00177401 0.000999048 -0.00794178  0.0416939 -0.0304394  0.0235306 -0.140543 -0.165529   -9.8066 
               133.1 -1.93881  1.23981 -77.5142 0.621066  8.00146 0.308796 0 0 0   -0.011 -0.02329  0.04412 -0.00102591  0.00877904  -0.0100914   0.0017635 0.000990385 -0.00794494  0.0416598 -0.0306024  0.0236629  -0.14051 -0.165552   -9.8066 
             133.201 -1.95845  1.21545 -77.5186 0.622522  7.99823 0.309637 0 0 0   -0.011 -0.02329  0.04412  0.00358255 -0.00261785 -0.00583275  0.00177139  0.00100711 -0.00794154  0.0412821 -0.0307237   0.023463 -0.140544 -0.165674  -9.80659 
             133.308 -1.94281  1.24007 -77.5222  0.62056  8.00058 0.313505 0 0 0   -0.011 -0.02329  0.04412 -0.00311033  0.00572198   0.0065487  0.00176294 0.000992711  -0.0079386  0.0415716 -0.0305521  0.0230332 -0.140538 -0.165612  -9.80659 
             133.401 -1.96146  1.23858  -77.519 0.619454  8.00064 0.308422 0 0 0   -0.011 -0.02329  0.04412 -0.00590946  0.00270213  -0.0116167  0.00177285 0.000997978 -0.00794001  0.0414676 -0.0304586  0.0235951 -0.140575 -0.165581  -9.80659 
             133.501 -1.93732  1.24436 -77.5426 0.621028  8.00007 0.307922 0 0 0   -0.011 -0.02329  0.04412  0.00107907 -0.00161823  -0.0102327  0.00175839 0.000998679 -0.00792652  0.0413858 -0.0306478  0.0235049 -0.140544 -0.165635  -9.80659 
             133.606 -1.94386  1.22426  -77.529 0.620842  7.99902 0.306587 0 0 0   -0.011 -0.02329  0.04412 0.000146891  -0.0031387  -0.0124836   0.0017591  0.00101053 -0.00793362  0.0412942 -0.0306275  0.0235322 -0.140563 -0.165651  -9.80659 
               133.7 -1.95075  1.22274 -77.5228 0.622799  8.00083  0.30392 0 0 0   -0.011 -0.02329  0.04412 0.00562326 0.00596548 -0.0174808  0.00176228  0.00101537 -0.00793681  0.0414509 -0.0307985  0.0236398 -0.140499 -0.165632   -9.8066 
             133.808 -1.91751  1.22652 -77.5216 0.622466  8.00155   0.3048 0 0 0   -0.011 -0.02329  0.04412 0.00369158  0.0079829 -0.0112935  0.00174062  0.00101251 -0.00793558  0.0414882 -0.0307351  0.0233893 -0.140509 -0.165633  -9.80659 
             133.901 -1.92707  1.23823 -77.5108 0.624738   8.0008 0.303734 0 0 0   -0.011 -0.02329  0.04412 0.00845531 0.00469302 -0.0119803  0.00174663  0.00100442 -0.00794124  0.0413448 -0.0308936  0.0233604 -0.140495 -0.165691  -9.80659 
                 134 -1.90817  1.21629 -77.5261 0.628281  7.99973 0.307413 0 0 0   -0.011 -0.02329  0.04412  0.0141657 0.00197241 0.00176149 0.00173593 0.00101559 -0.0079312  0.0412386 -0.0311435  0.0228506 -0.140456 -0.165789  -9.80659 
             134.106 -1.9522 1.24436 -77.506 0.624682  7.99747 0.312115 0 0 0   -0.011 -0.02329  0.04412 -0.000533899  -0.00476787      0.01334  0.00175585  0.00100294 -0.00794214  0.0410772 -0.0307096  0.0224529 -0.140581 -0.165791  -9.80659 
               134.2 -1.94299  1.23526 -77.5123 0.623697  7.99622 0.309953 0 0 0   -0.011 -0.02329  0.04412 -0.00394138 -0.00701193  0.00134705  0.00174565  0.00100862 -0.00793777  0.0409736 -0.0306114  0.0227938 -0.140618 -0.165776  -9.80659 
               134.3 -1.94876  1.21165 -77.5214 0.623263  7.99872 0.314669 0 0 0   -0.011 -0.02329  0.04412 -0.00217552  0.00431565   0.0143888  0.00174851  0.00102466 -0.00793116  0.0412846 -0.0306297  0.0223465 -0.140567  -0.16574  -9.80659 
             134.398  -1.9383  1.24906 -77.5033 0.618404  8.00068 0.310093 0 0 0   -0.011 -0.02329  0.04412 -0.0168774 0.00878874 -0.0050123   0.0017416  0.00100344 -0.00794298  0.0413805 -0.0302339  0.0229598  -0.14064 -0.165617  -9.80659 
             134.501  -1.9436  1.23922 -77.5111 0.618788  8.00288 0.306185 0 0 0   -0.011 -0.02329  0.04412 -0.0120708  0.0136796   -0.01585   0.0017438  0.00100817 -0.00793705  0.0414475 -0.0304132  0.0232663 -0.140589 -0.165606  -9.80659 
               134.6 -1.94277  1.24434 -77.5202 0.617505  8.00238 0.303037 0 0 0   -0.011 -0.02329  0.04412 -0.0131112 0.00978386 -0.0219968  0.00174262  0.00100665 -0.00793257  0.0412552 -0.0303985  0.0234253 -0.140621 -0.165636  -9.80659 
             134.697 -1.92258   1.2606 -77.5219 0.619032  8.00358  0.30801 0 0 0   -0.011 -0.02329  0.04412 -0.00371566   0.0117324 -0.00126793  0.00172817 0.000995353  -0.0079312  0.0413347 -0.0306742  0.0226778 -0.140549  -0.16571  -9.80659 
               134.8 -1.91863  1.23963  -77.506 0.621749  8.00178 0.309177 0 0 0   -0.011 -0.02329  0.04412 0.00379673 0.00144368 0.00186732  0.00172522  0.00100878 -0.00794156  0.0410638 -0.0309339  0.0225205 -0.140533 -0.165819  -9.80659 
               134.9  -1.9391  1.22412 -77.4894 0.621108  7.99561 0.311451 0 0 0   -0.011 -0.02329  0.04412 0.00071128 -0.0161887 0.00612057  0.00173136  0.00101486 -0.00794938  0.0405105 -0.0308166  0.0223309 -0.140642  -0.16594  -9.80659 
             135.004 -1.95621  1.22574 -77.5121 0.623251  7.99588  0.31443 0 0 0   -0.011 -0.02329  0.04412  0.00693286 -0.00948717   0.0133133  0.00174685  0.00102236 -0.00793572 0.0406838 -0.031002  0.022072 -0.140576 -0.165946  -9.80659 
               135.1 -1.95712  1.23286 -77.5174 0.622539  7.99696 0.316111 0 0 0   -0.011 -0.02329  0.04412  0.00386498 -0.00430771   0.0138915    0.001745  0.00102525 -0.00793268  0.0408676 -0.0308893  0.0220378 -0.140574 -0.165891  -9.80659 
             135.202  -1.9392  1.23068 -77.5122  0.62409   8.0009 0.311774 0 0 0   -0.011 -0.02329  0.04412  0.00416065   0.0157442 -0.00423565  0.00173373  0.00103678 -0.00793234  0.0411538 -0.0309957  0.0225599 -0.140507 -0.165806  -9.80659 
             135.298 -1.92548   1.1705 -77.4892 0.624325  7.99956  0.30675 0 0 0   -0.011 -0.02329  0.04412  0.00272882 -0.00331514  -0.0193726 0.00173286 0.00103982 -0.0079416  0.0409055 -0.0309431  0.0229977 -0.140554 -0.165824  -9.80659 
               135.4 -1.90173  1.14334 -77.4796 0.623627  7.99864 0.308773 0 0 0   -0.011 -0.02329  0.04412  0.00112711 -0.00155119 -0.00850383  0.00171759  0.00104198 -0.00794316  0.0408518 -0.0308688  0.0226183 -0.140579 -0.165851  -9.80659 
               135.5 -1.93339  1.16064  -77.471 0.621503  7.99643 0.307853 0 0 0   -0.011 -0.02329  0.04412 -0.00416625 -0.00585605 -0.00997132  0.00173697  0.00103491 -0.00795093   0.040668 -0.0306552  0.0226505 -0.140652  -0.16586  -9.80659 
               135.6 -1.91798  1.22789 -77.4903 0.620273  8.00115 0.308334 0 0 0   -0.011 -0.02329  0.04412 -0.00817169   0.0103488 -0.00685944  0.00172655   0.0010118 -0.00794081  0.0411947 -0.0306416  0.0224795 -0.140579 -0.165754  -9.80659 
               135.7 -1.92363  1.19649 -77.4907 0.622655  8.00024 0.307806 0 0 0   -0.011 -0.02329  0.04412  0.00258987  0.00718366 -0.00659601  0.00172409  0.00102654 -0.00794036  0.0410146 -0.0309212  0.0224313 -0.140544 -0.165835  -9.80659 
               135.8 -1.92523  1.27089 -77.4979  0.62326  8.00208 0.310235 0 0 0   -0.011 -0.02329  0.04412 0.00410753  0.0149784 0.00243998  0.00171947  0.00101869 -0.00793934  0.0411093 -0.0309646  0.0221476 -0.140522 -0.165839  -9.80659 
               135.9 -1.91221  1.23187 -77.4774 0.624255  8.00244 0.307895 0 0 0   -0.011 -0.02329  0.04412  0.00443497  0.00767661 -0.00711722  0.00171308  0.00103401 -0.00795103  0.0410271 -0.0309991   0.022352 -0.140526 -0.165848  -9.80659 
             136.001 -1.9253 1.23033 -77.497 0.620775  8.00153 0.310435 0 0 0   -0.011 -0.02329  0.04412  -0.00692438   0.00605906 -0.000284631  0.0017256 0.00104294 -0.0079374  0.0408966 -0.0307187  0.0221084 -0.140605 -0.165855  -9.80659 
             136.101 -1.89758  1.17965 -77.4754 0.620419  8.00443 0.314742 0 0 0   -0.011 -0.02329  0.04412 -0.00529492   0.0164519   0.0124768  0.00170573  0.00103239 -0.00794952  0.0411396 -0.0307771  0.0217229 -0.140559 -0.165836  -9.80659 
             136.197 -1.91478   1.1673  -77.477  0.61956  8.00065 0.306167 0 0 0   -0.011 -0.02329  0.04412 -0.00886977 -0.00498487  -0.0172286  0.00172263  0.00105423 -0.00793648  0.0405615 -0.0306788  0.0226329  -0.14066 -0.165887  -9.80659 
               136.3 -1.88796  1.10986 -77.4634 0.620302  8.00584 0.306763 0 0 0   -0.011 -0.02329  0.04412 -0.00477813   0.0191368  -0.0105726  0.00170308  0.00103485 -0.00794159  0.0410591 -0.0308578  0.0223598 -0.140552 -0.165822  -9.80659 
               136.4 -1.85971  1.02363 -77.4211 0.625937  8.00458 0.303041 0 0 0   -0.011 -0.02329  0.04412    0.0155575 -0.000534895   -0.0186307  0.00168745  0.00104363 -0.00795476  0.0407317 -0.0313573  0.0225566 -0.140492 -0.165945  -9.80659 
               136.5 -1.89744 0.983625 -77.4242 0.624191  8.00115 0.305891 0 0 0   -0.011 -0.02329  0.04412  0.00704283  -0.0046988 -0.00734055  0.00171074  0.00104502 -0.00794483  0.0404267 -0.0310779  0.0221152 -0.140595 -0.166002  -9.80659 
               136.6 -1.89246 0.980081 -77.4114 0.623606  8.00205 0.310116 0 0 0   -0.011 -0.02329  0.04412  0.00577961 -0.00377556  0.00601591 0.00170682 0.00103673 -0.0079463  0.0406586 -0.0309941   0.021602 -0.140582 -0.165974  -9.80659 
             136.701 -1.90642 0.966637 -77.4221 0.620544  7.99811 0.311502 0 0 0   -0.011 -0.02329  0.04412 -0.00567763 -0.00907127  0.00652145  0.00171519   0.0010553 -0.00793611  0.0403095 -0.0306432   0.021567 -0.140703 -0.166005  -9.80659 
             136.801 -1.87673 0.980631 -77.3955 0.621347  7.99963 0.310726 0 0 0   -0.011 -0.02329  0.04412 -0.0011226 -0.0032394 0.00187042  0.00169249  0.00104578 -0.00795084  0.0405565 -0.0307608  0.0216854 -0.140645  -0.16596  -9.80659 
               136.9 -1.88533  1.01568 -77.3929 0.622309  8.00067 0.304859 0 0 0   -0.011 -0.02329  0.04412 -0.000170394   0.00123327   -0.0163802    0.001692  0.00103667 -0.00795076   0.04061 -0.030837 0.0222732  -0.14062 -0.165923  -9.80659 
             137.001 -1.88446  1.01653 -77.4016 0.622798   8.0033 0.305482 0 0 0   -0.011 -0.02329  0.04412 0.000628741  0.00973713   -0.010599  0.00168107  0.00102272 -0.00794607  0.0408669 -0.0308949  0.0220366 -0.140573 -0.165891  -9.80659 
               137.1 -1.88787  1.03152 -77.4145 0.623695  8.00662 0.305397 0 0 0   -0.011 -0.02329  0.04412  0.00230725   0.0164678 -0.00829975  0.00168031   0.0010196 -0.00793728  0.0410723 -0.0309768  0.0219236 -0.140529 -0.165865  -9.80659 
             137.201 -1.87039  1.02169  -77.399  0.62618  8.00845 0.303459 0 0 0   -0.011 -0.02329  0.04412 0.00835407  0.0179408 -0.0118759  0.00166773  0.00102037 -0.00794587  0.0410501 -0.0311664  0.0220025 -0.140493 -0.165889  -9.80659 
             137.302 -1.89684  1.01807 -77.3947  0.62646  8.00624 0.310047 0 0 0   -0.011 -0.02329  0.04412  0.0120214 0.00645559 0.00857763  0.00168441  0.00102645 -0.00794793  0.0407589 -0.0311176  0.0212583 -0.140544 -0.165989  -9.80659 
               137.4  -1.9018 0.972586  -77.415 0.624254  8.00374 0.309023 0 0 0   -0.011 -0.02329  0.04412  0.00203595 -0.00197721 0.000729796  0.00168477  0.00104239 -0.00793639  0.0404583 -0.0308043  0.0214763 -0.140648 -0.165999  -9.80659 
             137.503  -1.8899 0.995877 -77.3959 0.622664  8.00085 0.309379 0 0 0   -0.011 -0.02329  0.04412  -0.00313977  -0.00994097 -0.000307906  0.00167583  0.00102555 -0.00794771   0.040243 -0.0306534  0.0214651 -0.140707 -0.166025  -9.80659 
             137.601 -1.91226 0.998135 -77.3979 0.619976  7.99917 0.306122 0 0 0   -0.011 -0.02329  0.04412 -0.0112755  -0.011645 -0.0114086  0.00168462  0.00102484 -0.00794502  0.0401674 -0.0304427  0.0217838  -0.14076 -0.165995  -9.80659 
             137.698 -1.88819 0.989492 -77.3959 0.620988  8.00073 0.305837 0 0 0   -0.011 -0.02329  0.04412 -0.00535933 -0.00210376 -0.00916344  0.00166896   0.0010287 -0.00794515  0.0404113 -0.0306436  0.0216695 -0.140687 -0.165977  -9.80659 
             137.801 -1.86365  0.99091 -77.3957  0.62424  8.00102 0.304774 0 0 0   -0.011 -0.02329  0.04412    0.0047529 -0.000944881  -0.00970774  0.00165639  0.00103366 -0.00794464  0.0404368 -0.0309656  0.0216393 -0.140618 -0.166013  -9.80659 
               137.9  -1.9107  1.01108 -77.3998 0.623562  7.99872 0.307109 0 0 0   -0.011 -0.02329  0.04412  0.00405179  -0.0121099 -0.00234292  0.00168109  0.00102487 -0.00794344 0.0402836 -0.030852  0.021327 -0.140662 -0.166049  -9.80659 
             137.997 -1.87445  1.05335 -77.4135 0.624741  8.00264 0.307911 0 0 0   -0.011 -0.02329  0.04412   0.0055363   0.0065064 0.000689891  0.00165392  0.00102461 -0.00794404 0.0407744 -0.030951 0.0211921 -0.140578 -0.165969  -9.80659 
             138.101 -1.90853  1.14412 -77.4129 0.624731  8.00031 0.307473 0 0 0   -0.011 -0.02329  0.04412  0.00395841  0.00019545 -0.00214761  0.00166651  0.00103596 -0.00794917   0.040437 -0.0308768  0.0212569 -0.140637 -0.166025  -9.80659 
             138.201 -1.87897  1.17138 -77.4126 0.626684    8.001 0.306583 0 0 0   -0.011 -0.02329  0.04412  0.00879538  0.00222458 -0.00505933  0.00164412  0.00101388 -0.00795027  0.0405068 -0.0310294  0.0213032 -0.140597 -0.166027  -9.80659 
               138.3 -1.91799   1.1706  -77.421 0.624194  8.00282 0.310433 0 0 0   -0.011 -0.02329  0.04412 0.00125263 0.00948859 0.00568907  0.00166532  0.00102526 -0.00794489  0.0407006 -0.0307563  0.0208885 -0.140627 -0.165979  -9.80659 
             138.404 -1.90826  1.14211 -77.4314 0.623548   8.0005  0.31314 0 0 0   -0.011 -0.02329  0.04412 -0.0010501 0.00180239  0.0102284   0.0016579   0.0010318 -0.00794019  0.0404318 -0.0306825  0.0206878 -0.140677 -0.166036  -9.80659 
             138.501 -1.91752   1.1746 -77.4337 0.62334 7.99943 0.30956 0 0 0   -0.011 -0.02329  0.04412 -0.00314969 -0.00310091 -0.00430254  0.00165985  0.00101623 -0.00793764  0.0402977 -0.0306604  0.0211057 -0.140698 -0.166035  -9.80659 
             138.601 -1.90063  1.14111  -77.417 0.624235  7.99899 0.308595 0 0 0   -0.011 -0.02329  0.04412 -0.000330908  -0.00115784  -0.00671115 0.00165276 0.00103038  -0.007945  0.0402737 -0.0307583  0.0211377 -0.140682  -0.16605  -9.80659 
               138.7 -1.88216   1.1561 -77.4065 0.626617  8.00363 0.308095 0 0 0   -0.011 -0.02329  0.04412  0.00336267   0.0114628 -0.00583104  0.00163681  0.00101705 -0.00795151  0.0406903 -0.0309913  0.0210823 -0.140582 -0.165998  -9.80659 
             138.798 -1.90723  1.15605 -77.4146  0.62361  8.00176 0.307617 0 0 0   -0.011 -0.02329  0.04412 -0.00650524  0.00335155 -0.00758641  0.00165084  0.00101968 -0.00794814  0.0404369 -0.0306847  0.0211068 -0.140675  -0.16601  -9.80659 
             138.901 -1.87247  1.14192 -77.4024  0.62181  8.00375 0.305268 0 0 0   -0.011 -0.02329  0.04412 -0.0114561 0.00819584 -0.0130017 0.00162902 0.00103074 -0.0079548  0.0405756 -0.0305975  0.0212527 -0.140675 -0.165963  -9.80659 
             139.006 -1.90827  1.14865 -77.4093 0.620679  7.99972 0.305795 0 0 0   -0.011 -0.02329  0.04412  -0.0111484 -0.00638629 -0.00908331  0.00165047  0.00102509 -0.00795118  0.0401642 -0.0305745  0.0210887 -0.140731 -0.166052  -9.80658 
             139.106 -1.88577  1.16479 -77.4255 0.621367  8.00402 0.307654 0 0 0   -0.011 -0.02329  0.04412 -0.00486458  0.00965333 -0.00110532  0.00163743   0.0010186 -0.00794117  0.0406086 -0.0307624  0.0208031 -0.140639 -0.166004  -9.80659 
               139.2 -1.88918  1.15447 -77.4202 0.620984  8.00271 0.305908 0 0 0   -0.011 -0.02329  0.04412 -0.00463299  0.00328479 -0.00713455  0.00163857  0.00102548 -0.00794512  0.0403765 -0.0307575  0.0209597 -0.140669  -0.16604  -9.80659 
               139.3 -1.90349  1.15108 -77.4124 0.623997   8.0008 0.306801 0 0 0   -0.011 -0.02329  0.04412  0.00584467 -0.00262299 -0.00307229  0.00164669   0.0010284 -0.00795123  0.0401551 -0.0310568  0.0207725 -0.140638  -0.16613  -9.80658 
             139.404 -1.89927  1.15346 -77.4087 0.619785  8.00439 0.312703 0 0 0   -0.011 -0.02329  0.04412 -0.00841378   0.0106474   0.0138283   0.0016451  0.00102664 -0.00795366  0.0406168 -0.0306925  0.0201925 -0.140653 -0.166031  -9.80659 
             139.504 -1.87953  1.14448  -77.425 0.622832  8.00248 0.304638 0 0 0   -0.011 -0.02329  0.04412 0.00103625 0.00192144 -0.0138205  0.00163328  0.00103046 -0.00794533  0.0402215 -0.0309844  0.0210881 -0.140644 -0.166089  -9.80659 
             139.606 -1.87277   1.1743 -77.3997 0.618405  8.00392 0.305249 0 0 0   -0.011 -0.02329  0.04412  -0.0135083  0.00586418 -0.00902821  0.00162289  0.00101937 -0.00795871  0.0404049 -0.0305989  0.0209347 -0.140696 -0.166017  -9.80659 
               139.7 -1.87666  1.14975 -77.4194 0.617463  8.00224 0.308048 0 0 0   -0.011 -0.02329  0.04412   -0.0119655 -0.000947748  0.000912336  0.00162513  0.00102767 -0.00794837  0.0402294 -0.0306191  0.0205756 -0.140714 -0.166075  -9.80658 
             139.797 -1.89965  1.15671 -77.4294   0.6163  7.99961 0.311059 0 0 0   -0.011 -0.02329  0.04412  -0.0115426 -0.00879229  0.00836062  0.00163884  0.00101767 -0.00794198  0.0400282 -0.0306137   0.020301 -0.14074 -0.16613 -9.80658 
             139.904 -1.89252  1.14715 -77.4018 0.617872  8.00314 0.308822 0 0 0   -0.011 -0.02329  0.04412  -0.00434371    0.0048133 -6.99932e-05  0.00164077  0.00102956 -0.00795795  0.0403553 -0.0308538  0.0205503 -0.140654 -0.166079  -9.80659 
                 140  -1.9296  1.13975 -77.4338  0.61363  8.00266 0.314565 0 0 0   -0.011 -0.02329  0.04412 -0.0119853 0.00214606  0.0147738  0.00165285  0.00103129 -0.00794216  0.0403434 -0.0305383  0.0200384 -0.140716 -0.166075  -9.80658 
               140.1 -1.90389  1.14013 -77.4074  0.61375  8.00249 0.313743 0 0 0   -0.011 -0.02329  0.04412 -0.00699648  0.00185004  0.00678645  0.00164068  0.00102883 -0.00795336  0.0402714 -0.0306426  0.0202323 -0.140705  -0.16609  -9.80658 
               140.2 -1.89267  1.13181 -77.4158 0.616793  8.00178 0.309248 0 0 0   -0.011 -0.02329  0.04412  0.00518151 1.69274e-06 -0.00942388  0.00163997  0.00102863 -0.00794772  0.0401196 -0.0309171  0.0206543  -0.14067 -0.166126  -9.80658 
             140.301 -1.91576  1.16345  -77.405 0.624818  8.00241 0.312046 0 0 0   -0.011 -0.02329  0.04412  0.0295847 0.00317589 0.00236445  0.00165192  0.00101246 -0.00795214  0.0401486 -0.0315018  0.0202752 -0.140557 -0.166208  -9.80658 
               140.4 -1.87016  1.13557 -77.3987 0.626156  8.00254 0.303362 0 0 0   -0.011 -0.02329  0.04412  0.0218505 0.00258195 -0.0252125  0.00162232  0.00103112 -0.00795211  0.0400862 -0.0313619  0.0210316  -0.14059 -0.166161  -9.80658 
               140.5 -1.84572  1.15166 -77.3986 0.626731  8.00291 0.303859 0 0 0   -0.011 -0.02329  0.04412  0.0165273 0.00363503 -0.0177088  0.00160599  0.00102473 -0.00795223  0.0401385 -0.0312533  0.0207805 -0.140604 -0.166153  -9.80658 
             140.599 -1.86367  1.14526 -77.4167 0.626438   8.0014 0.305647 0 0 0   -0.011 -0.02329  0.04412    0.0104665 -0.000938084  -0.00888855  0.00161831  0.00102964 -0.00794193  0.0400262 -0.0310907  0.0204781 -0.140648 -0.166174  -9.80658 
               140.7 -1.90162   1.1443 -77.4095 0.620871  8.00148 0.306747 0 0 0   -0.011 -0.02329  0.04412 -0.00928264  0.00252179 -0.00515959  0.00163828  0.00103609 -0.00794572  0.0400897 -0.0305319  0.0203585 -0.140745 -0.166106  -9.80658 
             140.799  -1.8436  1.14597 -77.4014 0.624469  8.00051 0.307271 0 0 0   -0.011 -0.02329  0.04412  0.00400364 -0.00142986 -0.00225544 0.00160602 0.00104001 -0.0079499  0.0399422 -0.0309174  0.0202142 -0.140691 -0.166185  -9.80658 
             140.913 -1.89696  1.15166 -77.4089 0.618774  8.00003 0.311665 0 0 0   -0.011 -0.02329  0.04412  -0.0122665 0.000112735  0.00889941  0.00164874  0.00103507 -0.00794505  0.0399852 -0.0304175  0.0198246 -0.140779 -0.166144  -9.80658 
             141.004 -1.88362   1.1547 -77.4147 0.617295  8.00139 0.316144 0 0 0   -0.011 -0.02329  0.04412 -0.0108439  0.0045424  0.0185546  0.00164136  0.00102954 -0.00794257  0.0401211 -0.0304284  0.0194961 -0.140762 -0.166138  -9.80658 
             141.105 -1.89023  1.14091 -77.4063 0.618988  8.00029 0.312923 0 0 0   -0.011 -0.02329  0.04412 -0.00263541  0.00065579  0.00229048  0.00163845  0.00104216 -0.00794586  0.0399247 -0.0306281  0.0199152 -0.140747 -0.166173  -9.80658 
             141.203 -1.88349  1.13398 -77.4148 0.619695        8 0.311281 0 0 0   -0.011 -0.02329  0.04412 -0.000978686  0.000390819  -0.00380347  0.00163435  0.00104129 -0.00794013  0.0398702 -0.0307033  0.0200688 -0.140739 -0.166183  -9.80658 
             141.305 -1.84797   1.1447 -77.4126 0.624732  8.00279 0.306344 0 0 0   -0.011 -0.02329  0.04412  0.0130564 0.00692873 -0.0167464  0.00161824  0.00103535 -0.00794063  0.0400397 -0.0310948  0.0204089 -0.140648 -0.166175  -9.80658 
               141.4  -1.8639  1.12696 -77.4133 0.625647  8.00205 0.305495 0 0 0   -0.011 -0.02329  0.04412  0.0118998 0.00323999 -0.0155377  0.00162401  0.00104174 -0.00793938  0.0399368 -0.0310534  0.0203402 -0.140667 -0.166193  -9.80658 
               141.5 -1.84188  1.13114 -77.4053 0.624777  8.00257 0.306009 0 0 0   -0.011 -0.02329  0.04412 0.00642566 0.00427335 -0.0103516   0.0016095  0.00104081 -0.00794361  0.0399965 -0.0308953   0.020164  -0.14069 -0.166175  -9.80658 
              141.61 -1.85396  1.14515 -77.3994 0.622597  8.00012  0.30443 0 0 0   -0.011 -0.02329  0.04412 -0.00294003 -0.00570703  -0.0138307  0.00161225  0.00103372 -0.00794593  0.0397722 -0.0306484  0.0202542 -0.140759 -0.166185  -9.80658 
               141.7  -1.8596  1.13546 -77.4033 0.621105  8.00098  0.31086 0 0 0   -0.011 -0.02329  0.04412  -0.00392859 -0.000156247   0.00876521  0.00161496  0.00104676 -0.00794323  0.0399638 -0.0305846  0.0195401  -0.14075 -0.166182  -9.80658 
             141.798 -1.86915  1.12948 -77.3942   0.6207  7.99775 0.309734 0 0 0   -0.011 -0.02329  0.04412 -0.00419541 -0.00858257  0.00150747  0.00161619  0.00104616 -0.00794994  0.0396499 -0.0305583  0.0197305  -0.14079 -0.166226  -9.80658 
               141.9 -1.85366  1.13061 -77.4094 0.619387  8.00247 0.311013 0 0 0   -0.011 -0.02329  0.04412 -0.00611044  0.00927797  0.00420485  0.00160791  0.00105234 -0.00793969 0.0401549 -0.030534 0.0196088 -0.140738 -0.166138  -9.80658 
                 142  -1.8521  1.11569 -77.4009 0.623606  8.00162  0.30748 0 0 0   -0.011 -0.02329  0.04412  0.00967083  0.00193656 -0.00756482   0.0016102  0.00105596 -0.00794307  0.0399124 -0.0309216   0.019946 -0.140695 -0.166205  -9.80658 
               142.1 -1.86772  1.14524 -77.4003 0.622269  8.00315 0.310834 0 0 0   -0.011 -0.02329  0.04412 0.00286016 0.00692102 0.00413292 0.00161475  0.0010445  -0.007944  0.0401023 -0.0307556  0.0195623 -0.140704 -0.166173  -9.80658 
               142.2 -1.86018  1.14012 -77.3972 0.619836  8.00395  0.30726 0 0 0   -0.011 -0.02329  0.04412 -0.00628126   0.0067414 -0.00914479  0.00160406  0.00104832 -0.00794539 0.0401105 -0.030525 0.0199456 -0.140744 -0.166127  -9.80658 
             142.305 -1.86274  1.12727 -77.3919 0.620284  8.00094 0.307968 0 0 0   -0.011 -0.02329  0.04412 -0.00278775  -0.0026553 -0.00568731  0.00160258  0.00104976 -0.00794778  0.0398111 -0.0305914  0.0197927 -0.140765 -0.166196  -9.80658 
             142.402 -1.84724  1.11963 -77.3916 0.622759   8.0006 0.306286 0 0 0   -0.011 -0.02329  0.04412  0.00531364 -0.00341689 -0.00972781  0.00159882  0.00105252 -0.00794786  0.0397749 -0.0308022   0.019867 -0.140732 -0.166221  -9.80658 
             142.505 -1.86854   1.1365 -77.4017 0.623237  8.00169 0.311018 0 0 0   -0.011 -0.02329  0.04412 0.00601339 0.00356763 0.00688081  0.00161106  0.00104808 -0.00794308  0.0399216 -0.0308174  0.0193721 -0.140714 -0.166222  -9.80658 
             142.601  -1.8527  1.16231 -77.3929 0.624071  8.00513 0.310157 0 0 0   -0.011 -0.02329  0.04412 0.00750352  0.0123905 0.00166288  0.00160169  0.00103864 -0.00794696  0.0401492 -0.0308435  0.0194908 -0.140685 -0.166178  -9.80658 
               142.7 -1.85169  1.14053  -77.404 0.621456  8.00279 0.305406 0 0 0   -0.011 -0.02329  0.04412 -0.00315883 0.000740115  -0.0147063  0.00160387  0.00105304 -0.00794021  0.0398518 -0.0305555  0.0199314 -0.140766 -0.166178  -9.80658 
               142.8 -1.86649  1.12856 -77.4044  0.61835    8.001 0.312601 0 0 0   -0.011 -0.02329  0.04412 -0.00902303 -0.00336569  0.00964754  0.0016116  0.0010616 -0.0079391  0.0397849 -0.0303589  0.0192038 -0.140809 -0.166208  -9.80658 
               142.9 -1.88211  1.15681 -77.4078 0.615633  8.00056 0.313664 0 0 0   -0.011 -0.02329  0.04412  -0.0135374 -0.00305314   0.0086126   0.0016184  0.00104961 -0.00793645  0.0397863 -0.0302127  0.0192089 -0.140834 -0.166193  -9.80658 
                 143 -1.86136  1.14911  -77.402 0.620331  8.00211 0.313693 0 0 0   -0.011 -0.02329  0.04412  0.0036277 0.00318706 0.00684109  0.00159549  0.00105126 -0.00793993  0.0399005 -0.0307487  0.0192147 -0.140729 -0.166227  -9.80658 
             143.099  -1.8831  1.13322 -77.4044 0.616972  8.00114 0.313652 0 0 0   -0.011 -0.02329  0.04412  -0.00794348 -0.000556534   0.00311028  0.00161063  0.00106233 -0.00793812  0.0398134 -0.0304126  0.0193226 -0.140796 -0.166203  -9.80658 
               143.2 -1.88038  1.13007 -77.4106 0.616139  7.99953 0.312404 0 0 0   -0.011 -0.02329  0.04412 -0.00923512  -0.0042231 -0.00249989   0.0016105   0.0010638 -0.00793418  0.0396614 -0.0303903  0.0194726 -0.140816 -0.166219  -9.80658 
               143.3 -1.84113  1.13936 -77.3824 0.620077  8.00062 0.311553 0 0 0   -0.011 -0.02329  0.04412  0.00441898 0.000359259 -0.00427631  0.00158322  0.00105947 -0.00794984  0.0397545 -0.0308269  0.0194777 -0.140731 -0.166246  -9.80658 
               143.4 -1.87329  1.10674 -77.3975 0.619179  7.99859 0.307267 0 0 0   -0.011 -0.02329  0.04412 7.62455e-05 -0.00595483  -0.0171084  0.00160422  0.00107943 -0.00793929  0.0395324 -0.0306697  0.0198707 -0.140781 -0.166249  -9.80658 
               143.5 -1.85533  1.13139 -77.3991 0.616663  7.99825 0.303987 0 0 0   -0.011 -0.02329  0.04412 -0.00588808 -0.00642609  -0.0228418  0.00159361  0.00106456 -0.00793941 0.0395629 -0.030433 0.0200436 -0.140818 -0.166211  -9.80658 
               143.6 -1.85293  1.14008 -77.3746 0.617161  8.00085 0.307269 0 0 0   -0.011 -0.02329  0.04412 -0.00188134   0.0044681 -0.00680176  0.00159395  0.00106194 -0.00795356  0.0399015 -0.0305817  0.0194638 -0.140758 -0.166197  -9.80658 
               143.7 -1.86478  1.14842 -77.3919 0.615725  8.00085 0.306557 0 0 0   -0.011 -0.02329  0.04412 -0.00489448  0.00358504 -0.00802486  0.00159993  0.00105854 -0.00794353  0.0398633 -0.0304703  0.0194741 -0.140781 -0.166192  -9.80658 
               143.8 -1.85244  1.12822 -77.4026 0.614125  8.00293 0.309937 0 0 0   -0.011 -0.02329  0.04412 -0.00886924   0.0113096  0.00334239 0.00158951 0.00106952 -0.0079367 0.0400543 -0.030409 0.0190656 -0.140772 -0.166174  -9.80658 
               143.9 -1.87524  1.11162 -77.4044 0.615301  7.99675 0.314602 0 0 0   -0.011 -0.02329  0.04412 -0.000296064  -0.00974082    0.0146873 0.00160167 0.00108505 -0.0079356  0.0394043 -0.0305441  0.0186436 -0.140816  -0.16632  -9.80658 
              144.01 -1.85436  1.14392 -77.3787  0.61902  8.00156 0.319642 0 0 0   -0.011 -0.02329  0.04412  0.0136343 0.00972676  0.0252428  0.00159668  0.00107548 -0.00794751  0.0399226 -0.0309288  0.0182424 -0.140699 -0.166289  -9.80658 
               144.1 -1.86226  1.14772 -77.3877 0.620592  8.00286 0.315759 0 0 0   -0.011 -0.02329  0.04412  0.0125318  0.0111345 0.00560858  0.00160049  0.00107296 -0.00794377 0.0399091 -0.030932 0.0188363 -0.140699 -0.166262  -9.80658 
             144.201  -1.8633   1.1507 -77.3944 0.618941  8.00053 0.309099 0 0 0   -0.011 -0.02329  0.04412   0.00147756 -0.000888061   -0.0176161  0.00159887  0.00107333 -0.00793847  0.0395909 -0.0306431  0.0195329 -0.140779 -0.166253  -9.80658 
               144.3 -1.84192  1.16001 -77.3878 0.617622  8.00394 0.304176 0 0 0   -0.011 -0.02329  0.04412 -0.00442271   0.0101241  -0.0277052   0.0015857  0.00107006 -0.00794179  0.0398923 -0.0305331  0.0198315 -0.140767 -0.166177  -9.80658 
               144.4 -1.85409  1.15051 -77.3914 0.616541   7.9998 0.303414 0 0 0   -0.011 -0.02329  0.04412 -0.00568492 -0.00527064   -0.023303  0.00159146  0.00107827 -0.00794083 0.0394297 -0.030429 0.0196478 -0.140831 -0.166254  -9.80658 
               144.5 -1.85269  1.16183 -77.3951 0.615222  8.00157 0.308704 0 0 0   -0.011 -0.02329  0.04412  -0.00558771   0.00235926 -0.000888794  0.00159088  0.00107294 -0.00793748  0.0397186 -0.0304006  0.0188911 -0.140807  -0.16624  -9.80658 
               144.6 -1.86063  1.14051 -77.3895 0.615957  7.99866 0.305725 0 0 0   -0.011 -0.02329  0.04412 -0.00266957 -0.00920408  -0.0111107  0.00159914  0.00108835 -0.00794016  0.0393739 -0.0304894   0.019166 -0.140827 -0.166293  -9.80658 
               144.7 -1.83824  1.14608 -77.4057 0.616924   7.9993  0.31025 0 0 0   -0.011 -0.02329  0.04412  0.00255952 -0.00185286  0.00499726   0.0015832  0.00108766 -0.00793071  0.0395432 -0.0306398  0.0185866 -0.140785 -0.166307  -9.80658 
             144.798 -1.87619  1.14889 -77.4048 0.615332  7.99888 0.307559 0 0 0   -0.011 -0.02329  0.04412 -0.00252423 -0.00227261 -0.00492346   0.0016062  0.00108486 -0.00793388  0.0395109 -0.0304602  0.0189219 -0.140818 -0.166279  -9.80658 
               144.9 -1.84793  1.12776 -77.3976 0.615675  7.99793 0.307041 0 0 0   -0.011 -0.02329  0.04412 -0.00367176 -0.00150938 -0.00522753  0.00158708  0.00110119 -0.00793792  0.0394322 -0.0305225  0.0189178 -0.140815 -0.166298  -9.80658 
             145.002  -1.8445  1.15932 -77.4023 0.618171  8.00346 0.309401 0 0 0   -0.011 -0.02329  0.04412 0.00490418  0.0193102  0.0032515  0.00158147  0.00108344 -0.00793547  0.0399738 -0.0308549  0.0185663 -0.140708 -0.166257  -9.80658 
               145.1 -1.81722  1.14226 -77.4014 0.621223  8.00203 0.310356 0 0 0   -0.011 -0.02329  0.04412  0.0123716  0.0110273 0.00473247 0.00156884 0.00109147 -0.0079354  0.0396355 -0.0310559  0.0184902 -0.140709 -0.166335  -9.80658 
               145.2 -1.83989  1.14371 -77.4108 0.620303  8.00225 0.311811 0 0 0   -0.011 -0.02329  0.04412 0.00428038 0.00889392 0.00666224  0.00158522  0.00108876 -0.00792906  0.0395926 -0.0308499  0.0184105 -0.140746 -0.166327  -9.80658 
             145.302 -1.83001  1.15713 -77.4534  0.61245  8.00374 0.314395 0 0 0   -0.011 -0.02329  0.04412 -0.0234059  0.0100663 0.00995445  0.00158006  0.00108145 -0.00790473  0.0397488 -0.0301226  0.0182788 -0.140849  -0.16624  -9.80658 
             145.402 -1.85243   1.1608 -77.4035 0.607953  8.00312 0.307734 0 0 0   -0.011 -0.02329  0.04412  -0.031584 0.00270798 -0.0139242 0.00159154 0.00107912 -0.0079352 0.0395661 -0.029893 0.0190375 -0.140903 -0.166213  -9.80658 
               145.5 -1.80634  1.14561 -77.4171 0.610719  8.00319 0.300319 0 0 0   -0.011 -0.02329  0.04412 -0.0154448 0.00208066 -0.0321442  0.00156945  0.00108775 -0.00792796 0.0394348 -0.030395 0.0195825 -0.140835 -0.166254  -9.80658 
               145.6 -1.84701  1.15587 -77.4139 0.607683  8.00217 0.302704 0 0 0   -0.011 -0.02329  0.04412  -0.0176408 -0.00220017  -0.0170234  0.00159024  0.00108273 -0.00793152  0.0393697 -0.0302648  0.0190147 -0.140862  -0.16628  -9.80658 
               145.7 -1.83717  1.16045 -77.4026 0.607984  8.00266 0.306811 0 0 0   -0.011 -0.02329  0.04412 -0.0101041 0.00440474 0.00062822  0.00158244  0.00107611 -0.00793886   0.039455 -0.0304748  0.0183842 -0.140821 -0.166315  -9.80658 
               145.8 -1.85926  1.10142 -77.4285 0.608244  7.99674 0.312559 0 0 0   -0.011 -0.02329  0.04412 -0.00470986   -0.017521     0.01689  0.00159319  0.00109985 -0.00792754  0.0388668 -0.0305468  0.0177778 -0.140866 -0.166446  -9.80658 
             145.904 -1.83758  1.09813 -77.4136 0.613468  7.99982 0.312957 0 0 0   -0.011 -0.02329  0.04412  0.0124888 0.00113428  0.0137891  0.00158611   0.0010849 -0.00794012  0.0392727 -0.0310981  0.0178639  -0.14074 -0.166426  -9.80658 
             145.999 -1.78325  1.13658 -77.4046 0.619741   8.0003 0.305129 0 0 0   -0.011 -0.02329  0.04412  0.0231951 0.00687183 -0.0143551  0.00155932   0.0010909 -0.00793903  0.0391559 -0.0315367  0.0187446 -0.140681 -0.166443  -9.80658 
               146.1 -1.84028  1.05638 -77.3943 0.617933  8.00278 0.308626 0 0 0   -0.011 -0.02329  0.04412    0.0128525   0.00595195 -0.000482985  0.00159304  0.00108618 -0.00793974   0.039432 -0.0311915  0.0182688 -0.14071 -0.16639 -9.80658 
               146.2 -1.80622  1.00224 -77.3913 0.614903  8.00325 0.306449 0 0 0   -0.011 -0.02329  0.04412 -0.00175647  0.00852894 -0.00828181 0.00157894  0.0010855 -0.0079381  0.0394478 -0.0308089  0.0185157 -0.140768 -0.166342  -9.80658 
               146.3 -1.81683   1.0292 -77.3775 0.610435  8.00108 0.305919 0 0 0   -0.011 -0.02329  0.04412  -0.0155856 -0.00259677 -0.00905279  0.00158947  0.00108571 -0.00794357  0.0392291 -0.0304096   0.018509 -0.140851 -0.166342  -9.80658 
             146.408 -1.79313  1.05662 -77.3705 0.614251  8.00249 0.307273 0 0 0   -0.011 -0.02329  0.04412  0.00452583 -0.00256955 -0.00232347  0.00158496  0.00108246 -0.00794795 0.0393675 -0.030897 0.0182315 -0.140762 -0.166375  -9.80658 
             146.499  -1.8221  1.13589 -77.4076 0.612066  8.00014 0.306945 0 0 0   -0.011 -0.02329  0.04412 -0.00736338  0.00324633 -0.00301955  0.00158345  0.00108382 -0.00793381  0.0391621 -0.0306867  0.0182569 -0.140814 -0.166388  -9.80658 
              146.61 -1.83095  1.20657 -77.4086 0.611508  8.00017 0.312527 0 0 0   -0.011 -0.02329  0.04412 -0.00436443 -0.00511866   0.0153326  0.00158771  0.00108261 -0.00793527 0.0391772 -0.030709  0.017723  -0.14081 -0.166412  -9.80658 
             146.707 -1.83664  1.12084 -77.4378 0.61318  7.9977 0.31267 0 0 0   -0.011 -0.02329  0.04412 -0.00521812  -0.0101938   0.0106319  0.00159284  0.00109267 -0.00792139  0.0390367 -0.0308489  0.0178347 -0.140801 -0.166441  -9.80658 
             146.815 -1.83673  1.23972 -77.4117 0.610242  8.00183   0.3138 0 0 0   -0.011 -0.02329  0.04412 -0.013833 0.0107293 0.0105994  0.00158869  0.00109364 -0.00792768  0.0394089 -0.0307168  0.0178266 -0.140787 -0.166372  -9.80658 
             146.904 -1.82698  1.14957 -77.4116 0.614872  8.00215 0.308652 0 0 0   -0.011 -0.02329  0.04412   0.004024 0.00118475 -0.0107546  0.00160993  0.00111234 -0.00792371  0.0393186 -0.0310824  0.0182519 -0.140739 -0.166398  -9.80658 
                 147 -1.84682  1.19551  -77.396 0.613574  8.00028 0.308562 0 0 0   -0.011 -0.02329  0.04412 -0.00291501 0.000698191 -0.00823966 0.00160647 0.00109851 -0.0079318  0.0391897 -0.0309643  0.0181854 -0.140769 -0.166411  -9.80658 
               147.1 -1.85167  1.16531  -77.416 0.614575  7.99774 0.309194 0 0 0   -0.011 -0.02329  0.04412   0.0021351  -0.0124518 -0.00442562  0.00161317  0.00109505 -0.00791974  0.0390397 -0.0310201  0.0180692 -0.140774 -0.166444  -9.80658 
               147.2 -1.84861  1.19075  -77.409 0.609826  7.99976 0.311485 0 0 0   -0.011 -0.02329  0.04412  -0.0138977 0.000328359  0.00334065 0.00159335 0.00109529 -0.0079261 0.0393238 -0.030714 0.0178798 -0.140795 -0.166383  -9.80658 
             147.301 -1.84187  1.19739 -77.3996 0.612364  7.99896 0.309833 0 0 0   -0.011 -0.02329  0.04412 -0.000767064  -0.00623217  -0.00327759  0.00159803  0.00109991 -0.00793042  0.0392065 -0.0310023  0.0180236 -0.140762 -0.166419  -9.80658 
             147.398 -1.84261  1.14259 -77.3949 0.615329  7.99535 0.311017 0 0 0   -0.011 -0.02329  0.04412 0.00874763 -0.0141122 0.00103813  0.00160094  0.00111549 -0.00793259  0.0389215 -0.0312295   0.017845 -0.140753  -0.16649  -9.80658 
             147.502 -1.85423  1.19662 -77.3985  0.61756  7.99779 0.308666 0 0 0   -0.011 -0.02329  0.04412    0.0142735 -0.000367764  -0.00746416   0.0016066  0.00109829 -0.00793165 0.0392312 -0.031389 0.0180906 -0.140702 -0.166445  -9.80658 
             147.599 -1.83777  1.15092 -77.3943 0.621328  7.99882 0.307195 0 0 0   -0.011 -0.02329  0.04412  0.0213198 0.00287599 -0.0105114  0.00159563  0.00110989 -0.00793311   0.039317 -0.0316246  0.0181461 -0.140659 -0.166449  -9.80658 
               147.7 -1.84866  1.15843 -77.3882 0.619944  7.99825 0.311914 0 0 0   -0.011 -0.02329  0.04412 0.00972538 0.00191472 0.00767852  0.00159722  0.00111487 -0.00793687   0.039295 -0.0313025  0.0175371 -0.140709 -0.166453  -9.80658 
             147.801 -1.84196  1.15168 -77.4106 0.620143  7.99891 0.311355 0 0 0   -0.011 -0.02329  0.04412 0.00668464 0.00286903 0.00286381   0.0015928  0.00111593 -0.00792712  0.0393577 -0.0312428  0.0176799 -0.140712 -0.166432  -9.80658 
               147.9 -1.85225  1.18046 -77.3894 0.619801    7.997 0.312365 0 0 0   -0.011 -0.02329  0.04412 0.00103597 0.00209611 0.00476391  0.00159651  0.00109763 -0.00794064  0.0391698 -0.0311376    0.01761 -0.140744 -0.166455  -9.80658 
                 148 -1.85115  1.16456 -77.3928 0.621697  7.99831 0.315354 0 0 0   -0.011 -0.02329  0.04412 0.00645878 0.00316249    0.01251  0.00160011  0.00110227 -0.00793804  0.0392815 -0.0312917  0.0173516 -0.140712 -0.166462  -9.80658 
             148.099 -1.84224  1.17142 -77.3902 0.623206  8.00136 0.314039 0 0 0   -0.011 -0.02329  0.04412 0.00903279  0.0130567 0.00363101  0.00159838  0.00111207 -0.00793978  0.039453 -0.031377 0.0175717 -0.140684 -0.166434  -9.80658 
               148.2 -1.84405   1.1368 -77.3839 0.624846  7.99722 0.314855 0 0 0   -0.011 -0.02329  0.04412   0.0119012 -0.00427108  0.00444073  0.00159501  0.00110883 -0.00794321  0.0390307 -0.0313819   0.017523  -0.14072 -0.166499  -9.80658 
               148.3 -1.85591  1.12923 -77.3937 0.622536  7.99744 0.313612 0 0 0   -0.011 -0.02329  0.04412  0.00184752  -0.0008583 -0.00148473   0.0016011    0.001116 -0.00793543  0.0390887 -0.0311184  0.0176985 -0.140754 -0.166461  -9.80658 
               148.4 -1.85941  1.12101 -77.3875 0.620298   7.9991 0.312611 0 0 0   -0.011 -0.02329  0.04412 -0.00636764   0.0122228 -0.00423945  0.00160198  0.00110877 -0.00793765  0.0392307 -0.0309408  0.0178041 -0.140767 -0.166422  -9.80658 
               148.5 -1.82981   1.0416 -77.3814 0.617798  7.99805 0.311597 0 0 0   -0.011 -0.02329  0.04412 -0.00834199 -0.00860822 -0.00763678 0.00158905 0.00111709 -0.0079322  0.0390702 -0.0307505  0.0178743 -0.140809 -0.166427  -9.80658 
             148.603 -1.81876  1.00732 -77.3739 0.617923  7.99791 0.311171 0 0 0   -0.011 -0.02329  0.04412 -0.00540315  0.00570331 -0.00759434   0.0015848  0.00110138 -0.00793982 0.0390714 -0.030863 0.0178218 -0.140792 -0.166438  -9.80658 
               148.7 -1.78729  1.05312 -77.3583 0.615956  8.00185 0.308097 0 0 0   -0.011 -0.02329  0.04412 -0.00990328  0.00038861  -0.0156877  0.00156524  0.00108172 -0.00794977  0.0395208 -0.0307988  0.0181038 -0.140764 -0.166355  -9.80658 
             148.798 -1.82742  1.12903 -77.3811  0.61399  8.00015 0.309379 0 0 0   -0.011 -0.02329  0.04412  -0.0207885   0.0178534 -0.00578695  0.00158455  0.00108123 -0.00794727  0.0392906 -0.0306922  0.0177808 -0.140798 -0.166394  -9.80658 
               148.9 -1.82353  1.22468 -77.4149 0.609007   8.0022 0.309533 0 0 0   -0.011 -0.02329  0.04412  -0.0286408  0.00401187 -0.00445965  0.00157636  0.00108791 -0.00793115  0.0393982 -0.0304037  0.0177149 -0.140831 -0.166358  -9.80658 
                 149 -1.82435  1.12935 -77.3858 0.612634  7.99903 0.307866 0 0 0   -0.011 -0.02329  0.04412 -0.00967273  0.00015606 -0.00799212  0.00157227  0.00109905 -0.00795045  0.0390005 -0.0309152  0.0177927 -0.140791 -0.166453  -9.80658 
               149.1 -1.83904  1.23514 -77.4159 0.611563  7.99838 0.310114 0 0 0   -0.011 -0.02329  0.04412  -0.0103235 0.000786035 0.000925363  0.00157728  0.00109467 -0.00793525  0.0389191 -0.0308855  0.0174764 -0.140802 -0.166476  -9.80658 
             149.192 -1.84519  1.13378 -77.3955 0.609408  7.99643 0.303234 0 0 0   -0.011 -0.02329  0.04412 -0.0142995 -0.0121228  -0.021493  0.00157944  0.00110347 -0.00794247  0.0387811 -0.0307827  0.0181831 -0.140828 -0.166457  -9.80658 
             149.301 -1.84309  1.21789 -77.4048 0.608174  7.99718 0.309881 0 0 0   -0.011 -0.02329  0.04412 -0.0124703 0.00132989 0.00464211  0.00157752  0.00109376 -0.00794102  0.0389218 -0.0308285  0.0174141  -0.14081 -0.166473  -9.80658 
             149.398 -1.82314  1.18988 -77.3991 0.611034  8.00156 0.310443 0 0 0   -0.011 -0.02329  0.04412 0.00258969 0.00822829 0.00477016  0.00156299  0.00108353 -0.00794416  0.0392629 -0.0311987  0.0173776 -0.140729 -0.166455  -9.80658 
               149.5 -1.82987  1.21356 -77.3877 0.612148  8.00123  0.31223 0 0 0   -0.011 -0.02329  0.04412  0.0031203  0.0148877 0.00859394  0.00156882  0.00108588 -0.00795226  0.0391157 -0.0312774  0.0172521  -0.14073 -0.166487  -9.80658 
               149.6 -1.84365  1.19718 -77.4087 0.611454  8.00346 0.313308 0 0 0   -0.011 -0.02329  0.04412 -0.00128547    0.010253   0.0147383  0.00157253  0.00108918 -0.00794244  0.0392288 -0.0312001  0.0172338 -0.140732 -0.166466  -9.80658 
             149.698  -1.8153  1.18978 -77.3918 0.613787  8.00236 0.310427 0 0 0   -0.011 -0.02329  0.04412   -0.031193   0.0357923 0.000642296  0.00157297   0.0011079 -0.00795021  0.0387122 -0.0312215  0.0175456 -0.140771 -0.166528  -9.80658 
             149.794 -1.87753  1.09977 -77.2169 0.613266  8.00689 0.316311 0 0 0   -0.011 -0.02329  0.04412  0.0206654 -0.0143935  0.0104048  0.00155676  0.00107548 -0.00796208  0.0391505 -0.0313216  0.0169769 -0.140721 -0.166498  -9.80658 
             149.902 -1.71293 0.923524 -77.0891 0.617612  8.00013 0.312025 0 0 0   -0.011 -0.02329  0.04412   0.0153574 -0.00789486 -0.00351468  0.00154998  0.00110651 -0.00797109  0.0385608 -0.0315997  0.0175172  -0.14073 -0.166579  -9.80658 
                 150  -1.7321  1.40637 -77.1257 0.619941  8.00283 0.310114 0 0 0   -0.011 -0.02329  0.04412   0.0110874  0.00677345 -0.00506523  0.00156214  0.00106943 -0.00796024  0.0387186 -0.0317423  0.0176676 -0.140697 -0.166561  -9.80658 
               150.1 -1.70702  1.10937 -77.1333 0.618886  8.00313 0.307514 0 0 0   -0.011 -0.02329  0.04412 0.00917607 -0.0118249  -0.013589   0.0015503  0.00111231 -0.00795554  0.0388284 -0.0314746  0.0178768 -0.140726 -0.166518  -9.80658 
             150.196 -1.73075  1.19819  -77.144 0.615067  8.00201 0.309153 0 0 0   -0.011 -0.02329  0.04412 -0.00841136  0.00922255 -0.00716893  0.00155082  0.00111139 -0.00795183  0.0387973 -0.0310494  0.0175963 -0.140787 -0.166503  -9.80658 
             150.303 -1.71625  1.24133 -77.1334 0.613422  8.00646  0.30849 0 0 0   -0.011 -0.02329  0.04412 -0.00396317  0.00168753 -0.00839895 0.00154156 0.00108127 -0.0079596  0.0391911 -0.0310134  0.0175922 -0.140763 -0.166446  -9.80658 
               150.4  -1.7122   1.1356 -77.1478 0.611748  8.00283 0.310023 0 0 0   -0.011 -0.02329  0.04412  -0.0100064 -0.00652602 -0.00714034  0.00154149  0.00110831 -0.00794801  0.0388956 -0.0308895    0.01738 -0.140802 -0.166487  -9.80658 
             150.504 -1.71494  1.36329  -77.143  0.61554  8.00376 0.313155 0 0 0   -0.011 -0.02329  0.04412 -0.00855236 0.000283194  0.00818919  0.00153901  0.00109496 -0.00795813  0.0389259 -0.0314235   0.017072 -0.140727 -0.166533  -9.80658 
              150.61  -1.5729  1.25945 -77.1257 0.61223 7.99982 0.31613 0 0 0   -0.011 -0.02329  0.04412  -0.017044 -0.0337622  0.0557938  0.00154223  0.00110333 -0.00795171  0.0387039 -0.0311731  0.0171435 -0.140778 -0.166543  -9.80658 
             150.703 -0.816487   1.11084  -77.6253 0.603815  7.99585 0.322435 0 0 0   -0.011 -0.02329  0.04412  -0.104454 -0.0169823   0.102077  0.00153104  0.00111166 -0.00793233  0.0386042 -0.0307628  0.0172542 -0.140841 -0.166523  -9.80658 
             150.816 -0.570039   1.05144  -78.0476 0.592668  7.99347 0.334669 0 0 0   -0.011 -0.02329  0.04412  -0.165277 -0.0273019   0.174169  0.00152251  0.00111473 -0.00793212 0.0384885 -0.030992 0.0173439 -0.140818 -0.166552  -9.80657 
             150.904 0.0874128 -0.896104  -78.1758 0.575861  7.99591 0.358812 0 0 0   -0.011 -0.02329  0.04412 -0.159305 -0.074645  0.257123  0.00149433  0.00117809 -0.00795175  0.0392704 -0.0310864  0.0170564 -0.140746 -0.166464  -9.80658 
                 151   1.94915 0.0961475  -77.5634 0.560325  7.98229 0.386934 0 0 0   -0.011 -0.02329  0.04412  -0.135516 -0.0395872   0.293097  0.00143538  0.00114426 -0.00796902  0.0385716 -0.0309843  0.0171255 -0.140816  -0.16655  -9.80657 
             151.102  4.02296  3.64006 -77.1009 0.556603  7.98478 0.404899 0 0 0   -0.011 -0.02329  0.04412 -0.0543115  0.0621361    0.23517  0.00137023 0.000964459 -0.00792703  0.0386571 -0.0315037  0.0178173  -0.14072 -0.166558  -9.80658 
               151.2 4.03461 6.14628 -77.881 0.560189  7.99896 0.425168 0 0 0   -0.011 -0.02329  0.04412 0.0422206   0.15413  0.206963  0.00145935 0.000998984 -0.00785495  0.0388189 -0.0318754  0.0179642 -0.140652  -0.16656  -9.80658 
               151.3 0.782986  4.71097 -79.1076 0.565646  8.01798 0.455805 0 0 0   -0.011 -0.02329  0.04412 0.0750331  0.105506  0.277766  0.00165058  0.00121838 -0.00783513  0.0394113 -0.0320078  0.0171763  -0.14064 -0.166546  -9.80658 
             151.405 -2.88641   2.1737 -79.7397 0.570502  8.01905 0.494439 0 0 0   -0.011 -0.02329  0.04412  0.0740206 -0.0502668   0.397131  0.00172491   0.0013292 -0.00785517  0.0392606 -0.0317974  0.0166614 -0.140713 -0.166589  -9.80658 
               151.5 -4.08704  1.58608 -81.0425 0.582608  8.00482 0.540227 0 0 0   -0.011 -0.02329  0.04412  0.137084 -0.162679  0.441006  0.00160304   0.0012418 -0.00783873  0.0389711 -0.0321117  0.0161821 -0.140721 -0.166698  -9.80657 
             151.601 -2.70841  3.98241 -83.4041 0.596863  7.97848  0.58742 0 0 0   -0.011 -0.02329  0.04412   0.21768 -0.258686  0.463159  0.00144879  0.00105985 -0.00780679  0.0383936 -0.0317188  0.0159401 -0.140848 -0.166751  -9.80657 
               151.7 -1.19816  6.81986 -86.8337  0.62128  7.94642 0.630008 0 0 0   -0.011 -0.02329  0.04412  0.301607 -0.352903  0.449766  0.00140428  0.00101984 -0.00770768  0.0380778 -0.0315334  0.0163802 -0.140917 -0.166736  -9.80657 
               151.8 0.109809  9.54472 -91.9252 0.658585  7.89758 0.668906 0 0 0   -0.011 -0.02329  0.04412  0.390223 -0.500695  0.403792 0.00136821 0.00106105 -0.0075646  0.0372085 -0.0318372  0.0168524 -0.141029 -0.166849  -9.80657 
               151.9  1.39203   12.707 -97.4286 0.696226  7.84723   0.7069 0 0 0   -0.011 -0.02329  0.04412  0.425377 -0.625609   0.33016  0.00135304  0.00106472 -0.00751754  0.0376936 -0.0315196  0.0167757 -0.140959  -0.16674  -9.80657 
             151.998  3.22312  15.7427 -103.094 0.735663  7.78695 0.733988 0 0 0   -0.011 -0.02329  0.04412 0.404059 -0.69344 0.216635  0.00132579  0.00107411 -0.00754636 0.0385061 -0.030987 0.0169622 -0.140776 -0.166511  -9.80658 
               152.1 4.85805  19.648 -110.84 0.764256  7.71258 0.747118 0 0 0   -0.011 -0.02329  0.04412 0.390335 -0.75453 0.114357  0.00127264  0.00110254 -0.00738674  0.0374246 -0.0299961    0.01732 -0.141137 -0.166153  -9.80658 
               152.2  6.46315  20.8621 -118.667 0.814379  7.63442 0.754912 0 0 0   -0.011 -0.02329  0.04412  0.430069   -0.8306 0.0109136  0.00118116  0.00124257 -0.00737201  0.0383046 -0.0306411  0.0172949 -0.140823 -0.166437  -9.80658 
             152.301  6.34728  20.7495 -126.839 0.855627   7.5507 0.751066 0 0 0   -0.011 -0.02329  0.04412   0.370258  -0.841671 -0.0795242  0.00122078  0.00137086 -0.00733923  0.0383561 -0.0306061  0.0173272 -0.140792 -0.166423  -9.80658 
             152.401 4.54956 19.7511 -134.71  0.89165  7.47223 0.743283 0 0 0   -0.011 -0.02329  0.04412  0.287678 -0.770627 -0.100353  0.00129905  0.00146292 -0.00734247 0.0390071 -0.030777 0.0172696 -0.140552 -0.166619  -9.80658 
             152.502 4.61553 17.8219 -142.46 0.919929  7.39951 0.732539 0 0 0   -0.011 -0.02329  0.04412  0.266383  -0.65888 -0.105328   0.0011864  0.00153387 -0.00738771   0.039242 -0.0307624  0.0173332 -0.140429 -0.166662  -9.80658 
             152.601  4.26775  16.3754 -150.344 0.943871  7.34495 0.728669 0 0 0   -0.011 -0.02329  0.04412   0.302031  -0.516862 -0.0738967   0.0012028  0.00155322 -0.00732823    0.03923 -0.0300557  0.0167388 -0.140375  -0.16636  -9.80658 
               152.7  1.96364  15.0188 -156.787 0.978255  7.29923 0.716767 0 0 0   -0.011 -0.02329  0.04412   0.328943  -0.413563 -0.0934177  0.00131932  0.00156455 -0.00741392  0.039509 -0.030346 0.0173565 -0.140218 -0.166573  -9.80658 
             152.801 -0.51299   14.274 -160.792  1.01725  7.26605 0.698956 0 0 0   -0.011 -0.02329  0.04412  0.368127 -0.280392 -0.128582  0.00134762  0.00152226 -0.00753864  0.0395807 -0.0296604  0.0182781 -0.139763 -0.166292  -9.80659 
             152.903 -3.04845  13.5598 -163.434  1.06311  7.24405 0.681133 0 0 0   -0.011 -0.02329  0.04412  0.517446 -0.166552 -0.155491  0.00135177  0.00150074 -0.00763331  0.0399027 -0.0295475  0.0187544 -0.139504 -0.166372   -9.8066 
             153.006 -5.10183  13.1205 -164.439  1.1165 7.22817 0.66741 0 0 0   -0.011 -0.02329  0.04412   0.611245 -0.0601053   -0.13142  0.00134957  0.00148977 -0.00774575   0.039296 -0.0305937  0.0185758 -0.140223 -0.166559  -9.80658 
             153.105  -5.5127  12.0055 -162.712  1.17724  7.22589 0.662125 0 0 0   -0.011 -0.02329  0.04412  0.673848 0.0346786 -0.053976  0.00125491  0.00155279 -0.00790911  0.0390128 -0.0307487  0.0179086 -0.140492 -0.166511  -9.80658 
               153.2 -3.98791  11.4773 -159.299  1.23322  7.23876 0.661121 0 0 0   -0.011 -0.02329  0.04412    0.569075    0.106686 -0.00643165  0.00122153  0.00152949 -0.00796778  0.0375765 -0.0296122  0.0176943 -0.140615 -0.165415   -9.8066 
               153.3 -2.87499  10.9982   -155.5  1.28168  7.25785 0.659687 0 0 0   -0.011 -0.02329  0.04412    0.45964    0.18562 -0.0243653   0.0012554  0.00150245 -0.00804121  0.0372026 -0.0287301  0.0177997 -0.140378 -0.164883  -9.80661 
               153.4 -2.92478  12.0002 -152.135 1.32126 7.28143 0.65849 0 0 0   -0.011 -0.02329  0.04412   0.430111   0.297809 -0.0522107 0.00131146    0.00143 -0.0080166  0.0364472 -0.0288784   0.017475 -0.140792 -0.164631  -9.80661 
               153.5 -3.27482  11.2209 -147.339  1.35772  7.30429 0.653759 0 0 0   -0.011 -0.02329  0.04412   0.412941   0.300752 -0.0688755  0.00132597  0.00151126 -0.00806264  0.0357228 -0.0302885  0.0172076 -0.141693 -0.164944  -9.80659 
               153.6 -3.75269  9.05482 -142.408  1.39615    7.332 0.642411 0 0 0   -0.011 -0.02329  0.04412  0.448877  0.293684 -0.102832  0.00136323  0.00155033 -0.00804924   0.034858 -0.0305637  0.0174215 -0.142148 -0.164717  -9.80659 
             153.699 -5.69049  8.08172 -137.191  1.43726  7.36596 0.634637 0 0 0   -0.011 -0.02329  0.04412   0.470469   0.339424 -0.0496445  0.00144545   0.0014732 -0.00812481  0.0343401 -0.0299734  0.0173834 -0.142171 -0.164263  -9.80659 
             153.798 -7.33663  8.64474  -131.63  1.49353  7.40239 0.632805 0 0 0   -0.011 -0.02329  0.04412    0.531958    0.348318 -0.00995517  0.00141411    0.001407 -0.00811814  0.0353135 -0.0298355  0.0173738  -0.14169 -0.164534   -9.8066 
               153.9 -8.52742  8.84703 -124.779  1.54788  7.43286 0.628818 0 0 0   -0.011 -0.02329  0.04412   0.511633   0.367201 -0.0381747  0.00144262  0.00141343 -0.00816464  0.0352049 -0.0306099  0.0174613 -0.141956  -0.16485  -9.80659 
             154.013 -9.86301  9.53704 -116.397    1.601  7.45941 0.623048 0 0 0   -0.011 -0.02329  0.04412   0.441116   0.371003 -0.0435924  0.00138423  0.00138119 -0.00823797  0.0353712 -0.0322436  0.0175098 -0.142277 -0.165642  -9.80657 
             154.097 -8.61357  8.90257 -106.151  1.64866  7.49382 0.615322 0 0 0   -0.011 -0.02329  0.04412    0.31402   0.352501 -0.0809693  0.00133623  0.00139616 -0.00825253  0.0360623 -0.0330211  0.0175349 -0.142107 -0.166135  -9.80656 
               154.2 -7.02539  7.10047    -95.4  1.66532  7.53132 0.608799 0 0 0   -0.011 -0.02329  0.04412   0.168786   0.309649 -0.0757847  0.00137271  0.00143642 -0.00835915  0.0358121 -0.0321765    0.01747 -0.142127 -0.165744  -9.80657 
             154.299 -5.76548  5.99976 -88.2009  1.67522  7.57166 0.604072 0 0 0   -0.011 -0.02329  0.04412    0.14977   0.343215 -0.0890482  0.00140369   0.0013478 -0.00838879  0.0363237 -0.0311449  0.0172905 -0.141919  -0.16538  -9.80658 
               154.4 -6.05851   6.8039 -85.4004 1.68107 7.60803 0.60341 0 0 0   -0.011 -0.02329  0.04412 0.0785023  0.190875  0.115689  0.00149597  0.00122213 -0.00818366  0.0362557 -0.0303311  0.0170817 -0.141988 -0.165167  -9.80658 
             154.499 -7.82174 0.921184 -85.7794  1.69464  7.61955 0.611754 0 0 0   -0.011 -0.02329  0.04412 0.0672143 0.0569946 0.0834724  0.00153095  0.00151858 -0.00797084  0.0358025 -0.0307602  0.0171075 -0.142036 -0.165306  -9.80658 
               154.6 -8.32688 -1.78864 -87.6594  1.70222  7.62778 0.622845 0 0 0   -0.011 -0.02329  0.04412 0.0984946 0.0980917  0.142507  0.00147206  0.00139855 -0.00798866  0.0358833 -0.0306346  0.0171207  -0.14204 -0.165275  -9.80658 
               154.7 -7.49156 -2.41205 -88.4986  1.70406  7.62417 0.644378 0 0 0   -0.011 -0.02329  0.04412 0.0316367 0.0418258  0.184524 0.00147112 0.00134566 -0.0080418  0.0346504 -0.0301177  0.0164737 -0.142218 -0.165405  -9.80657 
             154.802 -6.37147 -0.91225 -88.2073  1.70544  7.62937 0.653804 0 0 0   -0.011 -0.02329  0.04412 -0.0256395   0.153577  0.0810754  0.00145748  0.00129366 -0.00809392  0.0340547 -0.0304284   0.017118 -0.142326 -0.165521  -9.80657 
             154.901 -3.21069  1.65218 -86.0875  1.70525  7.64736 0.662454 0 0 0   -0.011 -0.02329  0.04412  -0.010331   0.173306 -0.0455289  0.00136067  0.00122333 -0.00819238  0.0340801 -0.0305353   0.016301 -0.142234 -0.165532  -9.80657 
             155.006 -0.0186022    4.27355   -83.7089  1.70838  7.66399 0.650075 0 0 0   -0.011 -0.02329  0.04412 -0.00103146    0.171385   -0.130535  0.00138974  0.00122394 -0.00817242  0.0341431 -0.0309805  0.0167175 -0.142195 -0.165587  -9.80657 
             155.101 -0.66344   3.8985 -82.5648  1.7037 7.67911 0.63395 0 0 0   -0.011 -0.02329  0.04412 0.0101427  0.124843 -0.158098   0.0015632  0.00136106 -0.00812325  0.0341237 -0.0304336  0.0169116 -0.142279  -0.16551  -9.80657 
             155.208 -4.00567  1.41163 -82.1855  1.70228  7.68857 0.617781 0 0 0   -0.011 -0.02329  0.04412 -0.0341207  0.0548904 -0.0656206  0.00163928  0.00141047 -0.00808758 0.0340249 -0.030272 0.0172575 -0.142316  -0.16549  -9.80657 
             155.303   -5.7145 -0.333986  -82.4021   1.7047  7.70127 0.609438 0 0 0   -0.011 -0.02329  0.04412  0.0288305  0.0573582 -0.0563966   0.0014765  0.00128896 -0.00809517  0.0349108 -0.0307036  0.0178712 -0.142174 -0.165374  -9.80658 
             155.392  -4.4955 0.433745 -82.0516    1.702  7.70432 0.597622 0 0 0   -0.011 -0.02329  0.04412 -0.0660418  0.0169848  -0.103404  0.00146333  0.00130114 -0.00809523  0.0347885 -0.0306418  0.0182386 -0.142203 -0.165373  -9.80657 
             155.506 -2.92662 0.163948  -81.883  1.69612  7.70695 0.598318 0 0 0   -0.011 -0.02329  0.04412 -0.00598443   0.0144861  -0.0327689  0.00149846  0.00132458 -0.00808465  0.0349185 -0.0302063  0.0176574 -0.142232 -0.165335  -9.80658 
             155.606 -2.70599 0.132124 -81.6477  1.7036 7.70358 0.60004 0 0 0   -0.011 -0.02329  0.04412   -0.01353 -0.0111255 -0.0182292  0.00151334  0.00133367 -0.00809968  0.0344432 -0.0309444  0.0170432 -0.142136 -0.165462  -9.80657 
             155.704 -2.73168  0.17104 -81.7797 1.70044  7.7007 0.60699 0 0 0   -0.011 -0.02329  0.04412 -0.00557894  -0.0126752   0.0160294 0.00155443 0.00132111 -0.0080705  0.0342491 -0.0306447  0.0162504 -0.142164 -0.165476  -9.80657 
             155.804 -2.62341 0.143664  -81.753   1.7011  7.69732 0.612409 0 0 0   -0.011 -0.02329  0.04412 0.000861307  -0.0140016   0.0306223  0.00155545   0.0013175 -0.00807706  0.0340175 -0.0307536  0.0158791 -0.142154 -0.165519  -9.80657 
               155.9  -2.57279 0.0573548   -81.673  1.70103  7.69831 0.614206 0 0 0   -0.011 -0.02329  0.04412 -0.000452178    -0.021112    0.0240514  0.00155665  0.00132291 -0.00807956  0.0342896 -0.0307484  0.0159895 -0.142139 -0.165479  -9.80657 
             156.009 -2.54103 0.126939  -81.685  1.70147  7.69861 0.609929 0 0 0   -0.011 -0.02329  0.04412  0.00413038 -0.00826856 0.000857899  0.00154826  0.00132162 -0.00807978  0.0345114 -0.0308039  0.0166806  -0.14213 -0.165446  -9.80657 
             156.106 -2.55757 0.490108 -81.5678  1.70467   7.6997 0.607886 0 0 0   -0.011 -0.02329  0.04412  0.00562179   0.0042453 -0.00406297  0.00154548  0.00129784 -0.00808785  0.0346578 -0.0311292  0.0168999 -0.142078 -0.165445  -9.80658 
             156.203 -2.56111 0.622034 -81.5451   1.7049  7.70152 0.607264 0 0 0   -0.011 -0.02329  0.04412  0.00354563   0.0143538 -0.00565335  0.00155614  0.00130078 -0.00808223 0.0347759 -0.031102 0.0169238 -0.142074 -0.165426  -9.80658 
               156.3 -2.55868 0.638823 -81.5268  1.70236   7.7077 0.607488 0 0 0   -0.011 -0.02329  0.04412  -0.0043414   0.0228983 -0.00400941  0.00156228  0.00129213 -0.00809133  0.0352792 -0.0308592  0.0168547 -0.142073  -0.16534  -9.80658 
             156.402 -2.55099 0.643336 -81.5469  1.70119  7.70242 0.606145 0 0 0   -0.011 -0.02329  0.04412 -0.00529516 -0.00587435 -0.00826821  0.00156651   0.0013036 -0.00807336  0.0346147 -0.0307304   0.016953 -0.142137 -0.165425  -9.80657 
             156.501 -2.51867 0.852225 -81.5248  1.70192  7.69966 0.603584 0 0 0   -0.011 -0.02329  0.04412 -0.00284346 -0.00853766  -0.0139249  0.00155228  0.00129968 -0.00806793  0.0343703 -0.0308405  0.0171263 -0.142141 -0.165464  -9.80657 
               156.6 -2.51155  1.02942 -81.5042  1.70249  7.70049 0.604824 0 0 0   -0.011 -0.02329  0.04412   0.00384916 -0.000511375  -0.00678746  0.00155703  0.00128585 -0.00806592  0.0345214 -0.0309121  0.0168319 -0.142116 -0.165451  -9.80657 
               156.7 -2.49583   1.0578 -81.4213  1.70166  7.69763 0.605013 0 0 0   -0.011 -0.02329  0.04412  0.00350903  -0.0124247 -0.00490842   0.0015601  0.00129774 -0.00809108  0.0342665 -0.0307943  0.0167447 -0.142146 -0.165482  -9.80657 
               156.8 -2.45788  1.11168   -81.37  1.70736  7.69874 0.606558 0 0 0   -0.011 -0.02329  0.04412   0.0265335   0.0013741 0.000896018  0.00156054  0.00129993 -0.00809003  0.0344236 -0.0312528  0.0164748 -0.142069 -0.165492  -9.80657 
             156.899   -2.515   1.2386 -81.2646  1.70553  7.69829 0.607698 0 0 0   -0.011 -0.02329  0.04412   0.00908849 -0.000879447   0.00559582   0.0015704  0.00129009 -0.00808556  0.0344285 -0.0309754  0.0164141 -0.142105 -0.165477  -9.80657 
                 157  -2.4827  1.32903 -81.2494  1.70887   7.6968 0.608971 0 0 0   -0.011 -0.02329  0.04412   0.0123308 -0.00173101  0.00719435  0.00156245  0.00128353 -0.00807277  0.0342638 -0.0311141  0.0163445 -0.142095 -0.165509  -9.80657 
               157.1 -2.50185  1.13871 -81.3135 1.70819 7.69927 0.60656 0 0 0   -0.011 -0.02329  0.04412   0.0055052  0.00624605 -0.00399313  0.00155804  0.00130163 -0.00806861  0.0345005 -0.0310068  0.0166141   -0.1421 -0.165464  -9.80657 
               157.2 -2.48975   1.1591 -81.3291  1.70183   7.7002 0.605549 0 0 0   -0.011 -0.02329  0.04412  -0.0179471   0.0007149 -0.00775686  0.00155163  0.00129391 -0.00806897  0.0345912 -0.0304774  0.0167193 -0.142168  -0.16542  -9.80657 
             157.308  -2.4375   1.1737 -81.2768  1.70498  7.70071 0.605478 0 0 0   -0.011 -0.02329  0.04412  0.00456709  -0.0106879 -0.00883072  0.00154731   0.0012955 -0.00807619  0.0346324 -0.0308682  0.0166067 -0.142111 -0.165439  -9.80658 
             157.398 -2.45234   1.3338  -81.104  1.70472  7.69662 0.604957 0 0 0   -0.011 -0.02329  0.04412   0.0109824  0.00601184 -0.00878414  0.00158779  0.00128528 -0.00810408   0.034367 -0.0307592  0.0165787 -0.142141 -0.165469  -9.80657 
               157.5 -2.31994  1.73027 -80.8085  1.70783  7.69689 0.604439 0 0 0   -0.011 -0.02329  0.04412   0.0179094  -0.0231336 -0.00798182   0.0015686   0.0012677 -0.00809454  0.0344445 -0.0309119  0.0165126 -0.142115 -0.165468  -9.80657 
             157.602 -2.12805  1.91425 -80.4277  1.71073  7.69551 0.607332 0 0 0   -0.011 -0.02329  0.04412  0.0312371 0.00220998 0.00806308  0.00156877  0.00126935 -0.00810176  0.0344717 -0.0309646  0.0161436   -0.1421 -0.165477  -9.80657 
               157.7 -2.04856  1.96243  -79.393  1.71529  7.69462 0.610049 0 0 0   -0.011 -0.02329  0.04412  0.0909227 -0.0208852  0.0429596  0.00158086  0.00128105 -0.00813695  0.0344686 -0.0310133  0.0160717 -0.142093 -0.165481  -9.80657 
               157.8 -1.38254 0.455769 -77.2641  1.72921  7.69218 0.616801 0 0 0   -0.011 -0.02329  0.04412   0.170665 -0.0690536  0.0939711  0.00152739   0.0013544 -0.00818815  0.0346609 -0.0310717  0.0161366 -0.142078 -0.165456  -9.80658 
             157.905   -3.8239 -0.453037  -74.3251  1.74838  7.67673 0.627467 0 0 0   -0.011 -0.02329  0.04412  0.213032 -0.161472  0.132793  0.00168036  0.00132598 -0.00821191  0.0341633 -0.0310136  0.0162504 -0.142099 -0.165518  -9.80657 
             157.999 -3.78038 0.478948 -72.2796  1.77429  7.66109 0.641989 0 0 0   -0.011 -0.02329  0.04412  0.265044 -0.135601  0.160948  0.00154649  0.00122842 -0.00820662  0.0342321 -0.0311784  0.0162159 -0.142078 -0.165508  -9.80657 
             158.104 -1.63467  2.98429 -70.4774  1.79759  7.65193 0.662307 0 0 0   -0.011 -0.02329  0.04412   0.22098 -0.114632   0.18666   0.0014774  0.00116015 -0.00818351  0.0345748 -0.0310432  0.0158465 -0.142099 -0.165473  -9.80657 
              158.21 0.193875   4.3539 -68.8001  1.81703   7.6399 0.680022 0 0 0   -0.011 -0.02329  0.04412   0.144594 -0.0896019   0.163863  0.00150427  0.00120191 -0.00816064  0.0344183 -0.0310764  0.0158926 -0.142085 -0.165487  -9.80657 
               158.3  3.75815   5.0072 -67.6726  1.82944  7.63614 0.690198 0 0 0   -0.011 -0.02329  0.04412     0.155977 -0.000382964    0.0949197  0.00142391  0.00123289 -0.00815049  0.0345925 -0.0309948  0.0162163 -0.142116 -0.165471  -9.80657 
             158.402  6.09769  5.15528 -66.8683   1.8423  7.64557 0.695327 0 0 0   -0.011 -0.02329  0.04412  0.163029  0.107532 0.0295963  0.00151068  0.00123097 -0.00811821  0.0350939 -0.0308255     0.0164 -0.142193 -0.165443  -9.80657 
               158.5  5.96057  5.03176 -66.2771  1.86186  7.66012 0.689341 0 0 0   -0.011 -0.02329  0.04412  0.150608  0.184696 -0.034585  0.00162629  0.00124976 -0.00810512  0.0348677 -0.0310852   0.017003 -0.142129  -0.16537  -9.80658 
               158.6  6.48203  4.72602 -65.8958  1.88086  7.67943 0.685863 0 0 0   -0.011 -0.02329  0.04412   0.190232   0.246065 -0.0344241  0.00156901  0.00127093 -0.00810903  0.0345343 -0.0313142  0.0169835 -0.142066 -0.165357  -9.80658 
             158.696  7.36978  3.05638 -65.2782  1.90829  7.70732 0.686211 0 0 0   -0.011 -0.02329  0.04412   0.271904   0.237297 0.00965132  0.00155536  0.00134716 -0.00811811  0.0344993 -0.0315878  0.0166986 -0.142062 -0.165351  -9.80658 
             158.806  7.94091  2.57239 -64.1917  1.93307  7.73207 0.690311 0 0 0   -0.011 -0.02329  0.04412  0.307985  0.224121 0.0530962   0.0015834  0.00127395 -0.00813111  0.0349913 -0.0316001  0.0165706 -0.142154  -0.16534  -9.80658 
              158.91   7.7105  3.87773 -64.0232  1.96384  7.74997 0.698498 0 0 0   -0.011 -0.02329  0.04412  0.336747   0.16509 0.0615695  0.00161045  0.00119098 -0.00808361 0.0348592 -0.031379 0.0163336 -0.142157 -0.165409  -9.80657 
             159.001  7.93744  4.14989 -65.8289  2.00014  7.76063 0.709266 0 0 0   -0.011 -0.02329  0.04412  0.372496 0.0925085 0.0672083  0.00157001  0.00125625 -0.00799935  0.0346389 -0.0314935  0.0157928  -0.14216 -0.165458  -9.80657 
               159.1  8.18614  4.25764 -67.7831   2.0391  7.76099 0.716757 0 0 0   -0.011 -0.02329  0.04412  0.433342 0.0136067 0.0560113  0.00159685  0.00128007 -0.00798161  0.0341537 -0.0312164  0.0156115 -0.142098 -0.165544  -9.80657 
               159.2  7.65746  4.13096 -70.3902  2.08473   7.7624 0.717031 0 0 0   -0.011 -0.02329  0.04412   0.497516 -0.0483575  0.0369279   0.0015827  0.00127889 -0.00797833  0.0344817 -0.0311526  0.0160981 -0.142112 -0.165481  -9.80657 
               159.3  8.38769  4.89871 -73.0373 2.13823 7.75376 0.72337 0 0 0   -0.011 -0.02329  0.04412   0.569117 -0.0583759  0.0621741 0.00153553 0.00126487  -0.007923  0.0341972 -0.0310888  0.0158954 -0.142094 -0.165531  -9.80657 
               159.4  9.25589  5.43226 -74.8412  2.19952   7.7498 0.723298 0 0 0   -0.011 -0.02329  0.04412    0.59641 -0.0394353  0.0506572  0.00152994  0.00127459 -0.00795606  0.0341043 -0.0311838  0.0165696 -0.142009 -0.165451  -9.80658 
             159.499  10.6168  5.81582 -75.7936  2.25854  7.75094 0.731822 0 0 0   -0.011 -0.02329  0.04412  0.537119  0.003233 0.0765066   0.0015008  0.00127093 -0.00800011  0.0344162 -0.0314812  0.0163819 -0.142027 -0.165424  -9.80658 
             159.599  12.6313  5.91957 -75.5035  2.30372  7.75478 0.742855 0 0 0   -0.011 -0.02329  0.04412  0.384068 0.0642289 0.0795837  0.00148752  0.00129675 -0.00804809 0.0345159 -0.031393 0.0161293 -0.142071 -0.165447  -9.80658 
             159.699  12.7721  5.34765 -74.6927  2.32968   7.7658 0.746846 0 0 0   -0.011 -0.02329  0.04412  0.218931  0.145452 0.0309186  0.00160507    0.001302 -0.00809603 0.0347234 -0.031119 0.0162085 -0.142092 -0.165417  -9.80658 
             159.797  13.1791  5.61796 -73.6307  2.3471  7.7889 0.74713 0 0 0   -0.011 -0.02329  0.04412  0.177032  0.251526 0.0112368  0.00157872  0.00125483 -0.00811893  0.0350124 -0.0308025  0.0164464 -0.142092 -0.165358  -9.80658 
             159.899  12.0826  5.36679 -73.5397  2.36186  7.81314 0.743952 0 0 0   -0.011 -0.02329  0.04412     0.166792      0.29756 -0.000790784 0.00167186 0.00129874 -0.0080692   0.034875 -0.0304522  0.0167474 -0.142068 -0.165338  -9.80658 
             159.994   11.396  6.05572 -74.2482  2.38164  7.84842 0.744499 0 0 0   -0.011 -0.02329  0.04412   0.174883   0.347392 0.00875859  0.00163774  0.00125491 -0.00802115  0.0349059 -0.0306182  0.0167803 -0.142049 -0.165327  -9.80658 
             160.101  9.93434  7.37427 -76.6703  2.39642  7.88164 0.740795 0 0 0   -0.011 -0.02329  0.04412   0.139481   0.280022 0.00105562  0.00166728  0.00125096 -0.00793151  0.0348495 -0.0302337  0.0172525 -0.142002 -0.165281  -9.80658 
               160.2  10.3262  9.77396 -79.4976  2.41672  7.90449 0.740052 0 0 0   -0.011 -0.02329  0.04412  0.131061  0.195675 0.0116634  0.00158909  0.00122696 -0.00790824  0.0345035 -0.0309461  0.0175207 -0.141879 -0.165273  -9.80658 
               160.3   11.211  11.1754 -81.1781  2.43606  7.91028 0.749755 0 0 0   -0.011 -0.02329  0.04412  0.171243 0.0903979 0.0349742 0.00158913 0.00124997 -0.0080005  0.0337279 -0.0314939  0.0167237 -0.141929  -0.16547  -9.80658 
             160.399  10.9813  10.2574 -83.6061    2.448   7.9144 0.755757 0 0 0   -0.011 -0.02329  0.04412    0.18149 0.00820248  0.0164348 0.00160466 0.00137058  -0.007978 0.0338083 -0.031009 0.0163163 -0.14204  -0.1655 -9.80658 
             160.501  10.9375  8.51654 -85.9873  2.45899  7.91955 0.755971 0 0 0   -0.011 -0.02329  0.04412   0.118665 -0.0134173   0.029084  0.00159641  0.00141133 -0.00799527  0.0342889 -0.0306228  0.0165024 -0.142024 -0.165385  -9.80658 
             160.601  11.9873  8.02779 -87.0396  2.46451  7.92118 0.758649 0 0 0   -0.011 -0.02329  0.04412 0.0712384 0.0541474 0.0393476  0.00156415  0.00135324 -0.00804092  0.0342065 -0.0301534  0.0166321 -0.142059 -0.165318  -9.80658 
             160.699  12.0427  7.00379 -87.4889 2.47155 7.93186 0.76049 0 0 0   -0.011 -0.02329  0.04412 -0.0137756  0.0750772  0.0206626 0.00161588 0.00137365 -0.0080849  0.0346168 -0.0304518  0.0167972 -0.141952 -0.165299  -9.80658 
               160.8  13.0877  7.20048 -86.4726  2.46731  7.93786 0.760711 0 0 0   -0.011 -0.02329  0.04412 -0.090108  0.113292 0.0067562  0.00157765  0.00130611 -0.00816248  0.0342525 -0.0305697  0.0169045 -0.141973 -0.165343  -9.80658 
               160.9   13.362  7.88439 -84.8546  2.45652  7.95328 0.757544 0 0 0   -0.011 -0.02329  0.04412  -0.127732   0.120737 -0.0181113  0.00163108  0.00125946 -0.00819903  0.0344922 -0.0304144  0.0172639 -0.141884 -0.165262  -9.80658 
             161.002  12.3874  7.85025 -83.2211  2.44069  7.96371 0.751767 0 0 0   -0.011 -0.02329  0.04412  -0.155013  0.0903941 -0.0403752 0.00168662 0.00128295 -0.0081996  0.0343818 -0.0300878  0.0175529 -0.141871 -0.165197  -9.80658 
             161.101  12.3617  7.44735 -81.4868  2.42493   7.9701 0.747042 0 0 0   -0.011 -0.02329  0.04412  -0.134895  0.0522034 -0.0404709  0.00165165  0.00128938 -0.00821929 0.0342386 -0.029939 0.0176247 -0.141887 -0.165184  -9.80658 
               161.2 12.8859  6.1714 -80.264  2.41474  7.97124 0.745941 0 0 0   -0.011 -0.02329  0.04412 -0.0701287 -0.0199931 -0.0205927  0.00160651   0.0013228 -0.00819471 0.0341753 -0.030224  0.017344  -0.14192 -0.165253  -9.80658 
             161.306 13.4295 5.39425 -79.695  2.4138 7.96573 0.74916 0 0 0   -0.011 -0.02329  0.04412 0.0165344 -0.065647 0.0243256  0.00162387  0.00131398 -0.00816299  0.0341792 -0.0305698   0.017024 -0.141946 -0.165317  -9.80658 
             161.422 13.6262 5.27959  -79.75  2.41775  7.95911 0.755667 0 0 0   -0.011 -0.02329  0.04412  0.0746636 -0.0931509   0.056985 0.00163869 0.00129733 -0.0081394  0.0342822 -0.0307143  0.0167213 -0.141983 -0.165346  -9.80658 
             161.503  14.1689  5.41939 -79.7844  2.43454  7.94785 0.758901 0 0 0   -0.011 -0.02329  0.04412  0.214377 -0.159844  0.060305  0.00162452  0.00126032 -0.00813402 0.0342818 -0.030852 0.0170277 -0.141913 -0.165324  -9.80658 
             161.604  14.6778  5.58846 -80.3507 2.45583 7.92553 0.75869 0 0 0   -0.011 -0.02329  0.04412   0.31935 -0.273041 0.0392377 0.00160344  0.0012708 -0.0081135  0.0341102 -0.0303654  0.0173826 -0.141895 -0.165285  -9.80658 
               161.7 15.1833 6.76652 -81.827  2.49463  7.88553 0.766137 0 0 0   -0.011 -0.02329  0.04412  0.429076 -0.385115 0.0338991  0.00156489   0.0011966 -0.00803217  0.0335926 -0.0305507  0.0170236 -0.141965 -0.165386  -9.80658 
             161.805  15.8611  7.54729 -83.8277  2.54209  7.84849 0.767626 0 0 0   -0.011 -0.02329  0.04412  0.492208  -0.40816 0.0278209   0.0015498  0.00123552 -0.00801538  0.0337713 -0.0306463  0.0171952 -0.141914 -0.165357  -9.80658 
             161.899  16.8692  7.51055 -85.2742  2.59589  7.81085 0.771624 0 0 0   -0.011 -0.02329  0.04412  0.518943 -0.358084 0.0390279  0.00153164   0.0012897 -0.00805669  0.0339467 -0.0308606   0.017224 -0.141879 -0.165354  -9.80658 
                 162 17.7127 6.87353 -86.664  2.64194  7.78161 0.776897 0 0 0   -0.011 -0.02329  0.04412  0.459801 -0.278798  0.033773  0.00154431  0.00132041 -0.00805061  0.0343036 -0.0305665  0.0170405 -0.141913   -0.1653  -9.80658 
             162.107  17.1405  5.90186 -87.6048  2.68924  7.75579 0.777995 0 0 0   -0.011 -0.02329  0.04412   0.426726   -0.19247 0.00234893  0.00164165  0.00134281 -0.00809634 0.0342737 -0.030479 0.0171206 -0.141904 -0.165284  -9.80658 
              162.21  17.1106  5.08211 -89.0294   2.7324  7.73989 0.774869 0 0 0   -0.011 -0.02329  0.04412     0.49044   -0.117038 -0.00466262  0.00160373  0.00134582 -0.00808038  0.0340195 -0.0305751   0.017513 -0.141835 -0.165297  -9.80658 
             162.299  17.0488  5.93313 -89.6691  2.78162  7.73511 0.772429 0 0 0   -0.011 -0.02329  0.04412    0.515409 -0.00873517  0.00717715  0.00161192  0.00128383 -0.00811148  0.0341516 -0.0302467  0.0177748 -0.141774 -0.165215  -9.80658 
               162.4  16.9857  6.98767 -89.8024  2.83481   7.7397 0.771895 0 0 0   -0.011 -0.02329  0.04412  0.534247 0.0736308 0.0320842  0.00161824  0.00125468 -0.00812738  0.0342887 -0.0301136  0.0180397 -0.141697 -0.165167  -9.80659 
             162.505  18.5706  7.42289 -89.4045  2.88842  7.75158 0.782143 0 0 0   -0.011 -0.02329  0.04412  0.563585  0.118665 0.0726995  0.00158612  0.00127584 -0.00813802  0.0346887 -0.0305419  0.0175336 -0.141727 -0.165231  -9.80658 
             162.595  21.4001   7.7186 -89.0513  2.94199  7.76145 0.796896 0 0 0   -0.011 -0.02329  0.04412  0.512473 0.0706107  0.121046  0.00147147  0.00128302 -0.00813099  0.0345983 -0.0304782  0.0170247  -0.14187 -0.165246  -9.80658 
             162.699  22.4939  7.12617 -88.8314  2.98378  7.76391 0.808595 0 0 0   -0.011 -0.02329  0.04412  0.387939 0.0238991 0.0896279  0.00157957  0.00131669 -0.00814283  0.0344361 -0.0298623  0.0167827 -0.141988 -0.165147  -9.80658 
              162.81  22.7433  7.91943 -88.8429  3.01621  7.76803 0.816053 0 0 0   -0.011 -0.02329  0.04412  0.324358 0.0761117 0.0656699  0.00160649  0.00128388 -0.00811861  0.0343636 -0.0298831  0.0167803 -0.141999 -0.165158  -9.80658 
               162.9  22.0421  8.40267 -88.4634   3.0528   7.7738 0.807853 0 0 0   -0.011 -0.02329  0.04412   0.303687   0.055086 -0.0283969    0.001655  0.00127852 -0.00814003 0.0340695 -0.029578 0.0178265 -0.141749 -0.165081  -9.80659 
             163.004  22.0743  9.42531 -85.9918  3.07682   7.7835 0.804845 0 0 0   -0.011 -0.02329  0.04412   0.322593  0.0890259 -0.0391831  0.00164129  0.00122424 -0.00822481   0.034295 -0.0290944  0.0176727 -0.141776 -0.164976  -9.80659 
             163.099  20.5818  10.5722 -82.5009  3.11018  7.78316 0.801118 0 0 0   -0.011 -0.02329  0.04412   0.380165 0.00484151 -0.0333337  0.00173486   0.0011813 -0.00828066  0.0336433 -0.0290535  0.0174785 -0.141925 -0.165037  -9.80658 
             163.217  19.0931  12.0223 -77.9169  3.15376  7.77974 0.798497 0 0 0   -0.011 -0.02329  0.04412   0.510932 -0.0864702 0.00870316  0.00174286  0.00114915 -0.00829763  0.0336893 -0.0289861  0.0175837 -0.141892 -0.165013  -9.80659 
             163.301  19.1584  13.2342 -73.4079   3.2129  7.76812 0.796849 0 0 0   -0.011 -0.02329  0.04412  0.603025  -0.14731 0.0408735  0.00166775   0.0011701 -0.00825744  0.0335283 -0.0290483  0.0181379 -0.141747 -0.164971  -9.80659 
             163.399  18.2104  12.8738 -71.0574  3.27561  7.75329 0.808673 0 0 0   -0.011 -0.02329  0.04412  0.595314 -0.188532 0.0498102  0.00172587  0.00122189 -0.00825637  0.0340118 -0.0296077  0.0175499 -0.141845 -0.165068  -9.80659 
               163.5  17.9647  12.2898 -70.9174  3.33582  7.73425 0.809325 0 0 0   -0.011 -0.02329  0.04412    0.586707   -0.191932 -0.00971129 0.00167157 0.00126493 -0.0081766  0.0338576 -0.0298323  0.0177511  -0.14178 -0.165045  -9.80659 
             163.597  19.9296  12.6419 -72.3522  3.39878  7.71821 0.803409 0 0 0   -0.011 -0.02329  0.04412   0.592315  -0.177946 -0.0525851    0.001547  0.00123951 -0.00810265  0.0339514 -0.0299913  0.0181768 -0.141698 -0.164944  -9.80659 
               163.7  20.2744  12.1573 -75.8928  3.45514  7.69779 0.796194 0 0 0   -0.011 -0.02329  0.04412   0.563756   -0.21853 -0.0775886   0.0015781  0.00132631 -0.00801189  0.0340231 -0.0295015   0.018151 -0.141736 -0.164957  -9.80659 
             163.808 19.2607 10.7218 -80.887  3.50704  7.68178 0.787229 0 0 0   -0.011 -0.02329  0.04412   0.551871  -0.228516 -0.0894962  0.00162085    0.001363 -0.00800999  0.0346376 -0.0294066  0.0183887 -0.141743 -0.164865  -9.80659 
               163.9  18.6954  9.90317 -86.4436  3.56764  7.65559 0.777669 0 0 0   -0.011 -0.02329  0.04412   0.558005  -0.223233 -0.0887143  0.00157966    0.001352 -0.00799158  0.0341841 -0.0297821  0.0184902 -0.141681  -0.16489  -9.80659 
             164.008  17.8242  9.45371 -92.7159  3.62436  7.63589 0.769355 0 0 0   -0.011 -0.02329  0.04412   0.566134  -0.181469 -0.0869822  0.00157285  0.00137174 -0.00792529  0.0341718 -0.0299708  0.0185259  -0.14166 -0.164901  -9.80659 
             164.103  17.1978  8.47573 -98.0772  3.67996  7.61799 0.755172 0 0 0   -0.011 -0.02329  0.04412  0.579695 -0.119162  -0.10387 0.00155043 0.00140101 -0.0079496  0.0337324 -0.0295709  0.0189415 -0.141631  -0.16483  -9.80659 
               164.2  16.9105  7.34671 -102.411  3.73385  7.60632 0.747863 0 0 0   -0.011 -0.02329  0.04412   0.593719 -0.0545113 -0.0667552  0.00151626  0.00140436 -0.00799541  0.0332614 -0.0292276  0.0185751 -0.141824  -0.16482  -9.80659 
               164.3  16.1556  5.86448 -105.519  3.78253  7.59635 0.744572 0 0 0   -0.011 -0.02329  0.04412   0.550463 -0.0470201 -0.0287488 0.00156116 0.00144253 -0.0080604  0.0323557 -0.0286432  0.0180133 -0.142193 -0.164722  -9.80659 
             164.399  15.3885   5.1045 -107.326  3.84027  7.59169 0.737953 0 0 0   -0.011 -0.02329  0.04412   0.457231 -0.0979748 -0.0624957   0.0015357  0.00140023 -0.00808599  0.0328213 -0.0290647  0.0185062 -0.141955  -0.16485  -9.80659 
               164.5  16.2202  4.76058 -109.749  3.88336  7.58652 0.733417 0 0 0   -0.011 -0.02329  0.04412   0.460355 -0.0715464 -0.0424948  0.00145902  0.00139404 -0.00808398 0.0333529 -0.028649 0.0184149 -0.141781 -0.164721  -9.80659 
             164.599  15.8415  4.37912 -112.237  3.93568  7.58138 0.727157 0 0 0   -0.011 -0.02329  0.04412   0.517218 -0.0522463 -0.0863263  0.00152507  0.00141321 -0.00807894  0.0336038 -0.0287901  0.0185687 -0.141677  -0.16479  -9.80659 
             164.701  13.6435  2.98294 -114.474  3.98739  7.58205 0.715153 0 0 0   -0.011 -0.02329  0.04412  0.554589 0.0021064 -0.136376 0.00156561 0.00142696 -0.0081076   0.033977 -0.0283121  0.0186406  -0.14149 -0.164649   -9.8066 
             164.799  13.3106  3.74047 -114.233  4.04637  7.58023 0.706515 0 0 0   -0.011 -0.02329  0.04412  0.649629 0.0222469 -0.119588  0.00151254  0.00132885 -0.00819247  0.0334974 -0.0286825  0.0179829 -0.141803 -0.164689  -9.80659 
             164.906 12.4331 4.90983 -112.93  4.11015  7.58378 0.697318 0 0 0   -0.011 -0.02329  0.04412   0.646238  0.0610454 -0.0943238  0.00155408  0.00130871 -0.00822775  0.0333718 -0.0286859  0.0177716 -0.141879  -0.16466  -9.80659 
                 165  11.7052  5.19349 -110.783  4.16973  7.59282 0.686982 0 0 0   -0.011 -0.02329  0.04412   0.574312  0.0879844 -0.0888831  0.00156403  0.00133109 -0.00828151  0.0333044 -0.0282327  0.0178797 -0.141841 -0.164492  -9.80659 
             165.108  10.1326  5.13811 -108.196  4.22082  7.60041 0.680282 0 0 0   -0.011 -0.02329  0.04412   0.411647   0.114691 -0.0606611  0.00160492  0.00129367 -0.00830574  0.0331691 -0.0286495  0.0177075 -0.141956 -0.164624  -9.80659 
             165.199   8.6943  5.84301 -104.955  4.25552  7.61318 0.674243 0 0 0   -0.011 -0.02329  0.04412   0.343131   0.121051 -0.0234086  0.00159184  0.00129398 -0.00830527  0.0330533 -0.0282419   0.017872 -0.141944 -0.164474  -9.80659 
               165.3  6.81121  6.43959 -103.776  4.29106  7.62194 0.670606 0 0 0   -0.011 -0.02329  0.04412   0.316397   0.120173 0.00457882   0.0016019  0.00129415 -0.00825029 0.0328544 -0.028651 0.0182432 -0.141993 -0.164625  -9.80659 
             165.399  5.03347  6.02158 -104.594  4.32153  7.63175 0.664834 0 0 0   -0.011 -0.02329  0.04412   0.298323   0.130564 -0.0293478  0.00158251  0.00133365 -0.00816796  0.0324697 -0.0286421  0.0188455 -0.142055 -0.164618  -9.80659 
             165.507  4.81063  5.08223 -106.669  4.35575  7.64824 0.666383 0 0 0   -0.011 -0.02329  0.04412   0.290372   0.180433 -0.0300653  0.00151846  0.00136237 -0.00810758  0.0329675 -0.0290429  0.0183249  -0.14195 -0.164763  -9.80659 
               165.6  5.87152  5.27364 -109.091 4.38493 7.67057 0.66934 0 0 0   -0.011 -0.02329  0.04412  0.317622  0.275989 0.0207357  0.00147606  0.00134744 -0.00810862  0.0330392 -0.0290811  0.0179236 -0.141958 -0.164784  -9.80659 
             165.699  6.15557  5.22186 -113.024  4.41538  7.70371 0.672929 0 0 0   -0.011 -0.02329  0.04412 0.300318 0.328959 0.043446  0.00146365  0.00137281 -0.00800786  0.0331547 -0.0287071  0.0178616 -0.141917 -0.164665  -9.80659 
               165.8 5.56696 5.34512 -118.39   4.4473  7.73892 0.679252 0 0 0   -0.011 -0.02329  0.04412 0.226834 0.321546 0.130824  0.00148821  0.00136885 -0.00794906  0.0337447 -0.0290853  0.0181176 -0.141707 -0.164817  -9.80659 
             165.907  6.15721  6.54043 -122.538  4.46405  7.76844 0.698981 0 0 0   -0.011 -0.02329  0.04412 0.174361 0.265972 0.198625  0.00146513  0.00133813 -0.00799815  0.0334053 -0.0289417  0.0176889 -0.141854 -0.164741  -9.80659 
             166.001    7.611  7.18256 -124.197 4.48142 7.79008 0.71922 0 0 0   -0.011 -0.02329  0.04412 0.176657 0.238872 0.249651  0.00142419  0.00136303 -0.00809325  0.0331763 -0.0292673  0.0179106 -0.141966 -0.164839  -9.80659 
             166.104  7.23546  7.01585 -124.659  4.50359  7.81026 0.749547 0 0 0   -0.011 -0.02329  0.04412 0.211575  0.27794 0.283887  0.00150443  0.00141582 -0.00814442 0.0330594 -0.030021 0.0175256 -0.142162 -0.165113  -9.80658 
               166.2 4.67745 5.34718 -123.34 4.52172 7.84082 0.77656 0 0 0   -0.011 -0.02329  0.04412 0.100177 0.361295 0.309595  0.00160597  0.00147743 -0.00825897  0.0332148 -0.0301913  0.0177616 -0.142109 -0.165211  -9.80658 
             166.298 2.25825 3.83716 -119.82  4.52149  7.89055 0.799317 0 0 0   -0.011 -0.02329  0.04412 -0.00795039    0.526544    0.287908  0.00161972  0.00144473 -0.00837362  0.0328795 -0.0289917  0.0187101 -0.141949 -0.164688  -9.80659 
             166.399  2.30325  1.94289 -116.476  4.51211  7.95283 0.832863 0 0 0   -0.011 -0.02329  0.04412 -0.133047  0.601386  0.312527  0.00151714  0.00146316 -0.00835257 0.0330362 -0.028213 0.0182273 -0.141781 -0.164396   -9.8066 
               166.5   5.15825 -0.425166  -113.169  4.48842  8.01321 0.862149 0 0 0   -0.011 -0.02329  0.04412 -0.268445  0.623703  0.281623  0.00138343  0.00149006 -0.00839416  0.0324284 -0.0280731  0.0184237 -0.141994 -0.164248   -9.8066 
             166.601   8.65185 -0.500384  -110.449  4.45629  8.07317 0.887783 0 0 0   -0.011 -0.02329  0.04412 -0.344688  0.612768  0.223605  0.00136222  0.00138756 -0.00832876  0.0321115 -0.0278807  0.0184888 -0.142093 -0.164135   -9.8066 
               166.7  11.9619  2.33186 -108.507  4.41219  8.13015 0.904857 0 0 0   -0.011 -0.02329  0.04412 -0.372718  0.633779  0.140399 0.00136728 0.00127668 -0.0082715  0.0308778 -0.0277239  0.0185652 -0.142533  -0.16397  -9.80659 
               166.8  15.7781   6.2279 -107.742 4.38111 8.19541 0.92172 0 0 0   -0.011 -0.02329  0.04412 -0.244363  0.652469  0.104077  0.00136006  0.00123005 -0.00815744  0.0309785 -0.0279534  0.0179972 -0.142542 -0.164019  -9.80659 
             166.901  17.9987  8.82944 -107.837  4.35995  8.25994 0.931468 0 0 0   -0.011 -0.02329  0.04412 -0.216717  0.619238 0.0689577  0.00143891  0.00129752 -0.00811662  0.0309493 -0.0282838  0.0179393 -0.142575 -0.164125  -9.80659 
             167.003 17.7473 10.1444 -109.25  4.33977  8.31846 0.944326 0 0 0   -0.011 -0.02329  0.04412 -0.239685   0.54539 0.0690864  0.0015106 0.00136186 -0.0081041  0.0314034 -0.0285726  0.0172413 -0.142552  -0.16419  -9.80659 
             167.099  17.7674  11.0238 -108.782  4.33162  8.36999 0.951467 0 0 0   -0.011 -0.02329  0.04412  -0.17191  0.520613 0.0678891  0.00160182  0.00139146 -0.00817123 0.0319819 -0.029898 0.0176091 -0.142387 -0.164664  -9.80658 
             167.203  18.3798  10.8533 -105.191 4.30827  8.4212 0.95412 0 0 0   -0.011 -0.02329  0.04412 -0.210917  0.527766 0.0197594  0.00159401  0.00137095 -0.00826816  0.0315596 -0.0293426  0.0176566 -0.142467 -0.164463  -9.80659 
               167.3   17.849  8.88234 -100.953  4.28414  8.47984 0.941738 0 0 0   -0.011 -0.02329  0.04412  -0.278321   0.498879 -0.0858469  0.00169241  0.00144442 -0.00836268  0.0315341 -0.0289657  0.0185746 -0.142239 -0.164363  -9.80659 
             167.411  16.6333  7.40356 -94.6747  4.26295  8.52128 0.930248 0 0 0   -0.011 -0.02329  0.04412 -0.288083  0.476638   -0.1103  0.00172781  0.00139823 -0.00840868  0.0315609 -0.0293192  0.0189781 -0.142154  -0.16448  -9.80659 
               167.5  15.4885  6.91478 -89.4151  4.22898  8.57337 0.919578 0 0 0   -0.011 -0.02329  0.04412     -0.262   0.547942 -0.0957683  0.00172051  0.00135202 -0.00840196  0.0313548 -0.0285652   0.018856 -0.142229 -0.164274  -9.80659 
             167.599   13.605   5.8728 -83.4076 4.19832 8.63105 0.90651 0 0 0   -0.011 -0.02329  0.04412 -0.309387  0.582312 -0.149795  0.0017678 0.00133309 -0.0084531  0.0312462 -0.0283808  0.0188918  -0.14225 -0.164238  -9.80659 
             167.703  11.9636  4.50861 -78.2922  4.16868  8.68068 0.892717 0 0 0   -0.011 -0.02329  0.04412 -0.344247  0.627478 -0.175426  0.00175585  0.00132863 -0.00841303   0.030474 -0.0287561  0.0186136 -0.142372 -0.164378  -9.80659 
             167.798  11.6207  3.24804 -73.1314  4.13733  8.75396 0.870973 0 0 0   -0.011 -0.02329  0.04412 -0.317085  0.733215 -0.195918  0.00169774  0.00133459 -0.00838052  0.0308541 -0.0289318  0.0190365 -0.142269 -0.164327  -9.80659 
             167.905  10.3367  1.88156 -68.4133  4.09733  8.83409 0.850216 0 0 0   -0.011 -0.02329  0.04412 -0.312784  0.785677 -0.189223  0.00173037  0.00133834 -0.00846289  0.0311792 -0.0282578  0.0190147 -0.142344 -0.164316  -9.80659 
             168.001  8.78998  1.73397 -65.1302  4.07189  8.90535 0.839829 0 0 0   -0.011 -0.02329  0.04412 -0.202112  0.689407 -0.140521  0.00173768  0.00130841 -0.00840385  0.0310778 -0.0285088  0.0183681  -0.14238 -0.164339  -9.80659 
             168.108  7.87631  2.21075 -62.1381  4.05664  8.97098 0.826567 0 0 0   -0.011 -0.02329  0.04412 -0.0960251   0.611172  -0.138293   0.0017003  0.00124963 -0.00841052  0.0311828 -0.0285345  0.0183073 -0.142403 -0.164336  -9.80659 
               168.2  6.01819  2.94925 -59.8347  4.05212  9.02803 0.812105 0 0 0   -0.011 -0.02329  0.04412 -0.0284299   0.579446  -0.159013   0.0017476  0.00121698 -0.00836966  0.0309194 -0.0285789  0.0182456 -0.142352  -0.16433  -9.80659 
             168.304  5.56265  2.04876 -57.9047  4.05613  9.08375 0.795199 0 0 0   -0.011 -0.02329  0.04412 0.0993956  0.558919 -0.168502  0.00170654  0.00129004 -0.00837448  0.0306474 -0.0285735  0.0182454 -0.142288 -0.164324  -9.80659 
               168.4   5.79829 -0.534685  -57.1931   4.0782  9.13717 0.781209 0 0 0   -0.011 -0.02329  0.04412  0.249516   0.56123 -0.135991  0.00165867  0.00137678 -0.00833027   0.030094 -0.0288374  0.0180975 -0.142167 -0.164239  -9.80659 
             168.499  4.81779 -2.67548 -57.4711   4.1088  9.18967 0.765312 0 0 0   -0.011 -0.02329  0.04412  0.349139  0.495519 -0.111563  0.00171698  0.00138543 -0.00828045  0.0298773 -0.0286879  0.0185085 -0.142093 -0.164246   -9.8066 
             168.604  4.52293 -3.69589 -59.2313  4.14711  9.23374 0.758532 0 0 0   -0.011 -0.02329  0.04412   0.392469   0.392151 -0.0473824  0.00170559  0.00134315 -0.00821133  0.0297246 -0.0286231  0.0183836 -0.142051 -0.164256   -9.8066 
               168.7  4.00292 -3.07221 -61.0551  4.17877  9.27158 0.753619 0 0 0   -0.011 -0.02329  0.04412  0.332517  0.307727 -0.037722 0.00172188 0.00123804 -0.0082088  0.0304962 -0.0284842  0.0183935  -0.14224 -0.164345  -9.80659 
             168.801  3.93021 -1.63937 -61.4051  4.21043  9.29847 0.752855 0 0 0   -0.011 -0.02329  0.04412   0.355557   0.233548 -0.0230918  0.00170207  0.00118122 -0.00825591  0.0306541 -0.0282602  0.0180245 -0.142283  -0.16441  -9.80659 
             168.902   3.87057 -0.290795  -63.7469  4.24816  9.31716 0.741447 0 0 0   -0.011 -0.02329  0.04412  0.398781  0.201232 -0.071595  0.00168405   0.0011853 -0.00817089  0.0305243 -0.0277987  0.0189574 -0.142191  -0.16453  -9.80659 
             169.004  3.60992  0.16029 -67.1991  4.28353  9.33215 0.736368 0 0 0   -0.011 -0.02329  0.04412  0.396721  0.119383 -0.103181  0.00167579  0.00125171 -0.00810125 0.0307113 -0.027476  0.018472 -0.142241 -0.164607  -9.80659 
             169.104  3.68695  1.11918 -70.6481   4.3287  9.34483 0.723965 0 0 0   -0.011 -0.02329  0.04412   0.39767 0.0852867 -0.147772  0.00164702  0.00122831 -0.00807775  0.0307031 -0.0281405  0.0184824 -0.142241 -0.164464  -9.80659 
               169.2  3.55319   3.2875 -74.7779  4.36546  9.35395 0.708716 0 0 0   -0.011 -0.02329  0.04412  0.371334 0.0886752 -0.169944  0.00165631  0.00118173 -0.00804167  0.0308898 -0.0280547  0.0183873 -0.142278 -0.164475  -9.80659 
             169.302 4.32285 4.06222 -80.157  4.40042  9.36296 0.688933 0 0 0   -0.011 -0.02329  0.04412   0.35721  0.122515 -0.183153  0.00154014  0.00129892 -0.00795302  0.0308258 -0.0277188   0.018652 -0.142285 -0.164521  -9.80659 
               169.4   4.7309  3.22534 -85.9835  4.43882  9.37633 0.670157 0 0 0   -0.011 -0.02329  0.04412  0.340745  0.129523 -0.200714   0.0015407  0.00141733 -0.00792825  0.0307795 -0.0281794  0.0186071 -0.142244 -0.164486  -9.80659 
               169.5  4.68506  1.50014 -91.9247  4.46641  9.39092 0.651296 0 0 0   -0.011 -0.02329  0.04412 0.274143 0.124148  -0.2356 0.00155658 0.00148713 -0.0079277  0.0311647 -0.0277622  0.0181637 -0.142298 -0.164475  -9.80659 
             169.601  3.87115 0.251128 -95.6726  4.49406  9.39698 0.628216 0 0 0   -0.011 -0.02329  0.04412  0.211781 0.0827633 -0.217162  0.00156021  0.00147722 -0.00804094  0.0306001 -0.0281652  0.0181464 -0.142297 -0.164558  -9.80659 
             169.702   2.56193 -0.281808  -98.5788  4.50593  9.40657 0.611515 0 0 0   -0.011 -0.02329  0.04412  0.126172 0.0929014 -0.162757 0.00159886 0.00143837  -0.008105  0.0306955 -0.0276623  0.0178482  -0.14234 -0.164488  -9.80659 
             169.805   1.44412 0.0341948  -101.131  4.51356  9.41685 0.596389 0 0 0   -0.011 -0.02329  0.04412 0.0533439  0.108534 -0.116642  0.00157211  0.00140274 -0.00811981 0.0306125 -0.027506 0.0180325 -0.142364 -0.164467  -9.80659 
             169.904   1.82994 -0.816286  -103.264  4.51739  9.42667 0.585135 0 0 0   -0.011 -0.02329  0.04412 -0.00241778    0.065044  -0.0933916  0.00146515  0.00148391 -0.00815211  0.0307578 -0.0276527  0.0181924  -0.14232 -0.164495  -9.80659 
             170.006   2.88411 -0.664448  -105.194  4.51255  9.43607 0.574486 0 0 0   -0.011 -0.02329  0.04412 -0.0139984  0.0769892  -0.105438  0.00142463  0.00140573 -0.00815081   0.030909 -0.0270394  0.0183043   -0.1423 -0.164339  -9.80659 
               170.1  3.91398 0.694048 -105.944   4.511 9.44564 0.57178 0 0 0   -0.011 -0.02329  0.04412 -0.0507271  0.0989157 -0.0584695  0.00144225  0.00135493 -0.00822851  0.0310297 -0.0271915  0.0174985 -0.142254 -0.164359  -9.80659 
             170.202  4.53321  1.31323 -106.482  4.50584  9.45739 0.566459 0 0 0   -0.011 -0.02329  0.04412   -0.02615    0.12709 -0.0514477  0.00146129  0.00139862 -0.00823276   0.030994 -0.0270162  0.0173999 -0.142265 -0.164306  -9.80659 
             170.306  4.59675 0.920917 -106.186  4.50785  9.46432 0.563455 0 0 0   -0.011 -0.02329  0.04412 -0.0341019   0.104911 -0.0325061  0.00148858  0.00148833 -0.00828416  0.0306687 -0.0277971  0.0172589 -0.142375 -0.164533  -9.80659 
             170.401   4.51856 -0.729793  -105.116  4.50802  9.47888 0.557563 0 0 0   -0.011 -0.02329  0.04412 -0.0096925   0.111359   0.020236  0.00149145  0.00149485 -0.00832809  0.0312416 -0.0277178  0.0178524 -0.142185 -0.164533  -9.80659 
             170.505  3.89893 -1.78903 -103.922  4.51695  9.49022 0.556224 0 0 0   -0.011 -0.02329  0.04412 -0.00400424    0.127206   0.0194568   0.0015487  0.00148186 -0.00833071  0.0317722 -0.0285903  0.0183362 -0.142023 -0.164821  -9.80659 
             170.602  3.91053 -3.05553 -102.786  4.50718  9.49638 0.559883 0 0 0   -0.011 -0.02329  0.04412 -0.020949  0.054388 0.0035527 0.00145364 0.00147397 -0.0083401  0.0309251 -0.0281147  0.0180513 -0.14228 -0.16466 -9.80659 
             170.701  3.39132  -3.2818 -101.233  4.49825  9.49526 0.559451 0 0 0   -0.011 -0.02329  0.04412 -0.0202453  0.0136642 -0.0282346  0.00146541  0.00135589 -0.00836416  0.0303505 -0.0277552  0.0178555  -0.14245 -0.164549  -9.80659 
             170.801   2.30173 -0.833966  -100.778  4.50281  9.49761 0.551785 0 0 0   -0.011 -0.02329  0.04412  0.0392808 -0.0354881 -0.0404172  0.00148664  0.00123619 -0.00828651   0.030765 -0.0278447  0.0184563 -0.142336 -0.164603  -9.80659 
             170.903  1.69593 -1.67956 -100.782  4.51011  9.48985 0.545546 0 0 0   -0.011 -0.02329  0.04412  0.0780307 -0.0892833 -0.0815153  0.00149735  0.00137965 -0.00827061  0.0307489 -0.0280545  0.0185039 -0.142335 -0.164661  -9.80658 
                 171 -0.121984 -0.668443  -101.039   4.5229  9.48151 0.543497 0 0 0   -0.011 -0.02329  0.04412  0.0874316 -0.0384067 -0.0400765  0.00154924  0.00131413 -0.00825268  0.0307405 -0.0282984  0.0177215 -0.142318 -0.164687  -9.80658 
              171.11  -3.32746 -0.680517  -101.908  4.53044  9.48253 0.539511 0 0 0   -0.011 -0.02329  0.04412  0.0612749   0.029103 0.00986723  0.0015862 0.00135174 -0.0082246  0.0310853 -0.0284074  0.0181342 -0.142236 -0.164717  -9.80659 
             171.205 -3.30353 -1.17234 -102.389  4.53859  9.48986 0.537229 0 0 0   -0.011 -0.02329  0.04412   0.103398  0.0525141 0.00780291  0.00141314  0.00138363 -0.00823553  0.0312995 -0.0282177  0.0184643 -0.142202 -0.164669  -9.80659 
             171.304 -3.03526  -2.1068 -101.858  4.54149  9.49446 0.542373 0 0 0   -0.011 -0.02329  0.04412   0.101252 -0.0244245 0.00128943  0.00141326   0.0014007 -0.00827651  0.0313321 -0.0275473  0.0180399  -0.14219 -0.164495  -9.80659 
               171.4 -0.723669  -2.17047  -101.907  4.55197  9.49001 0.540722 0 0 0   -0.011 -0.02329  0.04412  0.0814578  -0.070984 -0.0236051  0.00137235  0.00135971 -0.00827484  0.0314558 -0.0275296  0.0181186 -0.142164 -0.164488  -9.80659 
             171.501 0.653447 -1.02209 -100.907   4.5514  9.48273 0.544568 0 0 0   -0.011 -0.02329  0.04412  0.0307008 -0.0100218 -0.0314476 0.00141083 0.00129302 -0.0083407   0.030956 -0.0271263  0.0173524 -0.142254 -0.164388  -9.80659 
             171.599 -0.0457432  -0.689907    -101.44  4.55973  9.47856 0.536179 0 0 0   -0.011 -0.02329  0.04412  0.0393539  0.0128115 -0.0410169  0.00153067  0.00134259 -0.00825999  0.0305328 -0.0277378  0.0177375 -0.142367  -0.16456  -9.80659 
             171.701 -2.25474 -3.27934 -102.199   4.5618  9.48237 0.537737 0 0 0   -0.011 -0.02329  0.04412  0.0517196  0.0235598 -0.0138602  0.00158282     0.00146 -0.00825062  0.0307532 -0.0276323   0.017617 -0.142308 -0.164525  -9.80659 
             171.801 -1.84261 -3.51473 -102.575  4.55865  9.48354 0.537895 0 0 0   -0.011 -0.02329  0.04412  0.00346015   0.0295378 -0.00311106 0.00147183  0.0013607 -0.0082617  0.0304714 -0.0271107   0.017603 -0.142397 -0.164401  -9.80659 
             171.899 -2.07696 -3.86693 -102.545  4.56517  9.48511 0.531998 0 0 0   -0.011 -0.02329  0.04412  0.0142477  0.0486724 -0.0236186  0.00148176  0.00138316 -0.00828127  0.0304026 -0.0278735  0.0182376 -0.142429 -0.164613  -9.80658 
             172.001 -2.11627 -4.93852  -102.27  4.5622  9.4887 0.53279 0 0 0   -0.011 -0.02329  0.04412  -0.0171068   0.0051621 -0.00667493  0.00147588  0.00139988 -0.00830309 0.0303025 -0.027574 0.0179168 -0.142442 -0.164528  -9.80659 
             172.106 -2.08413 -5.49022 -101.701  4.55835  9.48843 0.530525 0 0 0   -0.011 -0.02329  0.04412 -0.0145401 0.00767809 -0.0089741  0.00146772  0.00138309 -0.00830969  0.0301317 -0.0273408  0.0181398  -0.14251 -0.164481  -9.80659 
             172.203 -2.04416 -5.45435 -101.569   4.5628  9.49352 0.529181 0 0 0   -0.011 -0.02329  0.04412  0.0126916  0.0108479 -0.0172484   0.0014691  0.00137329 -0.00830241  0.0307238 -0.0276292  0.0180643 -0.142342  -0.16454  -9.80659 
             172.302 -2.06605 -5.76905 -102.003  4.56546  9.49075 0.525618 0 0 0   -0.011 -0.02329  0.04412   0.0185983 -0.00574211   -0.024945  0.00149498  0.00139386 -0.00826386  0.0305508 -0.0278436  0.0182416 -0.142395 -0.164607  -9.80658 
             172.405 -2.12128 -5.59653 -102.082  4.56915  9.49302 0.528721 0 0 0   -0.011 -0.02329  0.04412   0.0116332   0.0220944 -0.00736059  0.00148929  0.00137216 -0.00828195  0.0306516 -0.0279578  0.0176581 -0.142316 -0.164598  -9.80659 
